landscape,ignitionPoint,ignitionIndex,burnedOutCells
0,0,21360,1
0,1,25948,53
0,2,28029,1
0,3,36447,1092
0,4,3515,1
0,5,1053,1
0,6,14491,5
0,7,29761,10
0,8,18719,302
0,9,12854,1
0,10,21077,2
0,11,32677,5
0,12,27473,2
0,13,4262,116
0,14,11095,8
0,15,28844,9
0,16,30084,12
0,17,7875,6
0,18,37241,1118
0,19,27320,176
0,20,19143,4
0,21,24888,12
0,22,4524,8
0,23,21947,1
0,24,24652,2
0,25,31260,9
0,26,23503,960
0,27,17882,1061
0,28,34692,81
0,29,10223,12
0,30,19745,1
0,31,5245,16
0,32,32037,2
0,33,22387,11
0,34,11602,79
0,35,15862,0
0,36,18125,1414
0,37,15653,1
0,38,37938,30
0,39,2635,1
0,40,960,2
0,41,12375,2937
0,42,4555,7
0,43,5730,0
0,44,21198,11
0,45,3691,5
0,46,32074,3
0,47,19336,30
0,48,12112,26
0,49,22062,2
0,50,23319,29
0,51,30877,21
0,52,38416,1115
0,53,29646,9
0,54,27207,24
0,55,11616,41
0,56,33608,1
0,57,39737,43
0,58,15143,196
0,59,9747,2
0,60,32387,2
0,61,788,20
0,62,10105,1
0,63,5258,36
0,64,37408,3
0,65,26517,3
0,66,3451,8
0,67,21718,644
0,68,34358,32
0,69,21118,1003
0,70,32738,6
0,71,8072,0
0,72,21457,1
0,73,18551,4
0,74,26726,1
0,75,12580,4162
0,76,22297,306
0,77,38662,1273
0,78,14135,75
0,79,5220,940
0,80,21267,7
0,81,33773,1
0,82,15117,894
0,83,21669,2
0,84,27905,1
0,85,37152,39
0,86,13789,2125
0,87,243,551
0,88,28901,4
0,89,6241,186
0,90,37223,1301
0,91,22380,26
0,92,13668,5
0,93,3514,12
0,94,7916,1
0,95,723,3
0,96,21957,33
0,97,11222,46
0,98,4605,1478
0,99,32371,1
11,0,34738,1
11,1,14668,1
11,2,1111,4034
11,3,17155,1
11,4,39633,1
11,5,25307,1
11,6,7740,1
11,7,36733,1
11,8,36593,1
11,9,35107,5189
11,10,36814,1
11,11,36894,5600
11,12,2787,0
11,13,24209,1
11,14,32362,1
11,15,26518,1
11,16,14994,1
11,17,9691,3496
11,18,36728,1
11,19,34106,1
11,20,39125,1
11,21,38405,1
11,22,34381,1
11,23,9308,3014
11,24,27157,41
11,25,8448,1
11,26,25121,1
11,27,11894,10
11,28,24854,1
11,29,6829,1
11,30,37608,1
11,31,8511,1
11,32,38436,1
11,33,38015,68
11,34,20879,1
11,35,1568,1
11,36,10074,1
11,37,7229,1
11,38,33492,5960
11,39,4032,1
11,40,7442,1
11,41,26023,1
11,42,19714,1
11,43,12667,1
11,44,31396,1
11,45,22000,237
11,46,20744,1
11,47,7794,1
11,48,28829,1
11,49,34538,1
11,50,18485,1
11,51,14716,1
11,52,15230,1
11,53,15104,1
11,54,1811,1
11,55,25019,1
11,56,20909,1
11,57,38236,1
11,58,8669,1
11,59,13705,3854
11,60,18173,1
11,61,31977,1
11,62,22365,1
11,63,27472,7264
11,64,5973,1
11,65,20274,1
11,66,4646,1
11,67,27641,5940
11,68,30207,1
11,69,23337,1
11,70,9643,1
11,71,10172,1
11,72,17679,1
11,73,10692,15
11,74,29947,1
11,75,37718,1
11,76,16558,1
11,77,22850,1
11,78,8794,1
11,79,18201,1
11,80,17154,1
11,81,29004,1
11,82,11581,1
11,83,22941,1
11,84,36667,1
11,85,28278,1
11,86,25569,1
11,87,11412,1
11,88,12605,1
11,89,11876,1
11,90,2632,1
11,91,21755,1
11,92,24613,1
11,93,38666,1
11,94,33873,6434
11,95,20141,1
11,96,20666,1
11,97,33227,6713
11,98,21363,1
11,99,13266,1
10,0,27113,3
10,1,32380,16
10,2,27293,1
10,3,3290,11164
10,4,15246,39
10,5,11456,2
10,6,37797,4
10,7,39888,293
10,8,18981,10570
10,9,26214,20
10,10,1323,9559
10,11,31099,125
10,12,13591,10372
10,13,17208,146
10,14,17895,9951
10,15,30480,618
10,16,39486,21
10,17,9953,19
10,18,25373,10674
10,19,9238,4
10,20,12893,10532
10,21,26609,1
10,22,29595,54
10,23,8508,10614
10,24,9135,11798
10,25,12749,10020
10,26,26974,3
10,27,13270,161
10,28,22108,45
10,29,5750,11142
10,30,24148,24
10,31,30902,56
10,32,1672,131
10,33,25396,2
10,34,21117,10443
10,35,13475,293
10,36,5510,10644
10,37,15710,10602
10,38,13355,10995
10,39,3833,4
10,40,15339,10254
10,41,1737,172
10,42,10792,29
10,43,34012,1
10,44,17468,25
10,45,25099,64
10,46,28598,64
10,47,13594,10575
10,48,26441,280
10,49,19243,3
10,50,6705,3
10,51,23261,558
10,52,29971,14
10,53,30695,380
10,54,6481,8
10,55,1289,17
10,56,24808,66
10,57,23392,10858
10,58,15308,9705
10,59,24568,11102
10,60,26960,11191
10,61,16614,2
10,62,13336,11034
10,63,399,17
10,64,15136,10927
10,65,28444,29
10,66,10190,150
10,67,14845,11
10,68,14699,10188
10,69,33928,1
10,70,28522,7
10,71,36880,28
10,72,30168,21
10,73,4537,2
10,74,7151,9894
10,75,32563,21
10,76,11663,76
10,77,29781,3
10,78,2279,10202
10,79,23624,11
10,80,30733,32
10,81,20862,413
10,82,4808,27
10,83,39902,643
10,84,88,11135
10,85,11361,9848
10,86,12979,11072
10,87,26959,105
10,88,36748,23
10,89,17307,9861
10,90,25237,5
10,91,19257,158
10,92,5907,9981
10,93,35207,3
10,94,18736,2
10,95,22039,331
10,96,25523,2
10,97,23848,137
10,98,20532,10200
10,99,25339,196
9,0,9989,7
9,1,15596,10
9,2,28748,0
9,3,8535,3
9,4,4759,4
9,5,16657,0
9,6,31273,89
9,7,26776,7
9,8,39113,4
9,9,12893,1
9,10,31446,1934
9,11,8486,4
9,12,24826,94
9,13,1858,2276
9,14,21295,0
9,15,11298,0
9,16,6011,2190
9,17,9168,188
9,18,19439,3
9,19,3844,1380
9,20,11591,2
9,21,25646,7
9,22,306,8
9,23,3612,2247
9,24,23201,65
9,25,3494,5
9,26,25062,8
9,27,12788,19
9,28,33993,5
9,29,5337,2
9,30,24526,3
9,31,3730,39
9,32,24666,5
9,33,23252,3
9,34,24050,5
9,35,14106,1
9,36,19203,2
9,37,33915,1
9,38,37415,3
9,39,4431,2268
9,40,24352,57
9,41,38242,1918
9,42,33910,2
9,43,6330,110
9,44,15604,2
9,45,19451,1
9,46,8684,5
9,47,32547,4
9,48,33605,5
9,49,17833,2
9,50,38398,27
9,51,37628,2168
9,52,25748,23
9,53,31219,26
9,54,36118,1
9,55,36126,0
9,56,16760,108
9,57,31572,0
9,58,31742,3
9,59,31978,1
9,60,4246,2251
9,61,22703,8
9,62,36776,21
9,63,37970,6
9,64,23999,1
9,65,7583,169
9,66,33559,2
9,67,13232,1
9,68,24870,4
9,69,38509,2
9,70,8238,60
9,71,33108,1
9,72,32700,0
9,73,19355,36
9,74,35539,2
9,75,4379,74
9,76,26346,1
9,77,8989,101
9,78,18176,57
9,79,11002,17
9,80,33642,2269
9,81,12583,11
9,82,21478,2
9,83,29018,104
9,84,26179,2
9,85,18465,2
9,86,14398,7
9,87,23966,3
9,88,671,2279
9,89,1016,2140
9,90,37421,30
9,91,34048,2168
9,92,18378,2
9,93,9230,2383
9,94,24146,2
9,95,12697,1
9,96,10953,2
9,97,11985,66
9,98,26672,13
9,99,25471,1
7,0,4236,1
7,1,9164,5
7,2,29485,1
7,3,38044,1
7,4,29380,4116
7,5,6254,2
7,6,7968,1
7,7,16649,1
7,8,38850,35
7,9,39534,2482
7,10,11200,1
7,11,13712,6851
7,12,38708,4390
7,13,28911,1
7,14,14495,1
7,15,9662,1
7,16,32961,4181
7,17,10738,1
7,18,31307,1
7,19,18279,1
7,20,17842,25
7,21,23924,1
7,22,18883,1
7,23,17051,1
7,24,38718,5165
7,25,22004,4508
7,26,25239,1
7,27,17400,5506
7,28,6576,7
7,29,9811,6717
7,30,20123,6759
7,31,18073,0
7,32,18679,1
7,33,23891,1
7,34,14535,3
7,35,16492,1
7,36,31818,1
7,37,37506,4675
7,38,25646,1
7,39,3234,5458
7,40,6325,79
7,41,8880,1
7,42,27673,1
7,43,18047,96
7,44,19333,2
7,45,34395,75
7,46,8512,330
7,47,38289,568
7,48,19276,1
7,49,20652,132
7,50,15012,6795
7,51,5245,3927
7,52,34194,4866
7,53,30170,2576
7,54,16844,67
7,55,6452,39
7,56,29208,4343
7,57,11565,7054
7,58,35226,1
7,59,17157,874
7,60,9674,6973
7,61,10525,9899
7,62,29896,1
7,63,2829,16
7,64,6272,1
7,65,9305,2
7,66,26820,3457
7,67,20105,1
7,68,4529,3893
7,69,29347,4506
7,70,12454,1
7,71,652,211
7,72,27637,6
7,73,29720,1
7,74,15114,1
7,75,24396,16
7,76,36980,5
7,77,14221,6126
7,78,30031,1
7,79,32598,1850
7,80,24176,44
7,81,25494,1
7,82,31787,2222
7,83,10786,6109
7,84,13997,4457
7,85,4256,7386
7,86,15208,4977
7,87,33601,845
7,88,32825,1
7,89,33598,1
7,90,9406,5102
7,91,818,33
7,92,29787,2405
7,93,17537,539
7,94,13326,2
7,95,31381,3845
7,96,3740,3493
7,97,39359,1
7,98,10745,1
7,99,28855,1
4,0,11862,0
4,1,31452,13
4,2,3303,3
4,3,15558,267
4,4,13767,13
4,5,20105,1
4,6,17911,9
4,7,9846,1
4,8,16462,1
4,9,8427,8
4,10,6692,0
4,11,19508,4
4,12,31552,76
4,13,39560,1312
4,14,28962,1
4,15,2052,11
4,16,8469,1
4,17,10476,6
4,18,2662,3
4,19,3148,2650
4,20,4075,1
4,21,39369,480
4,22,20022,0
4,23,14203,10
4,24,16739,444
4,25,17703,11
4,26,27033,6
4,27,16023,1
4,28,12969,208
4,29,7241,2
4,30,33582,32
4,31,35683,14
4,32,11794,4
4,33,36510,124
4,34,17945,666
4,35,937,1
4,36,36382,888
4,37,29025,3
4,38,5784,2284
4,39,3433,9
4,40,38428,2
4,41,33166,14
4,42,36595,4
4,43,36702,30
4,44,33261,1
4,45,31296,4
4,46,4306,1
4,47,28841,10
4,48,21664,1
4,49,35948,1381
4,50,23144,7
4,51,349,2546
4,52,19453,1
4,53,14580,3
4,54,12173,49
4,55,30182,11
4,56,28958,80
4,57,26409,14
4,58,28586,33
4,59,6294,1
4,60,886,1
4,61,25888,3
4,62,38926,1
4,63,29902,242
4,64,37109,19
4,65,1135,3293
4,66,21277,5
4,67,32901,62
4,68,20036,1
4,69,15109,1
4,70,29927,3
4,71,13944,6
4,72,15147,14
4,73,35875,4
4,74,1559,2285
4,75,25902,6
4,76,1875,7
4,77,7291,1
4,78,32898,56
4,79,30823,1
4,80,14245,1
4,81,37283,1
4,82,34911,2
4,83,33824,3
4,84,10576,701
4,85,21174,13
4,86,27798,1
4,87,18054,0
4,88,8682,1
4,89,28167,1
4,90,26801,273
4,91,6965,26
4,92,8494,9
4,93,24643,2
4,94,28463,27
4,95,29483,12
4,96,38884,1
4,97,5090,1
4,98,15223,1
4,99,16782,1
8,0,2364,1
8,1,36956,1981
8,2,14930,1
8,3,31021,1
8,4,20372,0
8,5,39158,1753
8,6,21331,1
8,7,29931,1
8,8,17853,1
8,9,4000,1
8,10,35954,1
8,11,2690,1
8,12,31982,1
8,13,34857,5366
8,14,6828,1
8,15,18908,1
8,16,30502,68
8,17,9429,1
8,18,8083,1
8,19,18975,1
8,20,25358,1
8,21,10201,1
8,22,39168,1
8,23,6460,1
8,24,5179,1
8,25,4147,86
8,26,26915,1
8,27,14165,1
8,28,27599,1
8,29,4259,1
8,30,11067,1
8,31,26121,1
8,32,31551,1
8,33,10633,15
8,34,24288,16
8,35,26013,1
8,36,14639,1
8,37,2396,1
8,38,17278,1
8,39,4232,1
8,40,35897,1
8,41,13956,1
8,42,24988,1
8,43,31323,1
8,44,5324,493
8,45,22550,1
8,46,12890,1
8,47,38347,1
8,48,31217,1
8,49,6186,1
8,50,26618,1
8,51,6172,1
8,52,489,1
8,53,3161,1
8,54,37140,1754
8,55,12396,1
8,56,20659,1
8,57,16728,1
8,58,38381,1
8,59,2842,1
8,60,9386,1
8,61,7340,1
8,62,27747,1
8,63,10897,1
8,64,33162,1
8,65,12105,1
8,66,39103,1
8,67,436,1
8,68,5715,1
8,69,12747,1
8,70,27117,1
8,71,19816,1
8,72,5190,1
8,73,13200,1
8,74,12743,1
8,75,2872,1
8,76,21452,1
8,77,15920,1
8,78,15309,1
8,79,16425,1
8,80,7222,1
8,81,794,1
8,82,18353,1
8,83,5980,1
8,84,33247,5003
8,85,5196,1
8,86,38159,2472
8,87,39513,1
8,88,24814,1
8,89,6446,1
8,90,20026,1
8,91,27901,1
8,92,3320,750
8,93,2124,821
8,94,9010,1
8,95,18243,1
8,96,15810,2
8,97,2606,1
8,98,25841,4123
8,99,37544,2235
5,0,19487,1
5,1,10092,1
5,2,13474,1
5,3,29424,1
5,4,34506,1
5,5,37605,1
5,6,27854,1
5,7,6691,1
5,8,37722,1
5,9,17321,1
5,10,5831,1
5,11,25303,1
5,12,20747,1
5,13,6560,1
5,14,3428,1
5,15,38090,52
5,16,23978,1
5,17,10215,1
5,18,14017,1
5,19,28017,1
5,20,30308,1
5,21,11165,1
5,22,24808,1
5,23,11356,1
5,24,34761,1
5,25,13402,1
5,26,25180,1
5,27,14647,1
5,28,15715,1
5,29,8320,1
5,30,10689,1
5,31,13292,1
5,32,8557,1
5,33,9129,1
5,34,17707,1
5,35,29030,1
5,36,946,1
5,37,20543,1
5,38,29569,1
5,39,3633,1
5,40,26884,1
5,41,17451,1
5,42,1870,1
5,43,15357,1
5,44,3541,1
5,45,28198,1
5,46,36452,1
5,47,23042,1
5,48,24053,1
5,49,7595,1
5,50,34925,1
5,51,31805,1
5,52,4712,1
5,53,2637,1
5,54,7503,1
5,55,13912,3
5,56,25059,1
5,57,4900,1
5,58,21947,1
5,59,35431,1
5,60,32099,1
5,61,1251,1
5,62,4307,1
5,63,13326,1
5,64,24298,1
5,65,32965,1
5,66,15733,1
5,67,5697,1
5,68,35544,1
5,69,4518,1
5,70,11049,1
5,71,27236,1
5,72,2658,1
5,73,2030,1
5,74,24355,1
5,75,31057,1
5,76,6769,1
5,77,360,687
5,78,39413,1
5,79,25399,1
5,80,665,1
5,81,9073,1
5,82,1684,1
5,83,16863,1
5,84,7156,1
5,85,38091,1
5,86,388,1
5,87,2506,1
5,88,20891,1
5,89,22737,1
5,90,7843,1
5,91,13111,1
5,92,27200,1
5,93,28101,1
5,94,3600,1
5,95,27585,1
5,96,34027,1
5,97,14469,1
5,98,16054,1
5,99,1060,1
3,0,13734,72
3,1,3660,14
3,2,14210,25
3,3,22581,11592
3,4,19128,7883
3,5,27202,10822
3,6,4549,4
3,7,36564,273
3,8,37459,4
3,9,3961,10
3,10,25585,10893
3,11,26882,10825
3,12,38277,6
3,13,33614,264
3,14,32981,9511
3,15,32806,1
3,16,14576,13
3,17,8137,2
3,18,25886,7618
3,19,6099,24
3,20,32911,26
3,21,13092,18
3,22,3385,8
3,23,24795,62
3,24,10278,14
3,25,31913,41
3,26,25357,11063
3,27,19259,33
3,28,31946,5
3,29,12793,72
3,30,2638,15
3,31,27635,11322
3,32,38922,4
3,33,9768,9
3,34,8192,2
3,35,31417,1151
3,36,13561,271
3,37,24134,1
3,38,14153,26
3,39,38787,2
3,40,8857,40
3,41,28089,1
3,42,35632,12
3,43,27074,8863
3,44,7270,3
3,45,3142,98
3,46,39928,1
3,47,25135,11609
3,48,9724,42
3,49,10414,117
3,50,11539,2
3,51,39421,2
3,52,13157,827
3,53,1589,3
3,54,28229,1354
3,55,24238,10091
3,56,37507,14
3,57,21246,178
3,58,25430,1451
3,59,20610,2
3,60,37526,4
3,61,25425,123
3,62,1075,8
3,63,18186,2
3,64,6571,7
3,65,34687,6
3,66,8995,2
3,67,8922,2
3,68,18850,1
3,69,31709,44
3,70,15265,10
3,71,34780,1
3,72,33946,20
3,73,12395,1
3,74,3930,22
3,75,7426,21
3,76,17403,3
3,77,5593,3
3,78,7620,119
3,79,6995,5
3,80,31199,10116
3,81,21983,10356
3,82,8344,20
3,83,38631,5
3,84,31326,10
3,85,23882,11068
3,86,1198,34
3,87,15790,4
3,88,16692,255
3,89,11671,50
3,90,16180,24
3,91,19882,10294
3,92,38609,6
3,93,56,0
3,94,32779,11993
3,95,6269,1
3,96,26814,39
3,97,1843,0
3,98,127,2
3,99,4444,2
6,0,36611,18
6,1,26876,5815
6,2,15666,3215
6,3,24178,35
6,4,8641,8070
6,5,32403,66
6,6,34377,8
6,7,19804,24
6,8,17590,7
6,9,30641,4
6,10,15708,2
6,11,4268,14
6,12,9512,36
6,13,21911,56
6,14,29,46
6,15,13624,4999
6,16,17453,1
6,17,11000,3658
6,18,19951,7
6,19,37058,2426
6,20,31609,9
6,21,12128,18
6,22,14097,4
6,23,19899,6
6,24,20696,49
6,25,22658,8236
6,26,27092,63
6,27,18777,6
6,28,3831,9381
6,29,8732,5
6,30,6664,88
6,31,464,485
6,32,21916,3
6,33,11273,3308
6,34,14773,2
6,35,28399,33
6,36,27254,6168
6,37,2339,1
6,38,1861,6272
6,39,3034,3
6,40,17870,3
6,41,20946,15
6,42,18751,1
6,43,39392,6
6,44,5405,4989
6,45,37494,52
6,46,16366,1
6,47,4088,5036
6,48,16888,108
6,49,9005,2350
6,50,3232,2893
6,51,13789,8
6,52,8935,3
6,53,2113,27
6,54,17866,325
6,55,19075,169
6,56,29459,3932
6,57,33073,4214
6,58,1865,29
6,59,28020,41
6,60,14813,5
6,61,31514,4
6,62,24515,2
6,63,15756,27
6,64,15435,4558
6,65,13826,3605
6,66,32364,23
6,67,7309,2
6,68,29021,9
6,69,39937,6
6,70,31333,6
6,71,31008,38
6,72,126,2
6,73,27213,19
6,74,32318,15
6,75,19241,2
6,76,32086,164
6,77,21152,6
6,78,23516,5
6,79,38021,5
6,80,37756,7
6,81,13704,7
6,82,25014,70
6,83,27747,12
6,84,17417,6272
6,85,30987,4
6,86,2617,119
6,87,9148,1
6,88,20616,2
6,89,35380,3
6,90,32012,43
6,91,34672,259
6,92,11081,28
6,93,14078,413
6,94,38189,22
6,95,36927,16
6,96,8596,1194
6,97,29980,3
6,98,9914,32
6,99,4576,1367
12,0,32866,1
12,1,38812,1
12,2,26556,1
12,3,10133,1
12,4,30624,1
12,5,18211,1
12,6,24750,1
12,7,10015,1
12,8,15596,1
12,9,3221,1
12,10,21568,1
12,11,25872,1
12,12,36061,1
12,13,26507,1
12,14,24695,1
12,15,35764,1
12,16,12536,1
12,17,12031,1
12,18,13505,1
12,19,34803,0
12,20,10290,1
12,21,24682,1
12,22,14666,1
12,23,38717,105
12,24,37266,1
12,25,34238,1
12,26,26797,1
12,27,8658,1
12,28,5877,1
12,29,1277,1
12,30,28551,1
12,31,16558,1
12,32,11307,1
12,33,24756,1
12,34,26984,1
12,35,14736,1
12,36,32895,2
12,37,12120,1
12,38,25123,1
12,39,8678,1
12,40,33365,1
12,41,34747,1
12,42,17029,1
12,43,22295,1
12,44,17387,1
12,45,10155,1
12,46,25122,1
12,47,7852,1
12,48,4418,1
12,49,16424,1
12,50,30091,1
12,51,15644,1
12,52,25174,1
12,53,31743,1
12,54,25755,1
12,55,30962,1
12,56,12360,1
12,57,3399,1
12,58,11825,1
12,59,35741,1
12,60,21533,1
12,61,32439,1
12,62,16568,1
12,63,35540,1
12,64,32863,1
12,65,26723,1
12,66,16929,1
12,67,11620,1
12,68,31393,1
12,69,6737,1
12,70,24306,1
12,71,25687,1
12,72,38880,1
12,73,34172,1
12,74,23928,1
12,75,16195,1
12,76,37381,1
12,77,24548,1
12,78,34072,1
12,79,2028,1
12,80,200,1
12,81,4304,1
12,82,38148,1
12,83,18135,1
12,84,15918,1
12,85,25570,1
12,86,12169,1
12,87,17324,1
12,88,4594,1
12,89,24725,1
12,90,13252,1
12,91,12486,1
12,92,34498,1
12,93,23253,1
12,94,29556,1
12,95,3355,1
12,96,32736,1
12,97,122,3
12,98,36459,1
12,99,21955,1
2,0,6108,6863
2,1,21372,102
2,2,4040,3
2,3,5067,19
2,4,38389,1
2,5,13350,6061
2,6,34606,1
2,7,39719,14
2,8,19847,1
2,9,35068,20
2,10,30094,6
2,11,21086,6
2,12,5434,1
2,13,26614,1
2,14,18514,6065
2,15,416,1
2,16,39067,6
2,17,8399,1
2,18,14530,5885
2,19,21231,1
2,20,6678,6652
2,21,37647,3
2,22,38599,1
2,23,27642,22
2,24,32256,13
2,25,36214,1
2,26,23562,21
2,27,20635,1
2,28,25553,1463
2,29,15362,10123
2,30,29179,3
2,31,10026,1
2,32,5807,4
2,33,37150,1217
2,34,8430,3
2,35,3324,6109
2,36,8997,3
2,37,32615,1
2,38,30367,14
2,39,38588,1
2,40,20402,1
2,41,155,46
2,42,30358,4011
2,43,8419,4
2,44,33342,16
2,45,6240,2
2,46,4134,6381
2,47,34583,9
2,48,7336,7271
2,49,38767,40
2,50,39759,3725
2,51,7966,9
2,52,27898,9636
2,53,13531,6540
2,54,32899,2843
2,55,509,5035
2,56,37758,3385
2,57,6402,5
2,58,32070,8
2,59,31473,3
2,60,6314,1
2,61,10062,115
2,62,35694,2867
2,63,31113,25
2,64,15734,1
2,65,2856,73
2,66,14538,71
2,67,36126,1611
2,68,39694,18
2,69,5947,1
2,70,37791,19
2,71,25136,227
2,72,6435,7
2,73,9888,7416
2,74,21133,6435
2,75,2271,3
2,76,12508,1
2,77,12523,6486
2,78,1105,6725
2,79,12419,1
2,80,1131,6742
2,81,10193,1
2,82,1572,1
2,83,15592,11
2,84,34746,2461
2,85,6965,19
2,86,28608,22
2,87,31337,2382
2,88,835,5
2,89,17102,3
2,90,38786,6
2,91,13735,6032
2,92,19903,27
2,93,32949,258
2,94,17643,1
2,95,8167,10
2,96,31670,10
2,97,32464,30
2,98,39296,3
2,99,20166,17
1,0,28985,6
1,1,4588,13
1,2,1847,2
1,3,10313,5
1,4,24254,32
1,5,14904,1
1,6,24434,27
1,7,26606,1
1,8,39978,250
1,9,21748,10
1,10,16569,6
1,11,38473,10
1,12,20317,1
1,13,11263,3
1,14,25562,293
1,15,21234,2
1,16,5592,29
1,17,11262,1
1,18,8596,1
1,19,12189,16
1,20,5376,7
1,21,332,22
1,22,9310,4
1,23,19099,4
1,24,2674,19
1,25,26959,1
1,26,25298,50
1,27,20153,2
1,28,37437,6
1,29,11302,1
1,30,33205,23
1,31,22854,1
1,32,28800,2
1,33,35006,70
1,34,11363,1
1,35,3955,1
1,36,22689,3
1,37,10820,76
1,38,18075,5
1,39,2834,63
1,40,29415,3
1,41,36660,1
1,42,13477,2
1,43,20737,4
1,44,31477,3648
1,45,592,32
1,46,24220,1
1,47,9888,1
1,48,14500,3
1,49,37357,258
1,50,31452,2
1,51,22333,1
1,52,23676,30
1,53,14055,3
1,54,22536,57
1,55,35345,3674
1,56,33358,1
1,57,18229,1
1,58,8504,17
1,59,38884,2
1,60,23600,8
1,61,16151,1
1,62,15486,1
1,63,28683,8
1,64,24598,31
1,65,21996,12
1,66,37908,3393
1,67,34514,3607
1,68,9865,1
1,69,10528,1
1,70,13859,1
1,71,17716,0
1,72,12615,4
1,73,21058,8
1,74,9522,1
1,75,14087,0
1,76,27192,47
1,77,31731,3328
1,78,17001,7
1,79,39797,33
1,80,7688,1
1,81,5562,1
1,82,18241,43
1,83,4708,4
1,84,24485,3
1,85,14069,2
1,86,26379,1
1,87,24695,19
1,88,4759,18
1,89,810,30
1,90,14617,4
1,91,28526,3149
1,92,32374,16
1,93,10620,1
1,94,23053,84
1,95,38825,5
1,96,17101,0
1,97,20601,2
1,98,5436,2
1,99,16650,12
13,0,492,1
13,1,21100,210
13,2,375,1
13,3,23998,1
13,4,11363,150
13,5,35710,760
13,6,34693,3154
13,7,3213,1
13,8,36856,1
13,9,12114,1
13,10,17060,1
13,11,35316,2603
13,12,28905,2838
13,13,37155,9
13,14,39162,49
13,15,28154,862
13,16,28044,57
13,17,11769,37
13,18,24860,38
13,19,16024,952
13,20,36523,3653
13,21,36478,1
13,22,19452,1
13,23,35869,17
13,24,11640,1
13,25,29937,1
13,26,24944,1
13,27,7282,2786
13,28,12270,1
13,29,2355,1
13,30,2011,1
13,31,34168,63
13,32,4423,1
13,33,37375,1
13,34,30394,3
13,35,39181,0
13,36,1108,1799
13,37,7287,30
13,38,8909,235
13,39,8878,2072
13,40,21820,1
13,41,19033,1
13,42,25951,1
13,43,950,1
13,44,27667,1
13,45,7056,1
13,46,17268,1
13,47,2053,83
13,48,6806,11
13,49,28071,2
13,50,1871,1
13,51,7100,2116
13,52,10433,642
13,53,16152,1
13,54,21085,1
13,55,14692,17
13,56,12109,68
13,57,21891,6
13,58,5185,1
13,59,24878,1099
13,60,12745,24
13,61,7802,8
13,62,25597,88
13,63,22613,1
13,64,23700,277
13,65,18553,1
13,66,11385,1
13,67,20768,1
13,68,10549,1
13,69,32499,1
13,70,5428,1
13,71,38979,1
13,72,26391,9
13,73,36679,5
13,74,6724,2893
13,75,21349,1
13,76,2276,2391
13,77,17618,1
13,78,587,1
13,79,36605,1
13,80,30268,1
13,81,16094,52
13,82,4920,85
13,83,1173,1
13,84,8850,56
13,85,2487,1
13,86,24759,3
13,87,1777,1
13,88,16803,1
13,89,19294,445
13,90,30647,1
13,91,18633,60
13,92,13204,1
13,93,30359,1
13,94,4693,2921
13,95,1457,1
13,96,27880,22
13,97,9501,4
13,98,37290,4
13,99,6233,123
16,0,19351,11
16,1,3932,132
16,2,17875,10423
16,3,3650,1
16,4,6153,1
16,5,4842,1
16,6,813,1
16,7,33070,9095
16,8,20450,802
16,9,26915,895
16,10,34971,965
16,11,16300,1
16,12,14806,2
16,13,26721,1
16,14,15981,1
16,15,5068,11
16,16,25599,9
16,17,8415,2
16,18,11908,1
16,19,7659,1
16,20,6714,3
16,21,14261,3
16,22,22532,5
16,23,16568,1
16,24,27246,8858
16,25,38190,1
16,26,23976,56
16,27,32612,1
16,28,5229,1
16,29,25799,15
16,30,29807,8334
16,31,3494,4
16,32,36658,8771
16,33,9543,1
16,34,26228,103
16,35,35560,1395
16,36,25098,3
16,37,9461,1
16,38,39259,1
16,39,32145,173
16,40,7440,15
16,41,9211,1
16,42,39,2
16,43,34543,22
16,44,12945,1
16,45,2325,1
16,46,23145,9
16,47,17665,51
16,48,10254,4
16,49,21110,3
16,50,13075,2
16,51,287,1
16,52,30623,7662
16,53,38967,1016
16,54,43,1
16,55,10055,10
16,56,23156,4
16,57,5756,5
16,58,8667,2
16,59,30853,7354
16,60,31095,7861
16,61,27686,8559
16,62,11173,1
16,63,30334,267
16,64,2253,63
16,65,15342,1
16,66,15795,1
16,67,24281,7545
16,68,7996,1
16,69,5156,1
16,70,7628,1
16,71,20937,1
16,72,17638,1
16,73,25605,13
16,74,18339,1
16,75,31995,1131
16,76,27636,7011
16,77,4146,3
16,78,8138,1
16,79,19161,1
16,80,5710,1
16,81,16083,1
16,82,8644,616
16,83,13049,6
16,84,17222,1
16,85,28359,2
16,86,5047,1
16,87,8998,11
16,88,37076,7860
16,89,9478,1
16,90,24320,13
16,91,14985,22
16,92,1660,1
16,93,2646,1
16,94,2081,1
16,95,12979,1
16,96,30604,6628
16,97,21158,1
16,98,2133,1
16,99,18377,1
14,0,17615,96
14,1,37884,1
14,2,2567,1
14,3,22401,61
14,4,25498,31
14,5,30508,1
14,6,1216,1
14,7,19973,1
14,8,16725,1
14,9,21787,1
14,10,26937,22
14,11,14281,1
14,12,14022,1
14,13,8858,21
14,14,35762,1
14,15,7336,1
14,16,21519,995
14,17,12554,1
14,18,30794,1
14,19,25065,1
14,20,37824,1
14,21,37442,1
14,22,5093,1
14,23,764,3
14,24,1223,244
14,25,39192,1
14,26,26856,9862
14,27,11412,1
14,28,36738,1
14,29,2768,1
14,30,37985,1
14,31,21339,1
14,32,21429,1
14,33,35871,1
14,34,27460,9693
14,35,38551,1
14,36,23767,1
14,37,25434,10019
14,38,21200,2
14,39,4631,1
14,40,12807,1
14,41,22528,1
14,42,2833,1
14,43,24985,1
14,44,29532,1
14,45,16352,1
14,46,830,1
14,47,23100,1
14,48,35993,1
14,49,33129,1
14,50,10178,1
14,51,29084,11646
14,52,11007,1
14,53,15628,5
14,54,31448,11571
14,55,19855,2
14,56,16509,1
14,57,10064,1
14,58,25103,33
14,59,17467,9106
14,60,35459,1
14,61,38066,1
14,62,2157,58
14,63,25042,4
14,64,14836,12079
14,65,39414,1
14,66,28016,11210
14,67,26028,11374
14,68,378,1
14,69,27918,1
14,70,25711,1
14,71,2751,2
14,72,20211,1
14,73,21862,1
14,74,18336,1
14,75,9533,1
14,76,31241,11956
14,77,2058,1
14,78,24691,1
14,79,9227,2
14,80,23711,1
14,81,24373,1
14,82,28251,2
14,83,12057,12382
14,84,22759,1
14,85,35383,1
14,86,26988,17
14,87,8418,1
14,88,16528,165
14,89,35585,1
14,90,18463,14467
14,91,194,1
14,92,37085,1
14,93,12688,1
14,94,39283,2
14,95,10799,1
14,96,6097,9117
14,97,21364,5
14,98,31150,1
14,99,9749,1
15,0,25241,1
15,1,20172,1
15,2,12738,9281
15,3,36267,1
15,4,9885,7980
15,5,4360,2
15,6,11159,1
15,7,13170,9
15,8,37984,12
15,9,30680,14
15,10,26077,3
15,11,20077,1
15,12,6865,17
15,13,19506,1
15,14,10228,9
15,15,39726,9
15,16,37027,25
15,17,12292,353
15,18,2149,2
15,19,9934,8579
15,20,24057,1
15,21,12886,2
15,22,9879,8651
15,23,37917,482
15,24,19244,1
15,25,34891,20
15,26,25003,35
15,27,10035,8466
15,28,3132,5004
15,29,3846,1
15,30,15092,4
15,31,38949,444
15,32,14544,8636
15,33,12138,8614
15,34,27222,1
15,35,26643,1
15,36,28331,30
15,37,20601,1
15,38,4986,2
15,39,8479,7996
15,40,4910,3
15,41,6814,4
15,42,11755,1
15,43,3640,1
15,44,3460,7986
15,45,13254,128
15,46,32976,1
15,47,17300,163
15,48,38381,15
15,49,4776,64
15,50,18310,2
15,51,24188,1
15,52,36267,1
15,53,3686,236
15,54,30426,1
15,55,7233,1
15,56,12611,0
15,57,24907,2
15,58,18464,0
15,59,6604,1
15,60,26672,1
15,61,13428,1
15,62,11186,63
15,63,8467,8215
15,64,5674,7834
15,65,34892,10
15,66,22472,1
15,67,38824,155
15,68,15885,12
15,69,17328,9
15,70,6833,8319
15,71,16043,1
15,72,11370,40
15,73,28017,2
15,74,1132,8137
15,75,11040,2982
15,76,36135,571
15,77,31479,7
15,78,31205,4
15,79,3803,30
15,80,10131,4269
15,81,32514,6
15,82,35023,60
15,83,35096,3
15,84,19338,1
15,85,12300,8391
15,86,39578,17
15,87,32871,1
15,88,28737,7
15,89,30155,24
15,90,35858,16
15,91,6340,7882
15,92,15791,4
15,93,19795,1
15,94,14420,3
15,95,8901,8589
15,96,37593,2
15,97,30743,2
15,98,31981,34
15,99,34028,1
20,0,9853,3
20,1,9436,1
20,2,29501,1
20,3,22761,1
20,4,16405,3560
20,5,23895,1
20,6,4233,1
20,7,13155,1
20,8,18193,15
20,9,22488,66
20,10,20586,3
20,11,39482,46
20,12,18885,183
20,13,18370,1
20,14,33848,1
20,15,18276,3
20,16,3984,1
20,17,7368,1
20,18,20977,1
20,19,23486,46
20,20,31645,124
20,21,25093,1
20,22,38030,1
20,23,8825,1
20,24,15686,4
20,25,28281,1
20,26,23857,2
20,27,30753,1
20,28,23506,242
20,29,22817,3429
20,30,7291,1
20,31,33931,1
20,32,16415,1
20,33,23666,1
20,34,32571,1
20,35,20635,4097
20,36,3355,1
20,37,22833,2987
20,38,7105,1
20,39,32943,1
20,40,4908,1
20,41,30002,3
20,42,32080,246
20,43,25516,1
20,44,25008,1
20,45,33579,1
20,46,35377,1
20,47,27171,1
20,48,19806,1
20,49,31348,0
20,50,12900,1
20,51,6111,1
20,52,11659,2
20,53,27549,1
20,54,25010,3168
20,55,28621,3638
20,56,18505,2
20,57,36075,1
20,58,22110,10
20,59,23753,1
20,60,39594,1
20,61,12785,1
20,62,39994,1
20,63,14977,1
20,64,38306,1
20,65,29960,1
20,66,33621,1
20,67,35464,1
20,68,37322,0
20,69,39147,1
20,70,4818,1
20,71,26809,3033
20,72,7681,1
20,73,2929,1
20,74,29524,1
20,75,5318,1
20,76,7213,1
20,77,12775,4
20,78,30549,1
20,79,4764,1
20,80,38687,80
20,81,19593,4
20,82,28438,15
20,83,25204,3614
20,84,39893,8
20,85,12381,98
20,86,19057,3295
20,87,26809,2
20,88,16857,1
20,89,27757,0
20,90,17546,1
20,91,35921,1
20,92,36486,94
20,93,23775,1
20,94,22628,3157
20,95,38091,1
20,96,7530,1
20,97,18674,44
20,98,12751,2
20,99,2787,1
19,0,11725,1
19,1,21644,249
19,2,4056,3
19,3,29784,1
19,4,25414,1
19,5,30991,1
19,6,30870,7
19,7,39873,1
19,8,39190,27
19,9,18022,1
19,10,39480,1
19,11,10504,92
19,12,25611,1
19,13,16072,4160
19,14,1514,1
19,15,9030,1
19,16,10090,108
19,17,8677,6
19,18,552,1
19,19,26438,18
19,20,20481,3919
19,21,38816,27
19,22,17746,1
19,23,19416,24
19,24,9224,1
19,25,2491,1
19,26,25829,1
19,27,33988,1
19,28,2483,5
19,29,28369,1
19,30,16348,1
19,31,25884,2
19,32,3543,1
19,33,36924,1
19,34,26466,381
19,35,7467,11
19,36,20534,2
19,37,17943,3
19,38,15474,1
19,39,31945,1
19,40,15337,1
19,41,24925,1
19,42,31117,88
19,43,15888,610
19,44,39017,18
19,45,5424,4
19,46,30999,0
19,47,27113,4
19,48,4217,1
19,49,5814,1
19,50,1295,1
19,51,8832,1
19,52,5364,1
19,53,14558,1
19,54,4713,1
19,55,22678,3757
19,56,27055,22
19,57,30912,1
19,58,15306,1164
19,59,1716,1
19,60,36234,170
19,61,12323,1
19,62,5791,2
19,63,3261,1
19,64,11416,10
19,65,23512,4358
19,66,21339,2
19,67,11485,17
19,68,32488,1
19,69,15747,1
19,70,30155,8
19,71,11294,4
19,72,30128,4039
19,73,19449,14
19,74,31895,1
19,75,26841,80
19,76,22741,8
19,77,11077,3
19,78,5271,1
19,79,24585,1
19,80,15642,1
19,81,4293,1
19,82,1871,5
19,83,30011,1
19,84,24290,4374
19,85,11442,1
19,86,32457,21
19,87,24545,4558
19,88,24867,7
19,89,14909,216
19,90,6926,1
19,91,8838,1
19,92,22953,23
19,93,39188,107
19,94,26944,3
19,95,14877,4
19,96,35460,244
19,97,11779,0
19,98,37655,1
19,99,34098,1
17,0,26976,1
17,1,26220,1
17,2,31694,1
17,3,17516,37
17,4,26892,1
17,5,18693,1
17,6,14404,78
17,7,29915,1
17,8,38062,2
17,9,35808,1
17,10,30463,1
17,11,22095,1
17,12,7650,1
17,13,33721,1
17,14,30448,1
17,15,37458,11
17,16,1107,1
17,17,8153,1
17,18,23263,1
17,19,32527,1
17,20,32947,1
17,21,26057,4
17,22,27319,1
17,23,13720,1
17,24,5268,1
17,25,37537,1
17,26,25770,1
17,27,31235,1
17,28,7974,3167
17,29,23230,1
17,30,6914,1
17,31,21103,1
17,32,33421,323
17,33,22161,1
17,34,29638,1
17,35,20004,1
17,36,29662,332
17,37,4628,2854
17,38,19397,1
17,39,32345,1
17,40,35895,1
17,41,33497,0
17,42,8961,2799
17,43,13199,2713
17,44,26872,2
17,45,2875,1
17,46,18939,1
17,47,11866,1
17,48,12642,74
17,49,32757,110
17,50,21208,0
17,51,31743,1
17,52,15882,1
17,53,27025,1
17,54,35373,1
17,55,33785,1
17,56,22905,1
17,57,24248,1
17,58,2028,2
17,59,19990,1
17,60,22307,1
17,61,3048,2
17,62,20202,1
17,63,17407,1
17,64,29443,88
17,65,10821,66
17,66,10252,14
17,67,37076,1
17,68,27151,1
17,69,30918,1
17,70,28750,1
17,71,34229,1
17,72,5149,1
17,73,28112,1
17,74,1135,1
17,75,37150,1
17,76,32530,1
17,77,33568,1
17,78,14652,9
17,79,17386,1
17,80,32130,1
17,81,27873,21
17,82,11768,1
17,83,36088,1
17,84,13802,151
17,85,5277,1
17,86,17637,1
17,87,33451,1024
17,88,12933,1
17,89,4048,1
17,90,5362,2756
17,91,21131,1
17,92,20366,1
17,93,9752,1
17,94,17217,1
17,95,7433,1
17,96,25747,1
17,97,30537,39
17,98,2964,3097
17,99,2655,349
18,0,4100,1
18,1,3004,1
18,2,30238,1
18,3,12270,1
18,4,1027,1
18,5,13492,1
18,6,20928,1
18,7,3028,1
18,8,21578,1
18,9,5480,1
18,10,340,1
18,11,1061,1
18,12,36415,1
18,13,9072,1
18,14,27048,1
18,15,16640,4247
18,16,34582,1
18,17,5291,1
18,18,29197,1
18,19,1569,1
18,20,34248,1
18,21,27020,1
18,22,12959,1
18,23,18616,1
18,24,31202,1
18,25,6792,1
18,26,24035,1
18,27,35365,1
18,28,36090,1
18,29,27290,1
18,30,2888,1
18,31,8275,1
18,32,6780,1
18,33,20657,1
18,34,23056,1
18,35,23022,1
18,36,15970,1
18,37,22776,1
18,38,31688,1
18,39,31746,1
18,40,26882,1
18,41,639,1
18,42,25843,1
18,43,37233,1
18,44,25089,1
18,45,8523,1
18,46,38853,1
18,47,32913,1
18,48,1829,1
18,49,34167,1
18,50,29515,1
18,51,17376,1
18,52,20105,1
18,53,26500,1
18,54,5736,1
18,55,38948,1
18,56,27305,1
18,57,12421,1
18,58,25593,1
18,59,12579,1
18,60,5021,1
18,61,36960,1
18,62,36762,1
18,63,19836,1
18,64,20579,1
18,65,31681,1
18,66,26882,1
18,67,38689,1
18,68,16981,1
18,69,26337,1
18,70,9033,1
18,71,38002,1
18,72,2617,1
18,73,16942,1
18,74,9099,1
18,75,25334,1
18,76,17847,1
18,77,18008,1
18,78,38756,1
18,79,26360,1
18,80,29221,1
18,81,32504,1
18,82,35098,1
18,83,6972,1
18,84,27710,1
18,85,38172,1
18,86,19866,1
18,87,36445,1
18,88,9010,1
18,89,20339,1
18,90,29531,1
18,91,2692,1
18,92,4247,1
18,93,32082,1
18,94,11807,1
18,95,16775,1
18,96,3965,1
18,97,2400,1
18,98,36824,1
18,99,6171,1
21,0,17478,81
21,1,31724,16
21,2,3320,1
21,3,36627,13
21,4,37144,1
21,5,37746,3
21,6,17824,1604
21,7,6352,145
21,8,39453,22
21,9,31381,56
21,10,19725,328
21,11,5278,12
21,12,8081,1
21,13,29019,55
21,14,8314,1859
21,15,14314,2
21,16,19492,3
21,17,7106,1
21,18,32332,1
21,19,8355,945
21,20,17878,13
21,21,538,15
21,22,2816,1
21,23,5977,1
21,24,33707,94
21,25,23980,1
21,26,25652,1
21,27,29377,32
21,28,26252,14
21,29,20248,2
21,30,20751,17
21,31,11541,111
21,32,13178,12
21,33,36285,4
21,34,35981,146
21,35,5080,2
21,36,7919,48
21,37,14352,9
21,38,30890,1
21,39,33143,133
21,40,33363,1
21,41,14287,162
21,42,1002,2
21,43,4171,26
21,44,38936,1
21,45,30480,6
21,46,27523,1
21,47,21371,1
21,48,22194,66
21,49,2995,5
21,50,24681,15
21,51,1215,1
21,52,36918,2
21,53,15606,1673
21,54,23988,13
21,55,12351,19
21,56,14606,1
21,57,10919,1548
21,58,15471,179
21,59,12889,110
21,60,34455,21
21,61,28148,62
21,62,9023,8
21,63,38402,1
21,64,29143,89
21,65,21790,3
21,66,28078,55
21,67,8260,1
21,68,12830,176
21,69,28556,37
21,70,22291,50
21,71,101,2
21,72,35192,9
21,73,9084,19
21,74,12320,1
21,75,10472,59
21,76,12107,2
21,77,5844,122
21,78,37064,162
21,79,2989,2
21,80,28756,132
21,81,31383,1
21,82,35210,1
21,83,8243,32
21,84,36472,7
21,85,25651,4
21,86,31647,6
21,87,11262,89
21,88,29066,70
21,89,22327,258
21,90,34940,57
21,91,2068,3
21,92,15192,40
21,93,27233,31
21,94,37764,50
21,95,36193,59
21,96,2674,23
21,97,28053,55
21,98,13582,58
21,99,27066,5
22,0,34602,1
22,1,4860,728
22,2,5512,2797
22,3,31381,1
22,4,11279,8
22,5,32544,2
22,6,24347,14
22,7,23113,1
22,8,19321,2
22,9,4701,90
22,10,29602,1
22,11,27891,251
22,12,36846,92
22,13,4370,333
22,14,4914,1791
22,15,33496,3
22,16,16615,81
22,17,7892,2322
22,18,38266,3
22,19,17396,2509
22,20,19179,45
22,21,1501,1
22,22,28457,1338
22,23,10872,1833
22,24,19642,1186
22,25,33236,1
22,26,23916,1
22,27,33507,10
22,28,14367,2
22,29,24308,1
22,30,20373,4
22,31,38712,1
22,32,26537,1
22,33,34780,1
22,34,29399,0
22,35,8097,4961
22,36,34227,8
22,37,36147,25
22,38,3182,2509
22,39,32544,1
22,40,24350,42
22,41,17782,13
22,42,14236,5246
22,43,31854,725
22,44,37152,2
22,45,39776,105
22,46,11085,5
22,47,2418,2
22,48,15030,4560
22,49,4405,1151
22,50,32988,1
22,51,23199,12
22,52,1141,2
22,53,15082,84
22,54,34350,1
22,55,17514,30
22,56,22654,20
22,57,2740,3
22,58,35388,12
22,59,9127,5
22,60,17168,80
22,61,22059,182
22,62,25583,1
22,63,831,22
22,64,20280,191
22,65,2651,4
22,66,4708,38
22,67,9872,1913
22,68,2659,240
22,69,20328,2
22,70,6223,1922
22,71,3873,1
22,72,32660,318
22,73,34267,4
22,74,23931,19
22,75,38656,187
22,76,37424,1
22,77,26637,1358
22,78,21167,4
22,79,11963,2600
22,80,22199,3
22,81,39662,8
22,82,18541,325
22,83,19127,53
22,84,10381,1855
22,85,18546,189
22,86,30228,37
22,87,17904,10
22,88,28790,0
22,89,38618,124
22,90,22757,28
22,91,23629,21
22,92,39073,8
22,93,13211,3
22,94,32354,1
22,95,5535,19
22,96,20891,10
22,97,39916,4
22,98,7442,91
22,99,30582,1
23,0,2227,7
23,1,27148,58
23,2,15683,21
23,3,5247,0
23,4,32018,523
23,5,10043,28
23,6,34290,41
23,7,16310,6939
23,8,581,24
23,9,13595,7
23,10,25094,12
23,11,33687,0
23,12,29689,3
23,13,11370,0
23,14,19381,67
23,15,25886,8
23,16,32124,7
23,17,7630,2
23,18,9622,5
23,19,38617,2
23,20,5412,0
23,21,13297,6492
23,22,33244,1
23,23,8025,14
23,24,37664,1
23,25,28934,29
23,26,25711,3
23,27,32130,113
23,28,17113,2120
23,29,21739,130
23,30,33832,49
23,31,16322,5489
23,32,23300,17
23,33,11047,1
23,34,32809,68
23,35,32542,31
23,36,38791,37
23,37,27666,3
23,38,23319,4
23,39,32744,35
23,40,16453,7342
23,41,5716,5223
23,42,23158,6764
23,43,6861,95
23,44,11080,4923
23,45,36677,1
23,46,3231,0
23,47,36618,6
23,48,17418,6
23,49,16052,6676
23,50,4768,7
23,51,14655,120
23,52,26400,5
23,53,39492,34
23,54,29680,4
23,55,4892,4607
23,56,18756,7411
23,57,17584,21
23,58,28749,2
23,59,34616,2
23,60,8381,6
23,61,37422,5
23,62,34612,88
23,63,27904,5
23,64,11117,5296
23,65,34481,20
23,66,39165,38
23,67,22668,2
23,68,18167,2
23,69,9737,12
23,70,23696,176
23,71,17165,32
23,72,20170,3595
23,73,422,11
23,74,6727,6428
23,75,3811,4
23,76,2319,1
23,77,19706,1
23,78,24034,11
23,79,10187,3
23,80,12267,360
23,81,7804,1
23,82,21665,11
23,83,2166,13
23,84,3313,4446
23,85,35464,1
23,86,2818,8
23,87,2356,3
23,88,999,28
23,89,33187,41
23,90,151,36
23,91,29775,70
23,92,17779,17
23,93,20317,15
23,94,7491,3934
23,95,3637,10
23,96,12387,6
23,97,9295,3833
23,98,8273,4
23,99,14861,297
27,0,32730,1
27,1,32652,152
27,2,30957,34
27,3,24358,2
27,4,2271,76
27,5,29096,6239
27,6,37710,7554
27,7,36394,6070
27,8,38324,5652
27,9,9167,4038
27,10,10709,17
27,11,16869,5
27,12,30120,6315
27,13,6667,2
27,14,37247,34
27,15,2742,4109
27,16,10509,16
27,17,6583,4071
27,18,15043,31
27,19,14445,3
27,20,26696,7540
27,21,27778,6
27,22,8741,4
27,23,281,4
27,24,29751,7065
27,25,19026,0
27,26,25593,1
27,27,26623,2
27,28,35391,6760
27,29,18757,2
27,30,11317,1
27,31,6760,3451
27,32,39409,179
27,33,21522,1
27,34,39153,6228
27,35,17618,2
27,36,17048,29
27,37,1038,3
27,38,34813,721
27,39,37190,7642
27,40,13921,28
27,41,26507,6363
27,42,15199,2
27,43,1481,77
27,44,23143,133
27,45,24283,110
27,46,15463,5
27,47,6124,4769
27,48,26971,4
27,49,29938,6585
27,50,4593,4164
27,51,24126,1
27,52,11085,2
27,53,28073,36
27,54,14647,11
27,55,23458,3
27,56,10457,52
27,57,7903,7
27,58,2192,3
27,59,31163,7040
27,60,16880,1
27,61,18874,14
27,62,23433,7
27,63,12547,443
27,64,7170,3580
27,65,9099,3
27,66,16991,2
27,67,30203,22
27,68,3845,25
27,69,3728,4153
27,70,20886,34
27,71,23037,2
27,72,13861,6
27,73,17746,190
27,74,17912,2
27,75,17133,197
27,76,21896,2
27,77,28335,2
27,78,6445,14
27,79,35790,6713
27,80,5244,5
27,81,14962,235
27,82,5108,4479
27,83,14321,5
27,84,25984,8
27,85,19486,19
27,86,16828,1
27,87,20168,254
27,88,20780,2
27,89,11466,9
27,90,33377,7302
27,91,14360,128
27,92,8957,4054
27,93,37798,2
27,94,28038,37
27,95,28749,1
27,96,32961,7090
27,97,6811,24
27,98,18891,60
27,99,39271,5
24,0,355,4448
24,1,14940,12
24,2,4776,7
24,3,38224,5
24,4,23010,1
24,5,2947,1266
24,6,7652,2
24,7,33240,2
24,8,19584,4
24,9,18061,132
24,10,9848,4
24,11,22664,28
24,12,22964,11
24,13,13668,58
24,14,11714,1
24,15,35132,3251
24,16,26017,4
24,17,9969,3
24,18,26398,1
24,19,39313,3376
24,20,12929,14
24,21,39574,3321
24,22,13528,2
24,23,37433,2
24,24,7773,235
24,25,14725,1
24,26,23739,9
24,27,25247,17
24,28,1784,1
24,29,19835,3
24,30,24776,0
24,31,24369,14
24,32,36172,12
24,33,37789,11
24,34,38915,194
24,35,5711,4239
24,36,21612,11
24,37,32557,2824
24,38,18599,1
24,39,37390,14
24,40,2376,40
24,41,10793,194
24,42,24121,27
24,43,20137,27
24,44,37071,625
24,45,21184,6
24,46,7609,4726
24,47,324,4687
24,48,29359,2821
24,49,1586,10
24,50,16373,1
24,51,15582,10
24,52,36344,1
24,53,16131,1
24,54,13625,3
24,55,10836,95
24,56,10206,1959
24,57,22747,1
24,58,31905,28
24,59,20300,14
24,60,11741,2
24,61,34237,17
24,62,28815,3
24,63,35972,3640
24,64,38007,4
24,65,930,4684
24,66,7799,4
24,67,2999,58
24,68,23001,12
24,69,33137,2629
24,70,2007,2
24,71,36329,2765
24,72,1372,33
24,73,20254,19
24,74,708,2287
24,75,22288,53
24,76,26790,4
24,77,21404,13
24,78,12960,1
24,79,30367,3508
24,80,31665,1
24,81,23104,103
24,82,11880,4
24,83,37359,2805
24,84,22564,38
24,85,32756,3697
24,86,29418,17
24,87,4620,2
24,88,32989,25
24,89,9684,3
24,90,10771,2
24,91,20506,2
24,92,27664,2
24,93,4904,1690
24,94,3174,8
24,95,26851,30
24,96,24457,19
24,97,16190,9
24,98,23369,19
24,99,23550,1
26,0,25104,1242
26,1,10364,1
26,2,17139,1
26,3,10493,1
26,4,21532,1
26,5,11597,1
26,6,27767,164
26,7,3197,1
26,8,20713,1
26,9,274,1
26,10,15217,111
26,11,11073,13
26,12,924,1
26,13,36019,38
26,14,22781,2439
26,15,6704,2
26,16,35001,17
26,17,6845,4
26,18,3688,1
26,19,29576,76
26,20,463,1
26,21,12334,1
26,22,7603,34
26,23,3129,1
26,24,11729,4
26,25,19679,9
26,26,23798,2266
26,27,28000,2
26,28,32645,129
26,29,21326,1
26,30,37858,1
26,31,29150,5
26,32,6293,5
26,33,8903,1
26,34,35743,1
26,35,33173,2
26,36,12483,1
26,37,9519,1
26,38,11028,10
26,39,36991,89
26,40,25466,2
26,41,38573,3
26,42,6276,1
26,43,22826,1
26,44,9215,41
26,45,27381,2
26,46,23317,1
26,47,11924,1
26,48,24582,1
26,49,14643,1
26,50,36461,8
26,51,32671,156
26,52,25825,6
26,53,16,1
26,54,19317,1
26,55,39728,4
26,56,14356,1
26,57,29411,66
26,58,8831,14
26,59,2026,3
26,60,25667,3
26,61,3511,75
26,62,14404,188
26,63,25475,3
26,64,19980,2252
26,65,17269,7
26,66,22534,1
26,67,17407,1164
26,68,28338,19
26,69,14318,1
26,70,3412,66
26,71,9745,1
26,72,22702,24
26,73,11591,2
26,74,35116,14
26,75,15627,5
26,76,17002,55
26,77,35266,13
26,78,39930,6
26,79,37565,1
26,80,15176,1
26,81,3173,1
26,82,38335,2
26,83,31282,5
26,84,33052,5
26,85,2569,0
26,86,4237,18
26,87,35715,1
26,88,4923,179
26,89,16896,1
26,90,15983,2042
26,91,8214,4
26,92,33899,47
26,93,34340,6
26,94,12901,4
26,95,34295,35
26,96,37817,65
26,97,37432,1
26,98,18060,1
26,99,14993,4
29,0,38483,41
29,1,39084,379
29,2,30221,69
29,3,31201,5
29,4,17649,36
29,5,35851,1
29,6,21015,26
29,7,6522,7
29,8,38587,3
29,9,26175,8
29,10,30954,19
29,11,15290,5561
29,12,16238,35
29,13,19613,14
29,14,4047,2231
29,15,4378,16
29,16,23559,5
29,17,8661,2102
29,18,3175,11
29,19,36362,68
29,20,24093,675
29,21,25851,5
29,22,33812,44
29,23,30490,1
29,24,14234,9
29,25,515,5
29,26,25416,5
29,27,22012,19
29,28,22807,98
29,29,14284,352
29,30,15720,5359
29,31,32416,88
29,32,9044,1751
29,33,24531,9
29,34,5020,25
29,35,18879,5177
29,36,4433,136
29,37,37448,13
29,38,10230,1
29,39,38388,4
29,40,31947,21
29,41,15869,459
29,42,21436,1
29,43,29764,31
29,44,23062,70
29,45,9339,67
29,46,11988,58
29,47,382,2
29,48,1299,94
29,49,27119,5
29,50,31627,8
29,51,16510,3178
29,52,2639,3055
29,53,29122,6
29,54,37569,61
29,55,13131,4536
29,56,1657,2085
29,57,27910,34
29,58,38709,3
29,59,5984,2
29,60,11453,301
29,61,34700,28
29,62,26665,19
29,63,7688,67
29,64,28545,19
29,65,7378,4
29,66,20082,4896
29,67,26978,2
29,68,24187,9
29,69,16537,18
29,70,16670,96
29,71,11844,24
29,72,18925,5320
29,73,3733,5
29,74,38337,44
29,75,764,38
29,76,7614,1
29,77,23102,4739
29,78,38238,86
29,79,14194,30
29,80,14710,4396
29,81,38404,26
29,82,38447,73
29,83,32553,64
29,84,1814,4
29,85,30047,5
29,86,16018,2
29,87,6884,2990
29,88,24978,6
29,89,22532,112
29,90,21392,184
29,91,7589,3
29,92,1196,12
29,93,29491,74
29,94,2506,2
29,95,10065,2135
29,96,36526,4
29,97,23085,2492
29,98,34818,7
29,99,35887,3
28,0,30857,25
28,1,20444,1
28,2,16402,19
28,3,17336,68
28,4,33262,603
28,5,22000,2
28,6,11072,17
28,7,13324,9
28,8,17327,2
28,9,13634,42
28,10,35463,1
28,11,9495,28
28,12,23394,1
28,13,8965,1
28,14,29581,3
28,15,11988,58
28,16,8051,1
28,17,8922,2
28,18,31820,1
28,19,15141,1
28,20,37860,10
28,21,14055,17
28,22,29026,191
28,23,29690,2
28,24,36212,141
28,25,1168,70
28,26,23621,29
28,27,23388,1
28,28,16414,15
28,29,16853,2
28,30,2261,1
28,31,14807,42
28,32,15928,2
28,33,8264,1
28,34,5258,1
28,35,30786,26
28,36,39868,18
28,37,5929,4
28,38,26444,1
28,39,38188,1997
28,40,39844,8
28,41,31584,2
28,42,12514,3
28,43,11109,6
28,44,9134,0
28,45,12438,64
28,46,19842,40
28,47,9830,2
28,48,38911,5
28,49,11824,64
28,50,19846,19
28,51,25054,2
28,52,17380,1
28,53,1064,7
28,54,38592,278
28,55,29402,1
28,56,1907,34
28,57,13066,4
28,58,5348,1
28,59,16847,25
28,60,20240,11
28,61,19337,29
28,62,21284,3
28,63,20615,1
28,64,37708,27
28,65,15547,5
28,66,25625,1
28,67,14182,17
28,68,8679,2
28,69,27128,2
28,70,39196,56
28,71,2201,33
28,72,31414,19
28,73,1226,3
28,74,15541,3
28,75,35610,365
28,76,2720,53
28,77,30033,146
28,78,31723,3
28,79,15969,10
28,80,24642,1
28,81,30262,1
28,82,31674,9
28,83,9514,1
28,84,5235,104
28,85,16778,10
28,86,3427,3
28,87,22431,3
28,88,12769,5
28,89,27962,1
28,90,3997,51
28,91,1443,9
28,92,22490,250
28,93,22385,2
28,94,27369,1
28,95,15611,19
28,96,5031,10
28,97,13706,8
28,98,33987,1854
28,99,7960,3
25,0,7981,6146
25,1,37228,36
25,2,14947,52
25,3,15738,8
25,4,7397,17
25,5,16798,10199
25,6,17595,11134
25,7,26437,5360
25,8,37196,73
25,9,26954,4804
25,10,5340,13085
25,11,32108,10427
25,12,12159,4726
25,13,24316,1217
25,14,26181,11706
25,15,31170,3882
25,16,1526,6091
25,17,9707,6249
25,18,37754,150
25,19,24182,3449
25,20,39161,5906
25,21,11370,10554
25,22,18314,7662
25,23,38234,12
25,24,22147,274
25,25,10424,6042
25,26,25534,16
25,27,27518,120
25,28,4530,6987
25,29,17266,6
25,30,38235,4
25,31,1979,26
25,32,29287,8
25,33,10408,5801
25,34,2324,35
25,35,33804,6085
25,36,26176,11104
25,37,27724,5
25,38,38736,38
25,39,37590,404
25,40,30831,2
25,41,35078,1
25,42,29395,3852
25,43,38792,38
25,44,10999,5370
25,45,21733,3
25,46,39755,1
25,47,30877,1
25,48,31747,14
25,49,13233,5179
25,50,28154,6888
25,51,7038,7
25,52,21603,1
25,53,540,5142
25,54,8954,6941
25,55,34565,232
25,56,6307,840
25,57,1239,1
25,58,25266,3
25,59,9437,6253
25,60,2954,10103
25,61,9600,75
25,62,37844,11
25,63,23045,6399
25,64,28844,5704
25,65,36408,5
25,66,2256,1
25,67,15795,8308
25,68,38508,2
25,69,22547,1618
25,70,19480,8279
25,71,5973,58
25,72,28882,4
25,73,26409,4
25,74,23505,1
25,75,23794,4808
25,76,31685,25
25,77,14473,298
25,78,15827,5368
25,79,28591,11404
25,80,21733,10873
25,81,34893,25
25,82,15005,5038
25,83,20398,10875
25,84,19143,10
25,85,9673,29
25,86,2008,2
25,87,29073,2
25,88,8846,22
25,89,4253,4
25,90,28166,5045
25,91,23004,6134
25,92,6370,5365
25,93,8362,8856
25,94,21959,153
25,95,24953,12732
25,96,19600,1
25,97,25569,6
25,98,24200,5571
25,99,11476,12806
31,0,23232,1
31,1,38156,1
31,2,2584,1
31,3,3470,1
31,4,12523,1
31,5,8149,1
31,6,1129,1
31,7,16479,1
31,8,39716,1
31,9,4740,1
31,10,39971,1
31,11,3699,1
31,12,34199,1
31,13,1965,1
31,14,15114,1
31,15,15950,1
31,16,32542,1
31,17,9184,1
31,18,20464,1
31,19,30272,1
31,20,11627,1
31,21,38611,1
31,22,24239,1
31,23,32538,1
31,24,18191,3036
31,25,5469,4263
31,26,25475,1
31,27,24765,1
31,28,13668,1
31,29,15775,1
31,30,28802,1
31,31,37198,1
31,32,19165,1
31,33,35645,1
31,34,5496,1
31,35,6341,1
31,36,35304,0
31,37,14410,1
31,38,6307,1
31,39,37989,1
31,40,11389,1
31,41,7298,1
31,42,7240,1
31,43,32454,1
31,44,35207,1
31,45,15536,1
31,46,27696,1
31,47,15630,1
31,48,36523,1
31,49,176,0
31,50,8066,1
31,51,29950,1
31,52,32121,1
31,53,16655,1
31,54,3262,1
31,55,5672,34
31,56,5806,1
31,57,34574,1
31,58,11987,1
31,59,27711,1
31,60,29027,1
31,61,3974,1
31,62,12254,1
31,63,33542,1
31,64,6870,1
31,65,23717,1
31,66,31169,1
31,67,1387,1
31,68,33172,1
31,69,37718,1
31,70,18075,1
31,71,28909,1
31,72,3903,1
31,73,35071,1
31,74,32745,1
31,75,34103,1
31,76,37825,1
31,77,36964,1
31,78,25209,1
31,79,21393,1
31,80,38222,1
31,81,18473,1
31,82,24902,1
31,83,26476,1
31,84,8655,1
31,85,39860,1
31,86,30837,1
31,87,37979,0
31,88,36912,1
31,89,33393,1
31,90,26603,1
31,91,35297,1
31,92,3783,1
31,93,18927,1
31,94,12233,1
31,95,17509,1
31,96,9887,4702
31,97,4327,2
31,98,29509,1
31,99,23682,1
32,0,25377,1
32,1,26331,1
32,2,11985,1
32,3,22041,1
32,4,38239,1
32,5,37122,1
32,6,38200,1
32,7,26791,1
32,8,15256,1
32,9,24734,1
32,10,36937,1
32,11,29080,1
32,12,12806,1
32,13,39346,1
32,14,37676,1
32,15,32748,1
32,16,35406,1
32,17,14092,1
32,18,611,1
32,19,26644,1
32,20,4003,1
32,21,9790,1
32,22,12155,1
32,23,36352,1
32,24,26760,1
32,25,13752,1
32,26,26207,1
32,27,32070,1
32,28,13618,1
32,29,26367,1
32,30,32327,1
32,31,5100,1
32,32,26443,1
32,33,11724,1
32,34,18701,1
32,35,20114,1
32,36,7827,1
32,37,31683,1
32,38,35296,1
32,39,19967,1
32,40,24353,1
32,41,15054,1
32,42,13585,1
32,43,24454,1
32,44,34056,1
32,45,39126,1
32,46,2635,1
32,47,19028,1
32,48,15829,1
32,49,31262,1
32,50,3808,1
32,51,12057,1
32,52,10356,1
32,53,7355,1
32,54,37886,1
32,55,11089,1
32,56,14513,1
32,57,24052,1
32,58,31744,1
32,59,11182,1
32,60,31324,1
32,61,26994,1
32,62,4321,1
32,63,31460,1
32,64,27719,1
32,65,12516,1
32,66,26059,1
32,67,16592,1
32,68,3433,1
32,69,16690,1
32,70,6605,1
32,71,18694,1
32,72,36389,1
32,73,4443,1
32,74,7148,1
32,75,10101,1
32,76,11620,1
32,77,27693,1
32,78,18832,1
32,79,10041,1
32,80,8734,1
32,81,25504,1
32,82,28063,1
32,83,38910,1
32,84,5624,1
32,85,22032,1
32,86,34919,1
32,87,26379,1
32,88,12552,1
32,89,3414,1
32,90,15733,1
32,91,4466,1
32,92,1332,1
32,93,5249,1
32,94,15939,1
32,95,23507,1
32,96,1016,1
32,97,27702,1
32,98,9549,1
32,99,16712,1
34,0,10126,77
34,1,25403,23
34,2,24347,9
34,3,34309,1
34,4,33113,137
34,5,5772,148
34,6,14666,575
34,7,36749,320
34,8,16385,6
34,9,6947,36
34,10,2305,1
34,11,17489,5
34,12,30767,5710
34,13,21697,10
34,14,8743,1112
34,15,4320,1
34,16,8038,110
34,17,14615,2251
34,18,17900,168
34,19,20554,17
34,20,35185,3995
34,21,22550,6
34,22,6230,52
34,23,38400,6
34,24,30716,1
34,25,18706,6967
34,26,26266,3
34,27,34823,1
34,28,4479,12
34,29,27858,3
34,30,1760,1758
34,31,9881,22
34,32,36565,6105
34,33,26486,59
34,34,15530,1
34,35,7576,286
34,36,38699,1
34,37,4997,46
34,38,31373,5674
34,39,15919,1090
34,40,3795,13
34,41,6483,149
34,42,35741,14
34,43,30792,20
34,44,9848,2
34,45,1675,2
34,46,18343,1
34,47,34275,12
34,48,11052,979
34,49,7967,5
34,50,23895,5262
34,51,29145,4901
34,52,39837,0
34,53,31241,28
34,54,3578,3435
34,55,3630,912
34,56,18663,25
34,57,30716,5280
34,58,5022,115
34,59,36556,4826
34,60,5251,14
34,61,36268,1
34,62,29910,5877
34,63,20962,15
34,64,9692,30
34,65,25207,50
34,66,37146,47
34,67,31001,1
34,68,12418,1
34,69,1518,4
34,70,8011,80
34,71,35758,5070
34,72,17720,1596
34,73,35780,882
34,74,1555,559
34,75,3440,17
34,76,1832,2
34,77,5202,1586
34,78,9451,3
34,79,17240,320
34,80,32246,8
34,81,5573,768
34,82,18166,1
34,83,32832,1
34,84,16113,896
34,85,28197,856
34,86,9739,149
34,87,17474,415
34,88,24486,5825
34,89,14274,11
34,90,20944,62
34,91,32174,4512
34,92,3919,2
34,93,34685,2
34,94,25665,51
34,95,27303,22
34,96,10729,2
34,97,8944,658
34,98,4240,52
34,99,8154,5
33,0,33003,15
33,1,8619,5
33,2,25803,56
33,3,35907,5009
33,4,18978,4
33,5,10973,1
33,6,8143,6
33,7,23636,959
33,8,36516,5140
33,9,33627,134
33,10,32428,141
33,11,38524,6262
33,12,2002,65
33,13,9994,2
33,14,12142,1
33,15,28786,1
33,16,10915,4
33,17,13830,1
33,18,11966,1
33,19,11513,0
33,20,30236,378
33,21,21586,8
33,22,16942,1
33,23,33504,5397
33,24,1134,559
33,25,9450,34
33,26,28001,6
33,27,30693,210
33,28,16363,1
33,29,23797,1
33,30,5786,5
33,31,22709,12
33,32,19558,6
33,33,24343,7
33,34,18463,1352
33,35,8207,14
33,36,12391,7
33,37,23202,3
33,38,19081,1
33,39,20166,1
33,40,12808,15
33,41,2988,52
33,42,22507,877
33,43,3109,16
33,44,7984,2
33,45,36027,6
33,46,38429,5
33,47,13229,2
33,48,18217,5
33,49,6557,4
33,50,15588,6
33,51,7161,1
33,52,35615,171
33,53,31765,1
33,54,33215,335
33,55,38467,4611
33,56,14263,48
33,57,38895,5094
33,58,21457,53
33,59,319,731
33,60,22537,36
33,61,2357,6
33,62,13350,1
33,63,18533,5
33,64,18556,1
33,65,4346,23
33,66,20515,39
33,67,29388,1
33,68,18941,3
33,69,6099,24
33,70,27727,20
33,71,31986,2
33,72,23899,46
33,73,6950,1
33,74,33592,13
33,75,15256,23
33,76,16515,18
33,77,20762,30
33,78,25347,13
33,79,8266,20
33,80,35155,4019
33,81,37294,6491
33,82,34836,4877
33,83,21948,4
33,84,2204,134
33,85,35302,5117
33,86,7510,30
33,87,14480,2
33,88,28409,7
33,89,37983,109
33,90,33127,9
33,91,10613,20
33,92,20038,933
33,93,8708,27
33,94,31075,194
33,95,17961,25
33,96,36159,5091
33,97,37081,4286
33,98,10380,3
33,99,4638,932
30,0,15606,3769
30,1,15868,19
30,2,28765,52
30,3,29604,64
30,4,28136,5
30,5,34298,1
30,6,31186,167
30,7,23282,4
30,8,18456,2
30,9,35847,717
30,10,831,466
30,11,37904,636
30,12,5003,22
30,13,31316,877
30,14,647,232
30,15,23560,3
30,16,17034,3477
30,17,9446,5
30,18,9109,12
30,19,5403,11
30,20,25394,25
30,21,26815,2
30,22,23101,9
30,23,35386,33
30,24,169,14
30,25,9771,3
30,26,23680,18
30,27,26142,20
30,28,7275,25
30,29,18344,6
30,30,11694,4
30,31,19588,870
30,32,26050,2
30,33,23026,79
30,34,2086,199
30,35,18248,3
30,36,30740,431
30,37,19243,3079
30,38,22521,10
30,39,37789,65
30,40,22934,13
30,41,19364,159
30,42,38317,2315
30,43,13799,951
30,44,21279,1
30,45,18635,2951
30,46,35550,163
30,47,25077,3
30,48,34135,73
30,49,28529,1
30,50,36286,2882
30,51,38494,10
30,52,6862,5
30,53,28597,10
30,54,4284,1423
30,55,18295,1
30,56,6057,3590
30,57,16082,3
30,58,18627,1
30,59,38574,117
30,60,34167,23
30,61,24963,28
30,62,6873,8
30,63,10118,6
30,64,19681,19
30,65,28239,40
30,66,36712,1291
30,67,28591,178
30,68,14016,3224
30,69,11956,16
30,70,602,14
30,71,19265,10
30,72,16393,1076
30,73,28916,109
30,74,9949,7
30,75,28949,131
30,76,32931,243
30,77,3894,585
30,78,22342,7
30,79,23168,3
30,80,8153,31
30,81,6683,703
30,82,21777,13
30,83,3437,403
30,84,15723,1
30,85,26591,47
30,86,14599,634
30,87,13526,0
30,88,24703,44
30,89,38823,494
30,90,5560,2
30,91,29151,2
30,92,25077,4
30,93,15469,3
30,94,37096,24
30,95,19407,3354
30,96,14744,1
30,97,34948,185
30,98,28678,260
30,99,35755,140
36,0,15879,37
36,1,31835,4
36,2,23611,347
36,3,1152,15
36,4,4843,4
36,5,16175,18
36,6,1619,14
36,7,6876,6
36,8,16647,2
36,9,20306,48
36,10,22551,73
36,11,15911,2
36,12,13237,14
36,13,34643,6
36,14,15542,515
36,15,9604,34
36,16,17439,4
36,17,16693,40
36,18,6032,16
36,19,2471,97
36,20,28934,16
36,21,24271,27
36,22,31301,19
36,23,28609,961
36,24,15199,9
36,25,195,9
36,26,26089,4
36,27,26563,10
36,28,28248,11
36,29,19737,94
36,30,9812,16
36,31,35537,12
36,32,2552,3
36,33,25847,3
36,34,25045,7
36,35,5190,75
36,36,26084,23
36,37,5055,5
36,38,6790,6
36,39,20765,666
36,40,21821,864
36,41,35845,53
36,42,5626,5
36,43,19074,22
36,44,6119,1
36,45,26731,19
36,46,14867,3
36,47,32182,26
36,48,25381,22
36,49,5148,3
36,50,7281,3
36,51,21529,636
36,52,35040,1
36,53,32289,1
36,54,22853,1
36,55,33303,1
36,56,6215,3
36,57,10723,3
36,58,1539,10
36,59,7730,4
36,60,39823,5
36,61,8446,40
36,62,33142,2
36,63,16103,21
36,64,27420,5
36,65,23485,2
36,66,3885,2
36,67,27776,7
36,68,29112,7
36,69,14328,75
36,70,3795,15
36,71,24565,1213
36,72,26431,1
36,73,21767,1578
36,74,21980,580
36,75,27072,19
36,76,31198,104
36,77,36322,4
36,78,1244,50
36,79,35644,11
36,80,1712,2
36,81,29015,343
36,82,7858,109
36,83,11065,2
36,84,28295,7
36,85,2406,8
36,86,5281,2
36,87,7838,2
36,88,32332,3
36,89,25340,8
36,90,8958,5
36,91,25403,145
36,92,36158,2
36,93,22730,115
36,94,36485,14
36,95,8619,4
36,96,17942,241
36,97,25218,710
36,98,20167,2
36,99,1122,2
37,0,23505,31
37,1,14123,1
37,2,37430,512
37,3,15018,1091
37,4,29230,1
37,5,30026,1
37,6,11562,1
37,7,73,1
37,8,34259,15011
37,9,29200,1
37,10,18043,210
37,11,21706,1
37,12,6081,96
37,13,5291,25
37,14,30009,1
37,15,1994,1
37,16,32948,1
37,17,16431,1
37,18,17388,1
37,19,27340,1
37,20,15167,36
37,21,36067,16980
37,22,32440,1
37,23,25761,1
37,24,33221,1
37,25,35894,1
37,26,27883,1
37,27,28835,1
37,28,34641,1
37,29,20815,1
37,30,23271,1
37,31,13147,14724
37,32,39315,13824
37,33,38466,15667
37,34,24807,1
37,35,33282,24
37,36,30648,1
37,37,36574,1
37,38,26927,1
37,39,20965,13456
37,40,10276,1
37,41,23779,13458
37,42,10900,57
37,43,37729,1
37,44,20047,1
37,45,23633,1135
37,46,10661,1
37,47,22734,1
37,48,27769,1
37,49,16795,1
37,50,15413,1
37,51,12985,1
37,52,20299,1
37,53,20347,14758
37,54,21830,1
37,55,17033,1
37,56,5964,10799
37,57,29215,151
37,58,34900,1
37,59,36866,14994
37,60,34684,1
37,61,27457,1
37,62,2171,1
37,63,3176,1
37,64,18257,70
37,65,18964,1
37,66,38341,15283
37,67,36923,15828
37,68,8267,1
37,69,90,11926
37,70,24916,1
37,71,37857,2
37,72,13942,16442
37,73,27922,1
37,74,4777,1
37,75,28578,1
37,76,36092,15829
37,77,29391,1
37,78,4110,1
37,79,33869,2
37,80,28132,15150
37,81,804,19
37,82,14630,1
37,83,34103,1
37,84,24875,1
37,85,19324,1
37,86,21519,1
37,87,32291,1
37,88,4541,15068
37,89,19910,1
37,90,26353,1
37,91,31549,207
37,92,11216,1
37,93,29837,1
37,94,11622,1
37,95,6721,14497
37,96,13086,1
37,97,34597,1
37,98,24646,1
37,99,29049,1
35,0,17752,2
35,1,4043,1
35,2,38166,1102
35,3,8175,9798
35,4,13852,10282
35,5,23271,143
35,6,28257,12
35,7,33594,692
35,8,33996,9
35,9,15840,19
35,10,37797,149
35,11,23285,3
35,12,19963,10
35,13,32345,62
35,14,23209,7
35,15,358,25
35,16,23546,9104
35,17,14354,1904
35,18,29256,18
35,19,5423,27
35,20,17770,124
35,21,37994,164
35,22,11017,0
35,23,39200,89
35,24,8738,2
35,25,14405,2
35,26,24412,6
35,27,33447,10
35,28,7224,10
35,29,25288,59
35,30,18868,6036
35,31,27490,4
35,32,29680,2
35,33,39105,9
35,34,15291,5530
35,35,32021,3
35,36,3263,9076
35,37,164,1
35,38,11511,103
35,39,19767,4
35,40,35898,5
35,41,30768,217
35,42,4663,10268
35,43,5799,1
35,44,23776,38
35,45,2225,9
35,46,10489,6504
35,47,28476,2
35,48,13440,6
35,49,19614,15
35,50,32028,0
35,51,20601,11
35,52,25097,96
35,53,19298,6575
35,54,2556,6
35,55,27359,81
35,56,18412,2
35,57,5560,19
35,58,38383,6
35,59,25693,4
35,60,112,155
35,61,11631,1
35,62,35291,14
35,63,8035,14
35,64,530,4
35,65,17037,7225
35,66,31602,16
35,67,3796,52
35,68,27926,41
35,69,30928,3
35,70,29132,28
35,71,9050,5852
35,72,5230,1
35,73,38287,1
35,74,24351,1
35,75,8595,1
35,76,6726,1
35,77,34624,1
35,78,15965,1
35,79,15465,1
35,80,18666,1
35,81,13715,1
35,82,21291,1
35,83,15871,1
35,84,9045,1
35,85,5115,1
35,86,22329,1
35,87,1927,1
35,88,343,1
35,89,8844,1
35,90,38338,1
35,91,38320,1
35,92,22625,1
35,93,38143,1
35,94,802,1
35,95,25405,1
35,96,5872,1
35,97,18323,1
35,98,5071,1
35,99,32433,0
38,0,628,1
38,1,30907,1
38,2,35974,1
38,3,13420,1
38,4,39717,1
38,5,24825,1
38,6,18086,1
38,7,16834,1
38,8,14128,1
38,9,2520,1
38,10,27920,1
38,11,4319,1
38,12,31198,1
38,13,16994,1
38,14,26609,1
38,15,21176,1
38,16,26423,1
38,17,13568,1
38,18,23322,1
38,19,36382,1
38,20,16469,1
38,21,37031,1
38,22,21728,0
38,23,30657,1
38,24,19155,1
38,25,5149,1
38,26,26148,1
38,27,29317,1
38,28,22757,1
38,29,21228,1
38,30,19245,1
38,31,319,1
38,32,16322,1
38,33,36961,1
38,34,21873,1
38,35,32652,1
38,36,16955,1
38,37,18369,1
38,38,39219,1
38,39,20366,1
38,40,4911,1
38,41,27274,1
38,42,27782,1
38,43,21764,1
38,44,21911,1
38,45,32929,1
38,46,30575,1
38,47,7429,4966
38,48,20605,1
38,49,18205,1
38,50,23720,1
38,51,38617,1
38,52,24522,1
38,53,19822,1
38,54,32193,1
38,55,22196,1
38,56,10364,1
38,57,17387,1
38,58,14818,4455
38,59,29456,1
38,60,17398,1
38,61,17720,1
38,62,18731,1
38,63,5605,1
38,64,9393,1
38,65,36176,1
38,66,14972,1
38,67,2184,1
38,68,38097,1
38,69,35509,1
38,70,5200,1
38,71,1630,1
38,72,11410,1
38,73,13105,1
38,74,16388,1
38,75,16763,1
38,76,21409,1
38,77,13831,4149
38,78,28214,1
38,79,2843,1
38,80,25223,1
38,81,9083,1
38,82,37960,1
38,83,4987,1
38,84,35136,1
38,85,12219,1
38,86,20100,1
38,87,38933,1
38,88,4266,1
38,89,32553,1
38,90,10522,1
38,91,13111,1
38,92,38745,1
38,93,12166,1
38,94,6212,1
38,95,16063,1
38,96,27655,1
38,97,6460,1
38,98,14858,1
38,99,28917,1
41,0,14007,1
41,1,19627,1
41,2,9056,1
41,3,34129,1
41,4,35835,1
41,5,9079,1
41,6,14982,1
41,7,20158,1
41,8,35650,1
41,9,28421,1
41,10,7305,1
41,11,4889,1
41,12,6511,1
41,13,36941,1
41,14,7876,1
41,15,18850,1
41,16,14981,1
41,17,15384,1
41,18,22809,1
41,19,3168,1
41,20,36451,1
41,21,10548,1
41,22,7938,1
41,23,18018,1
41,24,21660,1
41,25,25985,1
41,26,27765,1
41,27,23328,1
41,28,12919,1
41,29,17833,1
41,30,37107,1
41,31,3585,13441
41,32,19072,1
41,33,12589,1
41,34,31150,1
41,35,18358,1
41,36,8905,1
41,37,9946,1
41,38,38421,1
41,39,25411,1
41,40,11393,1
41,41,4570,1
41,42,2941,1
41,43,28702,1
41,44,32110,1
41,45,14886,1
41,46,19245,1
41,47,32240,1
41,48,970,9
41,49,27033,1
41,50,18886,1
41,51,22456,1
41,52,1336,1
41,53,5280,1
41,54,6797,1
41,55,39247,1
41,56,37665,1
41,57,15886,1
41,58,4695,1
41,59,33414,1
41,60,3183,1
41,61,8908,1
41,62,30992,1
41,63,24171,1
41,64,17958,1
41,65,29934,1
41,66,16167,1
41,67,8107,1
41,68,33946,1
41,69,34080,1
41,70,22106,1
41,71,3729,1
41,72,3985,1
41,73,5247,1
41,74,15961,1
41,75,5548,1
41,76,15669,1
41,77,38020,1
41,78,26522,1
41,79,19471,1
41,80,24757,1
41,81,4315,1
41,82,38072,1
41,83,9906,1
41,84,7546,1
41,85,39698,1
41,86,31880,1
41,87,10102,1
41,88,24322,1
41,89,38188,1
41,90,19579,1
41,91,12486,1
41,92,6042,1
41,93,7318,1
41,94,32169,1
41,95,35481,1
41,96,30012,1
41,97,32113,1
41,98,35264,1
41,99,9812,1
39,0,8254,1
39,1,9547,395
39,2,9792,33
39,3,27286,6
39,4,24104,1
39,5,2324,2968
39,6,31676,1
39,7,10031,1
39,8,35388,1
39,9,11413,50
39,10,27059,1
39,11,10115,8
39,12,24041,45
39,13,27643,1
39,14,1076,2946
39,15,17214,1062
39,16,1931,3017
39,17,13307,1
39,18,34677,1
39,19,17603,569
39,20,2701,2350
39,21,8827,1
39,22,26515,1
39,23,27809,1
39,24,37177,1
39,25,4496,1991
39,26,27942,1
39,27,27940,1
39,28,25502,4
39,29,22306,1
39,30,32704,1
39,31,17928,1
39,32,9437,1
39,33,13228,2
39,34,21635,1
39,35,20745,1
39,36,21520,12
39,37,9888,1
39,38,23004,2
39,39,20565,1
39,40,33366,1
39,41,11559,43
39,42,36704,1289
39,43,419,1
39,44,35839,896
39,45,29830,1
39,46,22721,12
39,47,37981,1
39,48,22993,19
39,49,29852,12
39,50,35501,1676
39,51,30073,1
39,52,9781,6
39,53,7880,2
39,54,27523,22
39,55,9574,12
39,56,10113,1
39,57,35879,3
39,58,8178,1
39,59,18593,1
39,60,8611,2
39,61,33083,1328
39,62,27760,10
39,63,29030,2
39,64,36582,39
39,65,31655,1
39,66,9428,1
39,67,14980,17
39,68,13604,1
39,69,24918,7
39,70,26321,13
39,71,14921,1
39,72,38921,1830
39,73,15612,1262
39,74,39184,2
39,75,21917,119
39,76,26303,1
39,77,6901,1
39,78,34729,1
39,79,1067,119
39,80,11643,1
39,81,20873,1
39,82,4733,2261
39,83,28026,2
39,84,31716,38
39,85,25489,2
39,86,32690,17
39,87,23386,1
39,88,16475,2
39,89,27123,28
39,90,31564,1
39,91,19257,1
39,92,17451,26
39,93,19272,1
39,94,21349,6
39,95,14165,1
39,96,22799,1
39,97,15839,322
39,98,15689,2
39,99,16844,350
40,0,6382,1014
40,1,37339,1
40,2,35237,1
40,3,20263,1
40,4,15096,1
40,5,35228,1028
40,6,5039,7
40,7,26961,1
40,8,14391,1
40,9,19527,1
40,10,8166,1
40,11,39093,1
40,12,17316,1
40,13,29940,1
40,14,33409,35
40,15,26460,154
40,16,39473,1
40,17,15646,87
40,18,11454,1
40,19,18299,1
40,20,10218,1
40,21,35104,179
40,22,6799,1
40,23,17218,1
40,24,3639,1
40,25,26639,1
40,26,25971,1
40,27,24705,1
40,28,6525,1
40,29,16755,1
40,30,23648,1
40,31,25975,1
40,32,22309,1
40,33,39970,2
40,34,31388,1
40,35,30265,1
40,36,4340,10
40,37,14779,1
40,38,14635,821
40,39,21564,1
40,40,19289,1
40,41,16636,367
40,42,34019,6
40,43,10047,1
40,44,18182,1
40,45,17985,1
40,46,27099,1
40,47,1687,1
40,48,38582,1
40,49,15386,1
40,50,10754,9
40,51,31000,1
40,52,16076,1
40,53,20871,11
40,54,11468,1
40,55,11869,1
40,56,1564,1228
40,57,1042,310
40,58,14982,1
40,59,4277,0
40,60,11971,1
40,61,33545,1
40,62,21963,1
40,63,746,1
40,64,27120,1
40,65,38103,1
40,66,21711,1
40,67,35311,6
40,68,14790,1
40,69,8318,1
40,70,984,1147
40,71,30437,1
40,72,16474,1
40,73,39092,1
40,74,33165,1
40,75,394,1
40,76,10775,1
40,77,4951,94
40,78,20007,1
40,79,24895,1
40,80,34689,1
40,81,36173,39
40,82,31300,424
40,83,23220,1
40,84,10966,1
40,85,26428,1
40,86,19290,1
40,87,25650,1
40,88,8464,1
40,89,3619,134
40,90,2184,675
40,91,9988,1
40,92,27336,1
40,93,3859,1
40,94,17032,2
40,95,37379,2
40,96,34869,120
40,97,22734,1
40,98,30785,1
40,99,25533,5
43,0,38756,34
43,1,15051,3
43,2,25067,5
43,3,6398,10
43,4,34357,5
43,5,21376,4
43,6,31448,4
43,7,30116,2994
43,8,33131,3
43,9,6986,1
43,10,12674,1
43,11,33297,717
43,12,28120,1
43,13,22940,3244
43,14,18942,3464
43,15,30422,2853
43,16,23964,2
43,17,15908,1
43,18,98,459
43,19,33430,2132
43,20,23985,1
43,21,23308,1
43,22,2013,93
43,23,20065,1
43,24,29265,1
43,25,30940,1
43,26,27824,2006
43,27,26082,1
43,28,3780,1
43,29,19324,1531
43,30,10189,1
43,31,8366,1
43,32,29193,1
43,33,23703,2973
43,34,27978,1
43,35,5820,2
43,36,39776,1
43,37,23260,1
43,38,34498,182
43,39,21364,4099
43,40,30834,1
43,41,32350,1
43,42,28745,3366
43,43,31392,1
43,44,7902,1
43,45,21083,1
43,46,34953,1
43,47,7487,1
43,48,36194,147
43,49,90,62
43,50,38974,1
43,51,35896,1
43,52,30817,2086
43,53,32813,1
43,54,12490,1
43,55,28140,3802
43,56,1814,1168
43,57,22550,2
43,58,21621,590
43,59,15140,6
43,60,17110,47
43,61,18182,1
43,62,16581,1
43,63,13673,1
43,64,36283,41
43,65,2625,231
43,66,27254,1
43,67,22515,2697
43,68,39283,1
43,69,18909,1
43,70,23511,4427
43,71,20793,1
43,72,28963,1
43,73,36584,1
43,74,10369,1
43,75,35239,1747
43,76,5881,1
43,77,15529,1
43,78,17140,1
43,79,26670,1
43,80,8269,1
43,81,24383,1
43,82,24527,1
43,83,181,1
43,84,14387,1
43,85,9511,1
43,86,6700,1
43,87,1197,1
43,88,36255,1
43,89,9049,1
43,90,21142,4
43,91,3842,989
43,92,8629,3
43,93,401,19
43,94,1896,1
43,95,39277,1
43,96,39725,1
43,97,13355,1
43,98,29955,1
43,99,37606,1
46,0,21633,5737
46,1,38267,1
46,2,22875,2
46,3,7995,2145
46,4,20222,2
46,5,26578,21
46,6,24925,6
46,7,17003,5929
46,8,13262,46
46,9,37314,1
46,10,2797,462
46,11,10684,30
46,12,39355,31
46,13,7589,2296
46,14,22342,1
46,15,14888,117
46,16,30489,35
46,17,15123,1
46,18,34164,324
46,19,24389,10
46,20,22683,66
46,21,22344,2
46,22,12724,1
46,23,15170,2
46,24,39682,1
46,25,21684,4
46,26,25912,41
46,27,21952,1
46,28,15664,3
46,29,15264,7
46,30,14215,4460
46,31,21194,117
46,32,12187,2378
46,33,25208,74
46,34,34560,185
46,35,2803,5558
46,36,13469,144
46,37,1465,1
46,38,18558,126
46,39,25611,15
46,40,39848,1
46,41,28855,2
46,42,11863,1
46,43,7357,1
46,44,6038,1
46,45,11787,2182
46,46,15039,4700
46,47,26440,1
46,48,3358,1
46,49,38681,1
46,50,30666,1
46,51,13912,2
46,52,26595,2
46,53,33338,5
46,54,5775,2
46,55,22976,360
46,56,37414,189
46,57,34378,1
46,58,38056,1
46,59,22551,1
46,60,34396,25
46,61,24271,5686
46,62,36373,29
46,63,11244,15
46,64,5147,1
46,65,21764,1
46,66,10624,6087
46,67,20903,201
46,68,9453,1
46,69,23490,3
46,70,39579,18
46,71,17021,6049
46,72,35143,1
46,73,7754,1
46,74,38757,8
46,75,7055,2
46,76,20564,38
46,77,31089,95
46,78,33036,4
46,79,17696,5913
46,80,11178,2724
46,81,16104,1
46,82,1197,26
46,83,32945,128
46,84,478,1
46,85,16615,4002
46,86,4471,1
46,87,34555,176
46,88,179,125
46,89,32758,1
46,90,36973,26
46,91,18632,3807
46,92,24749,1
46,93,14424,5242
46,94,7306,1
46,95,29935,1
46,96,25156,4
46,97,1492,1
46,98,36094,27
46,99,37738,34
47,0,29258,1
47,1,20555,3551
47,2,36693,2
47,3,21861,1
47,4,961,57
47,5,429,1
47,6,34868,563
47,7,10200,1
47,8,34522,1
47,9,6207,1
47,10,38288,2
47,11,20128,3282
47,12,28551,2
47,13,14589,4
47,14,36809,33
47,15,7278,1
47,16,5998,102
47,17,14861,1
47,18,5520,2
47,19,9258,2
47,20,8916,9
47,21,34140,3
47,22,17511,3573
47,23,12322,1
47,24,17704,1686
47,25,17383,725
47,26,27706,1
47,27,20575,4122
47,28,18410,1
47,29,16342,9
47,30,27674,2
47,31,38804,65
47,32,8950,1
47,33,37826,2195
47,34,34322,3
47,35,30896,1
47,36,18033,22
47,37,32984,1
47,38,2344,138
47,39,25810,1
47,40,28303,1
47,41,13141,7
47,42,17138,2
47,43,26012,1
47,44,19966,3502
47,45,8689,1
47,46,7185,5
47,47,16992,3319
47,48,5746,1
47,49,13976,1
47,50,2447,735
47,51,5368,82
47,52,11854,1
47,53,21395,3
47,54,1105,1
47,55,10354,1
47,56,33516,33
47,57,9222,1
47,58,31416,2
47,59,11687,1
47,60,29257,1
47,61,39634,252
47,62,5402,1
47,63,38317,1
47,64,35984,1
47,65,17242,1
47,66,5080,1
47,67,33698,1
47,68,24961,3305
47,69,12899,15
47,70,17052,1
47,71,26665,1
47,72,22654,88
47,73,13909,1
47,74,25202,1
47,75,12209,1
47,76,25458,18
47,77,24158,3480
47,78,35903,122
47,79,12273,26
47,80,1246,1
47,81,27894,1
47,82,7970,1
47,83,15984,2
47,84,37057,1874
47,85,33533,1
47,86,17061,86
47,87,19008,1
47,88,12388,1
47,89,27328,1
47,90,14367,1
47,91,24779,1
47,92,3455,117
47,93,17882,1
47,94,26090,1
47,95,28037,80
47,96,20299,6
47,97,10871,1
47,98,573,51
47,99,22017,84
42,0,31130,28
42,1,32763,3
42,2,11248,4
42,3,28884,3
42,4,9970,2233
42,5,7525,3
42,6,21505,29
42,7,36918,10
42,8,15519,13
42,9,38093,8
42,10,17182,2146
42,11,27502,42
42,12,35276,32
42,13,12292,10
42,14,4476,11
42,15,38032,2009
42,16,8456,3
42,17,16170,1910
42,18,28743,20
42,19,12209,133
42,20,1400,1064
42,21,7863,17
42,22,37226,1183
42,23,22913,6
42,24,11243,3
42,25,35241,297
42,26,26030,4
42,27,27458,1
42,28,37387,192
42,29,18246,0
42,30,36730,11
42,31,30756,1
42,32,32430,138
42,33,11085,3
42,34,28217,14
42,35,17727,28
42,36,35212,1889
42,37,28093,62
42,38,10713,10
42,39,21164,29
42,40,2379,2550
42,41,8065,22
42,42,19823,16
42,43,12737,7
42,44,33975,9
42,45,20534,1
42,46,2807,1014
42,47,16935,3
42,48,30157,1
42,49,28443,5
42,50,27193,37
42,51,4440,224
42,52,5558,36
42,53,4756,4
42,54,17160,3039
42,55,4410,1350
42,56,5713,54
42,57,4059,19
42,58,28261,2
42,59,26003,33
42,60,25897,1
42,61,2819,4
42,62,7552,276
42,63,26601,2
42,64,9094,1
42,65,10794,2197
42,66,32798,1
42,67,9719,1
42,68,23775,1
42,69,29499,2
42,70,2390,2376
42,71,7501,8
42,72,1453,28
42,73,30429,56
42,74,27573,18
42,75,33733,2
42,76,986,361
42,77,22460,9
42,78,10625,26
42,79,32093,4
42,80,18200,2
42,81,12594,2662
42,82,21403,2
42,83,17142,20
42,84,17807,9
42,85,32593,16
42,86,34109,1
42,87,16744,64
42,88,20398,15
42,89,14479,1
42,90,3747,48
42,91,37696,22
42,92,29923,3
42,93,33295,3
42,94,26759,13
42,95,4823,1030
42,96,8229,141
42,97,3976,1170
42,98,25476,10
42,99,13328,2
44,0,36884,5367
44,1,2843,1
44,2,10512,1
44,3,39375,2
44,4,25348,346
44,5,14280,1
44,6,8458,22
44,7,7045,1
44,8,15782,1
44,9,15100,1
44,10,37428,2
44,11,25923,1
44,12,21394,1
44,13,25238,4456
44,14,11276,1
44,15,39668,1
44,16,21506,2801
44,17,14599,1
44,18,16875,1
44,19,34126,1
44,20,35149,1
44,21,9585,1
44,22,22297,1
44,23,9474,1
44,24,35726,1
44,25,16730,2516
44,26,25853,4
44,27,22847,6
44,28,24803,5520
44,29,13773,1
44,30,1133,1251
44,31,16413,14
44,32,2065,1
44,33,14093,1
44,34,34084,1
44,35,15341,1
44,36,26245,1
44,37,28151,1
44,38,26129,14
44,39,26010,2
44,40,20406,1
44,41,37427,1
44,42,26060,1
44,43,4667,1
44,44,30246,6273
44,45,5590,6
44,46,39331,1267
44,47,11193,1
44,48,8134,1
44,49,25624,1
44,50,10579,1
44,51,36824,1
44,52,37113,1370
44,53,5805,29
44,54,36434,37
44,55,34083,1
44,56,33265,19
44,57,27713,1
44,58,24777,1
44,59,37176,128
44,60,20470,1
44,61,14997,1
44,62,10784,1
44,63,21741,1
44,64,26821,5367
44,65,9073,1
44,66,39537,1595
44,67,6494,95
44,68,4117,1
44,69,2309,1
44,70,38174,1
44,71,39957,1
44,72,10164,1
44,73,16416,1
44,74,7998,1
44,75,17364,1
44,76,30352,1
44,77,13580,1
44,78,2418,1
44,79,10497,1
44,80,27666,1
44,81,39684,1141
44,82,11094,1
44,83,39023,1
44,84,33637,1
44,85,6802,1
44,86,33299,1
44,87,3461,1
44,88,28245,1
44,89,21897,1
44,90,31762,1
44,91,30925,1
44,92,22162,1999
44,93,24988,1021
44,94,1227,1
44,95,26139,1
44,96,11795,350
44,97,20250,3
44,98,1403,1
44,99,9943,1
45,0,4509,1
45,1,25131,1
45,2,24331,1
45,3,13240,1
45,4,6087,1
45,5,28131,1
45,6,18401,1
45,7,243,1
45,8,33394,1
45,9,23993,1
45,10,32920,1
45,11,31719,1
45,12,10590,1
45,13,32238,1
45,14,29390,1
45,15,35706,1
45,16,37014,1
45,17,17985,1
45,18,28230,1
45,19,15347,1
45,20,21382,1
45,21,21381,1
45,22,27084,1
45,23,10274,1
45,24,13748,1
45,25,12429,1
45,26,27647,1
45,27,21470,1
45,28,27549,1
45,29,14851,1
45,30,14592,1
45,31,34023,1
45,32,35181,1
45,33,26712,1
45,34,37494,1
45,35,3433,1
45,36,30809,1
45,37,19670,1
45,38,6267,1
45,39,26210,1
45,40,8861,1
45,41,25361,7581
45,42,34982,1
45,43,19674,1
45,44,4173,1
45,45,2491,1
45,46,31477,1
45,47,5393,1
45,48,10522,1
45,49,37271,0
45,50,22359,7031
45,51,28280,1
45,52,22372,1
45,53,33862,1
45,54,35412,1
45,55,17813,1
45,56,29366,57
45,57,6205,573
45,58,18138,6790
45,59,26313,82
45,60,15331,2
45,61,30360,1
45,62,19813,1
45,63,8814,2128
45,64,14010,193
45,65,4551,2
45,66,33993,46
45,67,15642,1
45,68,19624,2
45,69,31718,1
45,70,15647,1
45,71,9601,6
45,72,37675,1
45,73,22571,7469
45,74,30794,1
45,75,18871,1
45,76,35247,2
45,77,6649,34
45,78,8933,3
45,79,5074,1
45,80,17735,6557
45,81,11473,25
45,82,17867,1
45,83,22061,0
45,84,26569,2
45,85,23720,7296
45,86,5890,2
45,87,27913,2
45,88,454,2
45,89,16467,1
45,90,12804,53
45,91,37071,1
45,92,868,2
45,93,28447,6
45,94,16364,7285
45,95,20593,4
45,96,6938,6776
45,97,29629,54
45,98,5882,6752
45,99,34222,1
50,0,8117,1
50,1,3388,1
50,2,14193,1
50,3,1512,1
50,4,35751,2
50,5,9561,4261
50,6,4636,1
50,7,58,67
50,8,18116,4053
50,9,21008,1
50,10,16200,1
50,11,1112,1
50,12,18100,1
50,13,4155,78
50,14,13628,468
50,15,24192,1
50,16,3552,1
50,17,11507,1
50,18,36215,6750
50,19,892,1
50,20,22755,27
50,21,11923,4028
50,22,20591,1
50,23,33021,7102
50,24,29662,5618
50,25,29284,6179
50,26,26738,38
50,27,5905,1
50,28,15016,2
50,29,39786,1
50,30,15470,1
50,31,11777,1
50,32,1186,1
50,33,9994,1
50,34,30156,1
50,35,27274,2
50,36,5672,63
50,37,38806,1
50,38,32694,1
50,39,9078,1
50,40,13923,3599
50,41,3319,3
50,42,34873,5585
50,43,19605,1
50,44,1595,1
50,45,3958,123
50,46,13062,1
50,47,36253,5373
50,48,9194,1
50,49,3367,1
50,50,10003,1
50,51,38556,1
50,52,35692,1
50,53,4210,23
50,54,20063,99
50,55,2069,1
50,56,8210,28
50,57,36735,1
50,58,38546,3
50,59,14015,3
50,60,3958,13
50,61,23165,1
50,62,30978,1
50,63,6038,29
50,64,14537,3966
50,65,14032,346
50,66,5842,1
50,67,33563,1
50,68,26056,6299
50,69,21909,10
50,70,22901,1
50,71,8623,1
50,72,13901,1
50,73,2834,14
50,74,33168,1
50,75,22856,671
50,76,7170,8
50,77,10687,1
50,78,7102,1
50,79,34829,35
50,80,16688,1
50,81,27883,6849
50,82,8045,232
50,83,24212,5
50,84,5430,1
50,85,19405,1
50,86,37349,1
50,87,26229,6709
50,88,32660,1
50,89,17512,1
50,90,8041,271
50,91,21131,319
50,92,31911,6219
50,93,33817,5742
50,94,19830,4
50,95,39559,1
50,96,23023,8
50,97,18880,1
50,98,1768,1
50,99,34160,1
49,0,30994,3873
49,1,26603,27
49,2,12001,2
49,3,3110,5868
49,4,21616,3
49,5,14763,30
49,6,38113,27
49,7,23297,50
49,8,38247,11
49,9,7687,6379
49,10,6322,5975
49,11,18498,112
49,12,29335,385
49,13,32452,0
49,14,17028,29
49,15,5010,925
49,16,6429,107
49,17,10722,6627
49,18,30281,1
49,19,31851,1
49,20,17806,78
49,21,10959,1
49,22,34950,3324
49,23,28126,26
49,24,3728,10
49,25,20029,350
49,26,24826,99
49,27,5423,1000
49,28,26900,146
49,29,35725,2377
49,30,19495,90
49,31,24606,119
49,32,24179,276
49,33,11498,4694
49,34,36737,4123
49,35,24257,31
49,36,19364,4
49,37,17011,33
49,38,20402,95
49,39,9676,6383
49,40,22936,810
49,41,39824,5
49,42,17992,9
49,43,31923,714
49,44,39730,3556
49,45,38310,3300
49,46,29500,16
49,47,11558,5
49,48,16358,2
49,49,1957,138
49,50,5344,1
49,51,12923,6
49,52,31469,1
49,53,4734,4537
49,54,9700,5205
49,55,36906,56
49,56,3810,2
49,57,8562,1
49,58,14980,7
49,59,21425,321
49,60,24893,1
49,61,29254,31
49,62,14418,144
49,63,3608,3
49,64,23401,3
49,65,33171,240
49,66,29211,88
49,67,31951,2
49,68,36227,52
49,69,30137,1
49,70,38969,126
49,71,4851,7332
49,72,16433,2
49,73,14004,1
49,74,21557,712
49,75,34671,7
49,76,21853,4
49,77,26247,9
49,78,22998,1
49,79,25855,1
49,80,23245,1
49,81,19604,174
49,82,24715,27
49,83,13328,1
49,84,31521,2147
49,85,26509,18
49,86,38768,104
49,87,19588,1
49,88,36584,3339
49,89,1221,18
49,90,23872,4
49,91,39569,341
49,92,8030,13
49,93,7840,5244
49,94,25240,1
49,95,30217,51
49,96,4806,6722
49,97,7017,6505
49,98,7908,5975
49,99,30644,5
48,0,23368,18
48,1,4316,7
48,2,1831,1
48,3,29244,1
48,4,877,3
48,5,911,16
48,6,24522,28
48,7,30100,3364
48,8,16987,1
48,9,38794,1
48,10,7183,1
48,11,12703,107
48,12,140,1
48,13,21804,64
48,14,2562,2
48,15,8972,4
48,16,34569,1
48,17,10984,21
48,18,18926,1
48,19,6982,1
48,20,31573,5
48,21,39163,0
48,22,30164,3
48,23,27326,2
48,24,25706,24
48,25,20682,51
48,26,26679,1
48,27,6800,4
48,28,24155,1
48,29,38295,3438
48,30,6036,5
48,31,6996,5
48,32,31064,14
48,33,38879,156
48,34,33327,3496
48,35,39812,0
48,36,14800,11
48,37,25492,3701
48,38,36617,0
48,39,9477,3
48,40,30833,8
48,41,15538,60
48,42,9070,9
48,43,13268,17
48,44,29451,1
48,45,1408,17
48,46,37354,3
48,47,21006,5
48,48,13970,90
48,49,26662,2
48,50,33564,1
48,51,21467,1
48,52,6210,2
48,53,16677,1
48,54,10722,43
48,55,13176,3
48,56,4061,44
48,57,30070,2
48,58,21620,17
48,59,32288,3713
48,60,30032,23
48,61,13891,22
48,62,5389,0
48,63,20183,50
48,64,32564,11
48,65,1340,0
48,66,34755,4
48,67,19155,20
48,68,20719,1
48,69,728,14
48,70,21496,32
48,71,31559,1
48,72,28923,3457
48,73,11497,4
48,74,38761,1
48,75,29517,3378
48,76,16959,47
48,77,33177,1
48,78,16483,17
48,79,27631,13
48,80,33177,1
48,81,7814,5
48,82,21590,18
48,83,30290,3241
48,84,34941,1
48,85,9592,76
48,86,26178,1
48,87,35135,8
48,88,20727,14
48,89,6651,23
48,90,6478,1
48,91,33423,24
48,92,29324,3857
48,93,4382,9
48,94,10103,311
48,95,32115,3616
48,96,9663,13
48,97,37638,1
48,98,7077,57
48,99,6365,12
52,0,13871,7051
52,1,9819,7306
52,2,13457,7406
52,3,8355,123
52,4,7481,6265
52,5,19964,2
52,6,27941,1
52,7,10185,12039
52,8,14731,781
52,9,34367,30
52,10,36445,2
52,11,35885,6
52,12,4218,232
52,13,17101,173
52,14,20428,23
52,15,25828,1
52,16,12954,6223
52,17,13585,5722
52,18,24347,4261
52,19,22810,1
52,20,16505,6810
52,21,9996,5477
52,22,5662,12923
52,23,19582,168
52,24,14145,14052
52,25,10773,261
52,26,26561,12
52,27,1293,5
52,28,2433,3
52,29,35313,24
52,30,19873,1
52,31,37434,1
52,32,7173,109
52,33,9355,11
52,34,39671,3
52,35,24887,59
52,36,33057,1
52,37,35216,26
52,38,4463,3
52,39,10275,13259
52,40,28301,1
52,41,36329,5
52,42,1111,10
52,43,7888,6
52,44,1514,3
52,45,29014,4
52,46,9586,12461
52,47,30511,43
52,48,23523,5236
52,49,548,1
52,50,37037,80
52,51,30939,28
52,52,27246,3
52,53,5258,5
52,54,39337,1
52,55,31743,10
52,56,39410,11
52,57,20390,3
52,58,35063,4
52,59,28836,2
52,60,2179,1
52,61,38991,5
52,62,37858,37
52,63,1178,1
52,64,32264,2
52,65,12310,5
52,66,12581,5563
52,67,30338,987
52,68,6398,16
52,69,34718,95
52,70,18685,13001
52,71,1079,17
52,72,18965,2143
52,73,28821,1
52,74,9945,23
52,75,6487,6749
52,76,36536,29
52,77,1806,42
52,78,35247,33
52,79,13233,6773
52,80,26154,13261
52,81,14973,3174
52,82,1384,2
52,83,2445,44
52,84,17612,8241
52,85,33614,32
52,86,36539,6422
52,87,12946,48
52,88,507,13
52,89,24930,11574
52,90,39704,2
52,91,14360,12862
52,92,20502,241
52,93,25511,6227
52,94,34298,1
52,95,20875,5570
52,96,26589,1
52,97,35154,2
52,98,17695,52
52,99,27128,829
53,0,21496,20
53,1,32107,503
53,2,27276,1
53,3,22221,1
53,4,31868,1
53,5,33815,1
53,6,1532,2
53,7,3382,2
53,8,35990,1
53,9,3260,60
53,10,31937,1
53,11,1681,5983
53,12,33414,3
53,13,24102,200
53,14,34895,2
53,15,21866,1
53,16,28463,3
53,17,13323,5721
53,18,35703,2364
53,19,7678,11
53,20,2737,3
53,21,25440,4
53,22,10448,1
53,23,20382,14
53,24,32167,1
53,25,6472,38
53,26,24708,78
53,27,39917,12
53,28,5178,1
53,29,32743,414
53,30,36980,1
53,31,15044,2
53,32,3936,3987
53,33,25621,1
53,34,3081,207
53,35,9332,5081
53,36,37621,130
53,37,30383,1
53,38,28248,170
53,39,14123,4803
53,40,20404,1
53,41,20615,1
53,42,6385,13
53,43,26543,590
53,44,11794,19
53,45,25915,24
53,46,1733,12
53,47,21064,1
53,48,25911,89
53,49,12195,129
53,50,5169,1
53,51,22395,1
53,52,12506,1
53,53,29668,1
53,54,34667,2574
53,55,15472,2
53,56,35511,2
53,57,35234,17
53,58,28423,1
53,59,14325,6299
53,60,33392,13
53,61,14354,1
53,62,3239,268
53,63,28251,23
53,64,23102,16
53,65,4141,4971
53,66,7037,3
53,67,39486,2723
53,68,21906,57
53,69,24128,5957
53,70,36158,1
53,71,10723,3423
53,72,6476,12
53,73,34976,1
53,74,32742,394
53,75,7993,4
53,76,1430,5
53,77,34875,2250
53,78,1761,1
53,79,11458,1
53,80,16223,1
53,81,23114,4
53,82,8157,1
53,83,25483,1
53,84,14192,96
53,85,6883,148
53,86,9130,7488
53,87,37399,1
53,88,12716,5095
53,89,19499,5139
53,90,17098,2
53,91,20506,14
53,92,39208,7
53,93,28969,1
53,94,9435,12
53,95,15329,1
53,96,21732,5765
53,97,4533,4256
53,98,18526,968
53,99,15055,1
54,0,38619,9
54,1,8891,1
54,2,25820,1
54,3,16975,5
54,4,6003,79
54,5,28614,77
54,6,8055,31
54,7,20143,76
54,8,15859,14
54,9,16580,1
54,10,1814,697
54,11,24294,2
54,12,22179,7
54,13,39453,20
54,14,31495,4775
54,15,37400,91
54,16,21938,43
54,17,10460,15
54,18,1637,1021
54,19,16720,64
54,20,4039,1242
54,21,22755,294
54,22,36089,4929
54,23,25278,1
54,24,21750,334
54,25,15727,9
54,26,26620,3
54,27,4047,1236
54,28,33294,5080
54,29,36804,270
54,30,32954,18
54,31,2215,1083
54,32,17295,5
54,33,24117,5
54,34,36499,3931
54,35,12350,1654
54,36,23928,402
54,37,12178,15
54,38,540,33
54,39,9876,8
54,40,11391,20
54,41,24110,206
54,42,23266,19
54,43,10578,4
54,44,13658,1
54,45,35211,13
54,46,25294,3
54,47,5759,1545
54,48,18746,1
54,49,13605,237
54,50,13476,6
54,51,8027,1691
54,52,16728,61
54,53,29144,157
54,54,5030,1264
54,55,20635,4
54,56,39912,2
54,57,27054,2
54,58,8341,3365
54,59,10562,791
54,60,16105,22
54,61,4617,341
54,62,19799,9
54,63,30681,13
54,64,10590,30
54,65,25001,22
54,66,23668,26
54,67,4747,12
54,68,11735,1512
54,69,15899,32
54,70,20090,10
54,71,18143,172
54,72,3944,3341
54,73,20159,4
54,74,4353,393
54,75,39826,4286
54,76,26747,259
54,77,19316,13
54,78,25865,7
54,79,20432,1
54,80,9666,4
54,81,31394,8
54,82,31487,1
54,83,36367,3
54,84,28100,1
54,85,39779,41
54,86,11359,36
54,87,4041,1499
54,88,12441,18
54,89,35790,1
54,90,1267,2
54,91,5716,6
54,92,26737,983
54,93,14946,78
54,94,4025,409
54,95,24671,2
54,96,39950,1
54,97,16396,2
54,98,12386,4
54,99,14923,30
57,0,11998,11
57,1,37611,4
57,2,38902,2
57,3,1332,2
57,4,2121,249
57,5,12868,4913
57,6,1304,62
57,7,23467,1
57,8,37382,23
57,9,38833,266
57,10,17551,2
57,11,28511,2
57,12,37493,2
57,13,19399,1
57,14,16409,4
57,15,35074,8
57,16,10496,122
57,17,12276,140
57,18,1124,760
57,19,23506,20
57,20,24021,135
57,21,36273,2
57,22,25946,4
57,23,8991,10
57,24,24255,22
57,25,32916,3
57,26,24590,1
57,27,38058,761
57,28,23456,3
57,29,29761,18
57,30,10817,13
57,31,1833,2
57,32,23693,7
57,33,39744,18
57,34,9424,434
57,35,34408,51
57,36,15878,3506
57,37,107,5
57,38,39742,12
57,39,14921,9
57,40,17872,3111
57,41,1406,80
57,42,38426,194
57,43,17516,25
57,44,23857,176
57,45,17169,2
57,46,13965,9
57,47,34217,18
57,48,39112,32
57,49,22433,15
57,50,8642,17
57,51,31866,1
57,52,33542,105
57,53,18250,4433
57,54,19634,26
57,55,37686,0
57,56,27213,4
57,57,25553,23
57,58,38219,5
57,59,10872,22
57,60,1891,2
57,61,35805,14
57,62,32060,21
57,63,12894,3230
57,64,19154,1
57,65,18758,1
57,66,24863,25
57,67,10669,207
57,68,7584,2
57,69,18118,50
57,70,33348,11
57,71,16594,12
57,72,166,2
57,73,12301,2821
57,74,7574,5
57,75,24964,22
57,76,21008,6
57,77,3504,2
57,78,24173,6
57,79,37061,20
57,80,9200,413
57,81,30273,19
57,82,27951,2
57,83,37638,525
57,84,36862,2
57,85,30905,5
57,86,23139,9
57,87,15210,3
57,88,32496,1
57,89,1426,1718
57,90,10324,52
57,91,5091,106
57,92,34034,1
57,93,10098,19
57,94,29982,53
57,95,4089,1
57,96,38659,45
57,97,2049,1
57,98,29144,169
57,99,35817,2
51,0,15743,2
51,1,25676,17788
51,2,28012,1
51,3,15378,16717
51,4,16490,1
51,5,23412,18697
51,6,14579,1
51,7,33255,17777
51,8,35728,1
51,9,29901,19442
51,10,11691,1
51,11,6907,1
51,12,7296,1
51,13,14804,1
51,14,28095,1
51,15,16582,18095
51,16,19061,1
51,17,11245,1
51,18,7571,1
51,19,25761,17995
51,20,5340,1
51,21,23719,31
51,22,25377,2
51,23,30173,18495
51,24,7684,1
51,25,24983,1
51,26,24885,1
51,27,8177,19
51,28,17761,18293
51,29,864,1
51,30,28929,19480
51,31,29387,20401
51,32,34301,1
51,33,22613,150
51,34,33566,16906
51,35,11719,1
51,36,10236,1
51,37,30325,17603
51,38,12832,1
51,39,9277,1
51,40,2378,1
51,41,27605,18926
51,42,148,1
51,43,38261,17459
51,44,15523,198
51,45,859,2418
51,46,5208,1
51,47,26805,1
51,48,11582,17384
51,49,15014,1
51,50,21783,1
51,51,30011,1
51,52,20951,16895
51,53,32267,18164
51,54,15392,1
51,55,25799,18675
51,56,7960,1
51,57,15227,1
51,58,31907,19593
51,59,3152,1
51,60,38819,1
51,61,38528,1
51,62,7,1
51,63,33110,1
51,64,1726,1
51,65,5862,2994
51,66,298,1
51,67,6359,1
51,68,1564,107
51,69,11318,1
51,70,374,1
51,71,21915,17608
51,72,1412,1
51,73,5341,0
51,74,15965,3
51,75,28010,18196
51,76,12064,3171
51,77,108,1
51,78,9969,1
51,79,29406,81
51,80,6757,1
51,81,39673,18799
51,82,14817,1
51,83,7251,1
51,84,2009,1
51,85,32674,2
51,86,9940,1
51,87,10682,6
51,88,8518,1
51,89,12082,1
51,90,29083,19002
51,91,27277,18751
51,92,10617,73
51,93,37275,1
51,94,34967,1
51,95,34013,18722
51,96,18167,16301
51,97,28259,20120
51,98,2599,44
51,99,18439,1
56,0,4373,1
56,1,15323,5
56,2,25084,15
56,3,27466,45
56,4,17734,4160
56,5,39017,132
56,6,31361,3
56,7,26622,94
56,8,16122,3926
56,9,29940,56
56,10,22060,218
56,11,22715,4
56,12,4649,44
56,13,12399,1
56,14,1943,1248
56,15,2684,53
56,16,34988,0
56,17,12538,54
56,18,29769,63
56,19,38637,4166
56,20,37788,45
56,21,24477,1
56,22,21160,2724
56,23,11839,4633
56,24,6233,4459
56,25,37217,4
56,26,26443,2
56,27,39435,45
56,28,17062,4454
56,29,32331,1
56,30,37357,5
56,31,24224,5
56,32,26930,3851
56,33,23478,5
56,34,6014,3
56,35,9963,5
56,36,11314,10
56,37,8588,2
56,38,15956,81
56,39,14722,2477
56,40,29417,3650
56,41,17120,8
56,42,29504,14
56,43,38861,15
56,44,13577,1
56,45,20267,4
56,46,21819,9
56,47,17,2
56,48,33075,3474
56,49,10786,5
56,50,36862,4059
56,51,36762,0
56,52,8283,1
56,53,30192,1
56,54,24304,3281
56,55,10309,5
56,56,31111,16
56,57,7061,14
56,58,4858,118
56,59,21735,2745
56,60,10678,64
56,61,20442,136
56,62,26679,20
56,63,25822,19
56,64,31965,5
56,65,26928,3079
56,66,30407,3407
56,67,37874,221
56,68,32076,1
56,69,28709,7
56,70,15875,4411
56,71,6950,1229
56,72,12656,5166
56,73,6146,2612
56,74,24778,11
56,75,19809,1
56,76,16113,6670
56,77,10435,4519
56,78,17658,4382
56,79,38836,3241
56,80,19132,4037
56,81,18483,78
56,82,24827,4832
56,83,14600,21
56,84,283,5
56,85,13988,1
56,86,10549,8
56,87,30757,1
56,88,16639,1
56,89,3208,1
56,90,29281,7
56,91,38945,18
56,92,15328,5105
56,93,2992,164
56,94,14845,9516
56,95,5987,235
56,96,7163,2944
56,97,32670,1
56,98,28313,23
56,99,11539,40
59,0,36747,200
59,1,33035,1
59,2,11265,2
59,3,9953,161
59,4,36995,3603
59,5,21518,15
59,6,21418,1280
59,7,33425,1196
59,8,34862,11
59,9,21047,4
59,10,26568,3109
59,11,16920,1
59,12,15453,10
59,13,1750,1
59,14,27476,2
59,15,6646,1
59,16,19479,1
59,17,12800,12
59,18,18413,73
59,19,13768,125
59,20,11555,44
59,21,9032,1
59,22,16373,7
59,23,14687,12
59,24,28211,916
59,25,1518,28
59,26,24649,1
59,27,812,54
59,28,14317,1
59,29,31252,12
59,30,23898,1448
59,31,6614,9
59,32,33814,143
59,33,10859,1
59,34,6253,8
59,35,21870,1
59,36,6749,4
59,37,13421,18
59,38,32171,5
59,39,14522,1
59,40,37314,201
59,41,29187,1349
59,42,24229,23
59,43,20206,1327
59,44,39649,3
59,45,19718,2
59,46,29673,56
59,47,9465,6
59,48,30687,1744
59,49,39138,11
59,50,28729,1771
59,51,5306,74
59,52,23024,133
59,53,5783,32
59,54,28974,2
59,55,26579,14
59,56,31362,3
59,57,32217,1269
59,58,15145,3
59,59,32598,3366
59,60,19465,9
59,61,5080,1128
59,62,17649,39
59,63,38749,1
59,64,1128,51
59,65,31450,3
59,66,35950,25
59,67,25078,15
59,68,16569,2
59,69,39299,67
59,70,34753,3
59,71,33658,21
59,72,25145,4059
59,73,3638,1
59,74,1982,272
59,75,18303,0
59,76,11219,1
59,77,17366,201
59,78,11143,1
59,79,4259,3
59,80,32711,505
59,81,6694,4
59,82,18054,1
59,83,31561,2737
59,84,7351,3
59,85,718,13
59,86,37958,18
59,87,6304,2
59,88,4430,1
59,89,8639,1
59,90,11887,16
59,91,32799,2878
59,92,36621,1
59,93,39533,4
59,94,39708,171
59,95,11533,7
59,96,12020,39
59,97,23291,20
59,98,23835,4
59,99,27260,1
58,0,29122,7499
58,1,14395,9
58,2,1094,4
58,3,36087,6
58,4,12608,686
58,5,7666,4
58,6,11475,15
58,7,36579,2
58,8,17250,8
58,9,12153,1
58,10,27429,16
58,11,7476,1
58,12,22610,1
58,13,34750,5757
58,14,13009,5
58,15,14256,1
58,16,3971,1
58,17,13061,1
58,18,7058,3
58,19,28899,7601
58,20,28970,2
58,21,37236,6
58,22,15235,22
58,23,17535,32
58,24,10189,29
58,25,2171,6
58,26,26502,6380
58,27,2188,4
58,28,7923,3
58,29,33822,1
58,30,10439,3
58,31,29005,1
58,32,37051,35
58,33,38240,1
58,34,2843,23
58,35,37425,1
58,36,2185,2
58,37,21902,8245
58,38,12034,168
58,39,14322,5522
58,40,8859,2
58,41,4901,5
58,42,15307,2
58,43,5198,10
58,44,25722,7184
58,45,22817,364
58,46,33879,1
58,47,15264,4
58,48,28299,7292
58,49,23843,6
58,50,16949,31
58,51,13851,11
58,52,37765,5
58,53,17725,5658
58,54,29997,1
58,55,2850,2
58,56,35261,26
58,57,13725,125
58,58,21784,7232
58,59,3462,3
58,60,24605,422
58,61,29717,5394
58,62,12268,7
58,63,15324,5397
58,64,10291,154
58,65,39619,5
58,66,1494,15
58,67,12282,64
58,68,37413,1
58,69,13538,3
58,70,17280,5583
58,71,24015,2
58,72,37635,26
58,73,37483,5
58,74,15538,20
58,75,13148,1
58,76,6325,16
58,77,27945,2
58,78,8276,75
58,79,6035,60
58,80,2643,9
58,81,34904,73
58,82,14929,1
58,83,8522,33
58,84,10771,1
58,85,23801,9
58,86,21720,5140
58,87,21852,30
58,88,28573,38
58,89,14069,16
58,90,34492,104
58,91,26652,1
58,92,17915,5500
58,93,32427,1
58,94,24572,7005
58,95,13431,7
58,96,16876,20
58,97,13912,206
58,98,23004,984
58,99,39333,10
55,0,6245,22
55,1,31179,14
55,2,39639,6
55,3,34489,14
55,4,26742,0
55,5,2465,1
55,6,17998,7
55,7,13340,1
55,8,37119,1
55,9,25474,73
55,10,37306,1
55,11,30090,25
55,12,11375,84
55,13,10101,1
55,14,5961,4
55,15,33438,1
55,16,37446,40
55,17,13846,104
55,18,12992,6
55,19,37941,4
55,20,30272,5
55,21,38200,1
55,22,875,21
55,23,22430,2
55,24,39771,1
55,25,11426,7
55,26,24767,1
55,27,2670,20
55,28,36039,26
55,29,34234,21
55,30,6414,7
55,31,19825,1
55,32,14058,60
55,33,36736,31
55,34,39909,6
55,35,36794,1
55,36,28493,44
55,37,3697,10
55,38,24325,249
55,39,10076,148
55,40,39846,1
55,41,8396,249
55,42,32189,13
55,43,29233,41
55,44,27586,1320
55,45,32112,3
55,46,17440,10
55,47,36311,1
55,48,21135,52
55,49,25252,7
55,50,25256,1
55,51,39483,1
55,52,1987,1
55,53,17201,98
55,54,359,5
55,55,8013,32
55,56,39661,8
55,57,1898,1
55,58,1702,7
55,59,39699,6
55,60,7318,2
55,61,19980,611
55,62,28828,106
55,63,17754,17
55,64,1427,2
55,65,20480,5351
55,66,18124,3559
55,67,17542,521
55,68,27242,73
55,69,5309,3
55,70,37564,1
55,71,27787,1532
55,72,31455,1
55,73,22666,653
55,74,27149,1
55,75,1332,2
55,76,31642,1
55,77,8737,3
55,78,32380,12
55,79,18657,1
55,80,39734,1
55,81,3183,14
55,82,38260,2
55,83,19406,1594
55,84,24680,21
55,85,16696,3171
55,86,23949,194
55,87,28493,3
55,88,24650,9
55,89,30360,1
55,90,18661,118
55,91,11862,3533
55,92,1795,18
55,93,18404,906
55,94,19161,2
55,95,22773,96
55,96,35093,1
55,97,25775,107
55,98,13217,42
55,99,2849,122
61,0,2500,5
61,1,3115,28
61,2,10529,2
61,3,20443,15
61,4,8725,3
61,5,31921,8
61,6,4723,2
61,7,3552,4627
61,8,35125,9
61,9,38054,1
61,10,6814,7
61,11,11693,2
61,12,37923,1
61,13,14696,1
61,14,34276,2
61,15,11930,4
61,16,32529,3
61,17,14877,1
61,18,6545,4013
61,19,35685,14
61,20,8952,3794
61,21,10754,4405
61,22,1444,1
61,23,1248,1
61,24,12694,4
61,25,23007,2
61,26,24472,9
61,27,32552,23
61,28,38086,1
61,29,26779,11
61,30,28301,1
61,31,32271,10
61,32,39802,2
61,33,10220,16
61,34,12120,25
61,35,19483,6
61,36,34134,28
61,37,13478,1
61,38,7588,4142
61,39,15720,15
61,40,15340,2
61,41,22197,2
61,42,30467,14
61,43,12136,1
61,44,35920,1
61,45,4774,3886
61,46,26197,3
61,47,3723,6
61,48,8664,2
61,49,32671,12
61,50,12115,9
61,51,37690,18
61,52,14578,2
61,53,6831,3
61,54,8249,4
61,55,16252,2
61,56,22562,10
61,57,12224,1
61,58,11662,9
61,59,7420,3
61,60,14038,4
61,61,20905,28
61,62,20881,1
61,63,33890,2
61,64,18855,9
61,65,29728,1
61,66,2689,2
61,67,18205,2
61,68,33262,2
61,69,12109,1
61,70,30537,1
61,71,26114,15
61,72,30209,3
61,73,29625,15
61,74,18759,4920
61,75,38286,3
61,76,585,2
61,77,12133,29
61,78,2936,9
61,79,22663,105
61,80,2177,6
61,81,33783,5
61,82,11393,4028
61,83,9793,60
61,84,19533,2
61,85,14928,8
61,86,33500,7
61,87,33021,11
61,88,8629,5
61,89,19705,8
61,90,39901,2
61,91,26028,1
61,92,25212,35
61,93,27579,1
61,94,10528,2
61,95,32849,11
61,96,19233,3
61,97,39565,22
61,98,39762,12
61,99,20228,3
62,0,19624,29
62,1,19899,1
62,2,12721,6050
62,3,15198,2
62,4,22860,124
62,5,26719,2
62,6,14894,7014
62,7,16664,31
62,8,14993,2
62,9,11374,7
62,10,16691,6689
62,11,34307,3714
62,12,26688,10
62,13,30047,146
62,14,30876,3799
62,15,31112,27
62,16,26004,183
62,17,12014,14
62,18,12479,5691
62,19,4727,5625
62,20,10254,330
62,21,11717,5051
62,22,30733,1
62,23,9791,27
62,24,2276,5193
62,25,32262,83
62,26,26384,69
62,27,36682,3460
62,28,26201,9
62,29,30840,3
62,30,27924,6
62,31,19443,17
62,32,16808,2
62,33,12363,1
62,34,9186,10
62,35,22501,12
62,36,20442,24
62,37,35273,2553
62,38,19879,5
62,39,15121,108
62,40,6327,50
62,41,25692,13
62,42,7348,5915
62,43,36171,2
62,44,37785,3
62,45,14070,4829
62,46,6111,5726
62,47,24770,319
62,48,1500,5377
62,49,34081,2234
62,50,20422,2
62,51,23322,2
62,52,18801,53
62,53,6307,5379
62,54,18611,15
62,55,21416,22
62,56,26962,1
62,57,397,11
62,58,31579,11
62,59,9,75
62,60,36752,4
62,61,11168,27
62,62,1089,1509
62,63,36319,1
62,64,9992,71
62,65,10589,3
62,66,19320,1
62,67,23465,92
62,68,23092,1
62,69,7528,6916
62,70,14469,6693
62,71,29886,32
62,72,27677,4
62,73,14808,3
62,74,30371,11
62,75,30118,6
62,76,25902,3
62,77,36574,15
62,78,27039,10
62,79,31637,14
62,80,39268,3435
62,81,38415,3170
62,82,34724,33
62,83,20677,0
62,84,33442,3027
62,85,7823,1
62,86,35729,3184
62,87,39663,2995
62,88,8353,59
62,89,35996,19
62,90,27718,1
62,91,11237,1
62,92,12741,27
62,93,13556,2
62,94,5118,1521
62,95,2191,2
62,96,33802,25
62,97,11428,14
62,98,33622,8
62,99,23744,627
60,0,34875,5
60,1,20827,35
60,2,358,3
60,3,2930,377
60,4,27986,1
60,5,18070,9086
60,6,34780,3
60,7,6706,8184
60,8,17513,5
60,9,29161,6
60,10,7674,9653
60,11,5898,10175
60,12,8728,48
60,13,7696,8368
60,14,19809,2
60,15,19540,3
60,16,17021,574
60,17,15139,165
60,18,35190,15
60,19,14465,8016
60,20,22719,18
60,21,35309,7
60,22,36658,66
60,23,4096,355
60,24,34672,85
60,25,23660,11768
60,26,26325,1
60,27,33928,13
60,28,35340,3
60,29,29349,1
60,30,14842,9456
60,31,14662,7372
60,32,6686,8719
60,33,37601,2
60,34,12358,2
60,35,35038,2
60,36,29570,0
60,37,18311,61
60,38,27450,810
60,39,15520,9389
60,40,26885,2
60,41,34263,96
60,42,21544,0
60,43,33481,4
60,44,25640,10242
60,45,7873,9137
60,46,34051,2
60,47,9523,17
60,48,6276,8705
60,49,21024,3
60,50,335,1
60,51,6234,19
60,52,29319,2
60,53,18774,2
60,54,12919,8479
60,55,32523,2
60,56,22812,2
60,57,37380,6
60,58,18301,8743
60,59,18283,10057
60,60,19177,10
60,61,1894,100
60,62,15500,1
60,63,10465,9467
60,64,31666,10141
60,65,37898,60
60,66,8233,9985
60,67,9057,10253
60,68,17755,23
60,69,22699,56
60,70,9416,9959
60,71,12822,7686
60,72,2698,39
60,73,23470,3
60,74,35963,18
60,75,36779,2
60,76,35691,8
60,77,19064,9123
60,78,69,8947
60,79,24439,3
60,80,15757,2
60,81,21994,1
60,82,4621,9265
60,83,26755,0
60,84,22954,0
60,85,38010,1
60,86,20910,8666
60,87,8568,49
60,88,36420,20
60,89,25135,0
60,90,22507,9
60,91,19882,10086
60,92,6506,9746
60,93,24121,1
60,94,35392,5
60,95,34747,11
60,96,24090,320
60,97,30186,5
60,98,38931,11
60,99,35949,2
64,0,29395,1
64,1,26715,1
64,2,32292,1
64,3,11283,1
64,4,29315,0
64,5,33192,1
64,6,21908,1
64,7,23821,11299
64,8,11794,1
64,9,36613,1
64,10,9148,1
64,11,29131,1
64,12,34492,1
64,13,38077,1
64,14,24256,7796
64,15,300,1
64,16,4376,1
64,17,20309,1
64,18,3981,1
64,19,25968,1
64,20,28862,1
64,21,34693,1
64,22,19787,1
64,23,7110,1
64,24,25219,1
64,25,32595,1
64,26,28911,1
64,27,2610,1
64,28,32544,1
64,29,38862,1
64,30,4908,1
64,31,8602,1
64,32,17201,1
64,33,1061,1
64,34,25801,1
64,35,24366,1
64,36,37529,1
64,37,7714,9751
64,38,32654,1
64,39,37298,1
64,40,7746,1
64,41,21382,1
64,42,22616,1
64,43,6826,1
64,44,10562,1
64,45,34561,1
64,46,16844,8942
64,47,22369,1
64,48,19545,1
64,49,462,1
64,50,24296,1
64,51,36885,1
64,52,25943,1
64,53,21417,1
64,54,8565,1
64,55,14210,1
64,56,35419,1
64,57,8366,1
64,58,4697,1
64,59,16265,1
64,60,30261,1
64,61,13199,1
64,62,38537,1
64,63,21309,1
64,64,21677,1
64,65,34866,1
64,66,5019,1
64,67,11467,1
64,68,12509,1
64,69,15909,1
64,70,20473,1
64,71,29315,0
64,72,7673,1
64,73,30335,1
64,74,31217,1
64,75,11271,10180
64,76,4591,1
64,77,20372,1
64,78,27178,1
64,79,18511,1
64,80,36201,1
64,81,20884,1
64,82,1010,1
64,83,19798,1
64,84,23344,1
64,85,3264,1
64,86,12402,1
64,87,16164,0
64,88,36202,1
64,89,586,1
64,90,34243,1
64,91,22905,1
64,92,25348,1
64,93,3337,1
64,94,23961,1
64,95,2643,1
64,96,20074,1
64,97,7830,8266
64,98,14493,1
64,99,4700,1
67,0,21769,1
67,1,8075,1
67,2,22122,3
67,3,33769,1
67,4,8576,1
67,5,15693,1
67,6,11965,1
67,7,26976,82
67,8,34182,3620
67,9,27719,5
67,10,13657,1
67,11,23336,18
67,12,5296,4
67,13,27428,1
67,14,9790,1
67,15,7910,1
67,16,28868,40
67,17,20570,13
67,18,32626,2
67,19,4747,40
67,20,6277,11
67,21,19249,1
67,22,18649,1
67,23,9957,1
67,24,7198,41
67,25,36897,0
67,26,27116,2
67,27,3987,183
67,28,26151,2516
67,29,37784,3554
67,30,31449,1
67,31,30993,47
67,32,20438,1
67,33,28442,1
67,34,22391,2
67,35,36273,3
67,36,32965,4224
67,37,12547,1
67,38,12516,9
67,39,37099,1
67,40,19291,1
67,41,37096,0
67,42,13694,0
67,43,28171,3999
67,44,36634,1110
67,45,37660,2
67,46,24698,1
67,47,28168,3421
67,48,17157,1
67,49,28814,1
67,50,16164,32
67,51,5429,1444
67,52,684,3
67,53,37007,955
67,54,13235,10
67,55,30481,29
67,56,35669,13
67,57,29874,49
67,58,11336,16
67,59,27129,2527
67,60,39049,27
67,61,37837,8
67,62,33155,2208
67,63,34237,35
67,64,30840,1
67,65,39387,3021
67,66,10562,1
67,67,38671,3
67,68,37001,831
67,69,26499,1
67,70,3000,6
67,71,19671,1
67,72,20162,1
67,73,24180,4
67,74,8421,68
67,75,6116,1
67,76,39697,1
67,77,27303,90
67,78,20663,6
67,79,23934,2985
67,80,9781,1
67,81,9094,1
67,82,34237,26
67,83,36759,63
67,84,26764,3961
67,85,26347,145
67,86,39812,2
67,87,31711,53
67,88,23993,1
67,89,6017,1863
67,90,16848,1
67,91,16759,1
67,92,10289,1
67,93,39879,1
67,94,8824,77
67,95,4541,13
67,96,24931,3
67,97,38451,114
67,98,13663,1
67,99,20422,1
63,0,27249,10715
63,1,38539,1
63,2,26539,812
63,3,29064,1
63,4,3599,205
63,5,4218,1
63,6,24837,6652
63,7,13509,3
63,8,36253,5946
63,9,20267,2
63,10,12183,11
63,11,102,1
63,12,15884,2
63,13,37048,6853
63,14,5343,2
63,15,23502,99
63,16,1513,3
63,17,15401,6
63,18,23835,1
63,19,29596,2022
63,20,36487,6
63,21,23513,7
63,22,31871,5569
63,23,6943,189
63,24,16650,6
63,25,27961,3
63,26,24531,405
63,27,35305,1
63,28,32595,1560
63,29,28270,5435
63,30,1383,19
63,31,37052,6350
63,32,9923,4151
63,33,24982,2580
63,34,12596,4
63,35,6946,57
63,36,25006,5
63,37,26792,13
63,38,3665,81
63,39,15321,229
63,40,34782,934
63,41,9977,22
63,42,12622,5
63,43,14826,3
63,44,11713,4846
63,45,10971,3
63,46,38257,54
63,47,18970,8
63,48,3888,77
63,49,9376,37
63,50,28554,101
63,51,14778,2
63,52,4060,2
63,53,30716,105
63,54,13941,2
63,55,8793,2
63,56,23063,6669
63,57,18889,879
63,58,24940,2859
63,59,29146,3
63,60,27964,68
63,61,26531,492
63,62,6470,4835
63,63,23392,84
63,64,829,3
63,65,6067,4221
63,66,13776,6
63,67,36261,5296
63,68,2247,1
63,69,33290,20
63,70,31943,7
63,71,39530,33
63,72,15188,9
63,73,20963,44
63,74,13167,3
63,75,31625,5516
63,76,30796,3628
63,77,25995,1050
63,78,33554,1
63,79,29862,5445
63,80,25689,13
63,81,10204,64
63,82,1496,4326
63,83,3716,1
63,84,26374,1488
63,85,21092,145
63,86,8320,3185
63,87,24116,405
63,88,20562,1902
63,89,30565,890
63,90,5113,4193
63,91,13735,3605
63,92,31447,13165
63,93,20662,5885
63,94,20255,6450
63,95,36645,2
63,96,28946,24
63,97,20807,13
63,98,34453,6876
63,99,8022,0
65,0,37020,1
65,1,9003,1
65,2,6111,1
65,3,25149,1
65,4,13702,1
65,5,7043,1
65,6,31851,1
65,7,17018,1
65,8,33054,1
65,9,5506,1
65,10,4640,1
65,11,34927,1
65,12,27335,1
65,13,5077,1
65,14,38723,1
65,15,32690,1
65,16,19885,1
65,17,20047,1
65,18,15337,1
65,19,10837,1
65,20,15095,1
65,21,6489,1
65,22,24574,1
65,23,7910,1
65,24,3241,1
65,25,31942,1
65,26,27057,1
65,27,1233,1
65,28,35290,1
65,29,36293,1
65,30,18367,1
65,31,26212,1
65,32,10316,1
65,33,13680,1
65,34,25563,1
65,35,8811,1
65,36,2093,1
65,37,39233,1
65,38,16439,1
65,39,37498,1
65,40,39849,1
65,41,5667,1
65,42,27890,1
65,43,25481,1
65,44,24490,1
65,45,31462,1
65,46,8990,1
65,47,12921,1
65,48,21933,1
65,49,12109,1
65,50,36076,1
65,51,28341,1
65,52,11202,1
65,53,9474,1
65,54,7543,1
65,55,1588,1
65,56,35168,1
65,57,23210,1
65,58,34409,1
65,59,5402,1
65,60,25122,1
65,61,28562,1
65,62,7566,1
65,63,4734,1
65,64,12514,1
65,65,26696,1
65,66,39475,1
65,67,24263,1
65,68,31665,1
65,69,1671,1
65,70,1594,1
65,71,2607,1
65,72,35184,1
65,73,32842,1
65,74,14014,1
65,75,12777,1
65,76,9486,1
65,77,9793,1
65,78,30045,1
65,79,16735,1
65,80,26270,1
65,81,29025,1
65,82,7782,1
65,83,2836,1
65,84,19923,1
65,85,16534,1
65,86,24992,1
65,87,617,1
65,88,12059,1
65,89,35156,1
65,90,15285,1
65,91,29051,1
65,92,4054,1
65,93,10443,1
65,94,39098,1
65,95,745,1
65,96,15218,1
65,97,17209,1
65,98,18972,1
65,99,28979,1
66,0,14144,78
66,1,25787,1
66,2,8303,1
66,3,19903,1
66,4,27836,4
66,5,1841,1
66,6,38374,71
66,7,33779,163
66,8,12922,112
66,9,18826,32
66,10,14517,3
66,11,13892,1
66,12,12452,1
66,13,20428,1
66,14,35323,156
66,15,11872,1
66,16,13360,2454
66,17,17184,28
66,18,21271,1
66,19,19878,9
66,20,20045,6
66,21,7452,11
66,22,13862,2
66,23,12805,27
66,24,29176,24
66,25,1198,68
66,26,28970,106
66,27,5363,3373
66,28,23405,4
66,29,353,12
66,30,17990,155
66,31,13383,3
66,32,27323,1
66,33,12175,2878
66,34,22629,16
66,35,11828,1
66,36,28400,1
66,37,21028,9
66,38,28731,1052
66,39,36899,11
66,40,30836,110
66,41,12810,5
66,42,4772,2806
66,43,9516,1
66,44,26354,5
66,45,37110,90
66,46,32552,52
66,47,37616,191
66,48,14769,3112
66,49,17167,2579
66,50,4384,2
66,51,13973,2569
66,52,15425,1
66,53,8950,2439
66,54,17906,6
66,55,6751,2864
66,56,39568,11
66,57,15030,4
66,58,17975,4
66,59,37992,394
66,60,7836,1
66,61,18826,1
66,62,24126,9
66,63,7164,3289
66,64,3,14
66,65,7557,3
66,66,16106,1
66,67,25875,24
66,68,21494,4
66,69,37090,52
66,70,21878,2
66,71,6379,285
66,72,29004,7
66,73,18024,58
66,74,25625,41
66,75,962,1
66,76,34803,15
66,77,34233,1
66,78,14148,3225
66,79,25709,1
66,80,19713,1
66,81,37304,25
66,82,31113,1391
66,83,13720,1
66,84,33832,2
66,85,9429,1
66,86,27221,0
66,87,7259,1
66,88,8136,53
66,89,11447,1
66,90,39454,25
66,91,10613,46
66,92,31583,1
66,93,32773,36
66,94,33688,39
66,95,10087,1
66,96,33435,2
66,97,29072,586
66,98,9184,4
66,99,32495,138
68,0,19897,2
68,1,32218,2
68,2,7567,9109
68,3,26746,8
68,4,39567,21
68,5,12244,5
68,6,25328,49
68,7,3906,36
68,8,13185,2
68,9,35834,16
68,10,34763,14
68,11,12314,10052
68,12,38570,1
68,13,33374,2
68,14,5771,9683
68,15,17156,8053
68,16,26410,1
68,17,19262,150
68,18,9403,14
68,19,1795,2
68,20,13794,56
68,21,5526,2
68,22,38933,186
68,23,39366,49
68,24,13659,148
68,25,22687,108
68,26,28793,4
68,27,752,24
68,28,7174,45
68,29,32232,33
68,30,22393,2
68,31,39040,21
68,32,36958,96
68,33,15184,696
68,34,32145,19
68,35,9442,33
68,36,15786,33
68,37,17437,102
68,38,4148,9018
68,39,38097,1
68,40,8862,32
68,41,2173,7
68,42,11009,4
68,43,37799,5
68,44,22625,15
68,45,22166,5
68,46,29076,1
68,47,31874,3
68,48,32746,5
68,49,10700,9161
68,50,27769,4
68,51,2709,11
68,52,6979,63
68,53,9999,4
68,54,37180,33
68,55,36424,3
68,56,27120,2
68,57,35037,13
68,58,14492,8500
68,59,9165,9947
68,60,2409,18
68,61,34651,65
68,62,27358,2
68,63,2305,4
68,64,21378,20
68,65,5836,3
68,66,22845,212
68,67,19002,43
68,68,38187,24
68,69,9899,5
68,70,17662,541
68,71,38835,11727
68,72,37716,275
68,73,7659,7
68,74,2402,56
68,75,24593,4
68,76,20521,10863
68,77,29001,0
68,78,5941,10117
68,79,4113,8700
68,80,29179,1
68,81,24394,2
68,82,24452,1
68,83,31953,1
68,84,6014,22
68,85,23639,323
68,86,26411,1
68,87,33975,7
68,88,15983,413
68,89,18865,775
68,90,27468,2085
68,91,3842,139
68,92,20174,4
68,93,24466,1
68,94,8156,12390
68,95,31403,1
68,96,37001,19
68,97,5346,8942
68,98,25111,3804
68,99,29111,4
69,0,27522,5
69,1,14506,17
69,2,21385,3
69,3,4260,2
69,4,23954,15
69,5,26096,12
69,6,35271,2
69,7,37103,670
69,8,30797,1
69,9,4727,80
69,10,33902,1
69,11,18109,295
69,12,27766,4
69,13,374,4303
69,14,20238,53
69,15,9546,104
69,16,1918,2
69,17,19000,9
69,18,20758,3
69,19,26664,4
69,20,27,46
69,21,20970,8
69,22,72,1
69,23,166,3839
69,24,31681,8
69,25,18386,58
69,26,26939,2
69,27,39375,82
69,28,13567,60
69,29,33311,23
69,30,35852,13
69,31,16650,23
69,32,30073,29
69,33,27803,9
69,34,31906,14
69,35,33887,45
69,36,20350,419
69,37,8956,3477
69,38,27933,5
69,39,38297,162
69,40,37317,407
69,41,26458,4
69,42,19931,1328
69,43,16454,20
69,44,36553,2
69,45,19068,11
69,46,21222,10
69,47,26075,7
69,48,35134,57
69,49,25995,3
69,50,39549,1187
69,51,37812,1
69,52,32238,1
69,53,38056,1
69,54,32510,1
69,55,20154,1
69,56,26869,2
69,57,13529,7
69,58,7853,1
69,59,38302,928
69,60,33621,1
69,61,10014,38
69,62,36387,7
69,63,29377,1
69,64,8567,3739
69,65,1314,1
69,66,17301,804
69,67,31798,3
69,68,17343,360
69,69,39309,128
69,70,38784,13
69,71,8479,3
69,72,25226,9
69,73,10166,3892
69,74,25198,1
69,75,29748,1
69,76,25415,1
69,77,18422,302
69,78,12456,6
69,79,2338,2895
69,80,19247,9
69,81,36184,7
69,82,27577,2
69,83,14991,1194
69,84,2594,3040
69,85,556,2839
69,86,39002,1
69,87,18428,601
69,88,28192,1
69,89,17083,108
69,90,4863,5
69,91,9988,3547
69,92,38880,1
69,93,27924,0
69,94,23293,15
69,95,25857,3
69,96,32144,19
69,97,14725,4
69,98,29590,1
69,99,13390,436
73,0,18025,1
73,1,20010,1
73,2,33012,1
73,3,19723,1
73,4,30559,1
73,5,5148,1
73,6,38690,1
73,7,17188,1
73,8,32188,1
73,9,300,1
73,10,19517,1
73,11,4940,1
73,12,31845,1
73,13,35672,1
73,14,38104,1
73,15,26402,1
73,16,23951,1
73,17,21601,1
73,18,26179,1
73,19,2491,1
73,20,21310,1
73,21,31803,1
73,22,15569,1
73,23,28775,1
73,24,23768,1
73,25,4829,1
73,26,26821,1
73,27,33868,1
73,28,28197,1
73,29,30329,1
73,30,13337,1
73,31,3439,1
73,32,9830,1
73,33,1926,1
73,34,38250,1
73,35,18962,1
73,36,38606,1
73,37,22328,1
73,38,35779,1
73,39,2743,1
73,40,34785,1
73,41,7249,1
73,42,11972,1
73,43,11074,1
73,44,8616,1
73,45,10321,1
73,46,33454,1
73,47,35580,1
73,48,4686,1
73,49,36233,1
73,50,3022,1
73,51,3636,1
73,52,13275,1
73,53,22990,1
73,54,17476,1
73,55,2368,1
73,56,18570,1
73,57,200,1
73,58,21296,1
73,59,34849,1
73,60,2120,1
73,61,35114,1
73,62,25208,1
73,63,14020,1
73,64,8268,1
73,65,12284,1
73,66,35127,1
73,67,2981,1
73,68,3022,1
73,69,33299,0
73,70,32325,1
73,71,14351,1
73,72,18917,1
73,73,31139,1
73,74,31,1
73,75,3070,1
73,76,4992,1
73,77,27051,1
73,78,31219,1
73,79,27941,1
73,80,12224,1
73,81,39694,1
73,82,11019,1
73,83,27146,1
73,84,25265,1
73,85,20930,1
73,86,13011,1
73,87,36239,1
73,88,7972,1
73,89,35361,1
73,90,38088,1
73,91,34573,1
73,92,30058,1
73,93,9053,1
73,94,3840,1
73,95,14617,1
73,96,9071,1
73,97,12241,1
73,98,208,1
73,99,37800,1
70,0,4646,3796
70,1,31290,4805
70,2,19930,11
70,3,39015,4
70,4,34441,5085
70,5,20894,4
70,6,1794,1
70,7,13864,3188
70,8,10665,1
70,9,14399,2
70,10,3779,7
70,11,722,44
70,12,16531,3
70,13,15725,12
70,14,13190,39
70,15,28728,4
70,16,35393,1
70,17,19785,1
70,18,26692,1
70,19,35705,1
70,20,1328,1
70,21,21933,1
70,22,29360,1
70,23,5062,1
70,24,21263,1
70,25,27641,1
70,26,28852,1
70,27,3505,1
70,28,38035,1
70,29,37371,1
70,30,31827,1
70,31,3821,1
70,32,7079,1
70,33,26298,1
70,34,28973,1
70,35,36904,1
70,36,6657,1
70,37,30752,1
70,38,225,1
70,39,37698,1
70,40,28304,1
70,41,33601,1
70,42,36812,1
70,43,4136,1
70,44,38418,0
70,45,28364,1
70,46,4784,1
70,47,7122,1
70,48,27969,1
70,49,27405,1
70,50,7857,1
70,51,19797,1
70,52,36461,4824
70,53,37532,38
70,54,2872,1
70,55,25317,1
70,56,31269,4490
70,57,1702,34
70,58,27770,254
70,59,34539,1
70,60,16335,0
70,61,3925,50
70,62,12947,2
70,63,31807,72
70,64,39703,1
70,65,22175,1
70,66,33932,1
70,67,37058,1
70,68,7172,0
70,69,31080,1
70,70,19068,1
70,71,12251,1
70,72,22694,1
70,73,38997,1
70,74,36810,1
70,75,17932,1
70,76,10732,1
70,77,2862,1
70,78,36560,1
70,79,11312,1
70,80,12690,32
70,81,815,6
70,82,10907,4
70,83,25875,4975
70,84,16503,13
70,85,33452,3
70,86,1231,12
70,87,25070,3759
70,88,27916,9
70,89,29726,21
70,90,32679,5064
70,91,35197,2
70,92,22761,23
70,93,13901,2
70,94,14235,271
70,95,35199,9
70,96,10362,14
70,97,26588,28
70,98,19802,3
70,99,16906,5
72,0,10399,1
72,1,37722,1
72,2,19193,1
72,3,5857,1
72,4,9820,1
72,5,31297,2594
72,6,28747,1
72,7,20343,1
72,8,10928,1
72,9,31406,1
72,10,24025,1568
72,11,35496,1
72,12,39001,1
72,13,28671,1
72,14,23638,1
72,15,30364,2682
72,16,8443,1
72,17,21863,1
72,18,14824,1
72,19,17623,1
72,20,35077,2634
72,21,20006,1
72,22,14431,1
72,23,31623,622
72,24,5746,2
72,25,9130,1
72,26,28675,1
72,27,35245,1
72,28,25452,1
72,29,29250,1
72,30,36230,1
72,31,25830,1
72,32,13067,1
72,33,25659,1
72,34,38488,1
72,35,34517,1
72,36,34042,1377
72,37,30809,1
72,38,15641,1
72,39,2543,1
72,40,6330,1
72,41,22964,1
72,42,3050,1
72,43,32419,1
72,44,34688,1
72,45,13420,1
72,46,1308,1
72,47,1380,1962
72,48,2298,1
72,49,24586,2967
72,50,31242,1
72,51,12180,1
72,52,28016,1
72,53,38580,99
72,54,22147,1
72,55,14990,1
72,56,18821,1
72,57,25357,1
72,58,27935,15
72,59,5712,1
72,60,10908,1
72,61,19751,1
72,62,16179,1
72,63,26948,1
72,64,17431,1
72,65,20453,283
72,66,671,1
72,67,30185,2867
72,68,27514,1
72,69,3890,1
72,70,14852,1
72,71,4707,1
72,72,27758,1
72,73,24984,6354
72,74,17235,1
72,75,1563,1541
72,76,98,1
72,77,37630,246
72,78,28353,2637
72,79,29716,1
72,80,22156,1
72,81,27905,65
72,82,4246,1
72,83,4108,1
72,84,28685,1
72,85,7661,1
72,86,36773,92
72,87,11786,1
72,88,32115,2449
72,89,792,1
72,90,20694,1
72,91,28427,15
72,92,15000,1
72,93,5595,1
72,94,28703,1
72,95,16515,1
72,96,13927,1
72,97,2862,1
72,98,35729,1
72,99,9874,1
71,0,12271,13
71,1,13578,2685
71,2,33748,209
71,3,12880,2243
71,4,18828,46
71,5,34745,1
71,6,15385,3563
71,7,7061,4
71,8,31925,3
71,9,23292,2068
71,10,39271,115
71,11,6518,3991
71,12,5727,2667
71,13,22726,32
71,14,31304,9
71,15,21118,121
71,16,10901,6456
71,17,19523,26
71,18,38047,2
71,19,16926,22
71,20,27561,2
71,21,33729,2
71,22,34147,24
71,23,2214,51
71,24,35637,2
71,25,23340,1
71,26,26998,18
71,27,2128,2
71,28,4429,39
71,29,34802,6
71,30,8934,17
71,31,21431,22
71,32,195,0
71,33,38917,1019
71,34,28735,62
71,35,21349,17
71,36,11221,4
71,37,25919,16
71,38,20362,54
71,39,37897,36
71,40,16759,2
71,41,17887,2
71,42,5735,2
71,43,19143,346
71,44,8697,6525
71,45,25265,7
71,46,36930,908
71,47,1322,4744
71,48,30358,24
71,49,39052,27
71,50,15989,3410
71,51,11253,28
71,52,21720,1
71,53,21941,2
71,54,38202,2
71,55,12695,7529
71,56,31018,4
71,57,20193,1
71,58,21131,4
71,59,20028,10
71,60,7548,153
71,61,19288,187
71,62,21976,9
71,63,18880,5184
71,64,30541,66
71,65,14005,167
71,66,28388,1
71,67,9854,5
71,68,22680,223
71,69,20490,9
71,70,189,1
71,71,25543,12
71,72,10205,452
71,73,1504,3552
71,74,19606,7
71,75,23087,1
71,76,15626,39
71,77,35932,13
71,78,3074,141
71,79,9537,93
71,80,2758,4660
71,81,12605,304
71,82,17679,4861
71,83,8914,4973
71,84,9435,159
71,85,10369,12
71,86,13821,2
71,87,9523,3710
71,88,125,2
71,89,24295,129
71,90,10074,2
71,91,1344,6078
71,92,1467,1342
71,93,17360,3031
71,94,29371,2
71,95,33301,141
71,96,1857,1
71,97,35967,2
71,98,24281,770
71,99,1184,3381
77,0,8527,126
77,1,25514,7
77,2,4638,6
77,3,38834,1704
77,4,811,50
77,5,24201,18
77,6,2110,7
77,7,37273,4
77,8,29931,15158
77,9,35873,27
77,10,5131,14
77,11,28122,15651
77,12,35923,3
77,13,30969,15838
77,14,15971,12577
77,15,3257,177
77,16,2337,6
77,17,20554,14991
77,18,31601,2474
77,19,14671,13310
77,20,6241,23
77,21,6283,221
77,22,34715,21
77,23,21032,14264
77,24,12208,908
77,25,34921,16280
77,26,26703,15723
77,27,32010,2558
77,28,6475,1
77,29,27347,13798
77,30,27173,3282
77,31,33877,14
77,32,29587,14500
77,33,12401,5
77,34,4593,21
77,35,7686,2
77,36,20511,12042
77,37,35700,3
77,38,7273,14
77,39,3541,2
77,40,32254,2
77,41,28040,48
77,42,4013,16
77,43,2047,13
77,44,20680,15665
77,45,37927,38
77,46,5687,92
77,47,5086,98
77,48,14239,86
77,49,6471,46
77,50,2848,24
77,51,13107,2
77,52,34311,1
77,53,11571,85
77,54,6091,13
77,55,20934,15340
77,56,10271,6
77,57,26872,15537
77,58,31091,67
77,59,31397,260
77,60,14268,13736
77,61,16565,13588
77,62,14029,14109
77,63,35016,1145
77,64,7969,18
77,65,26902,16253
77,66,12953,286
77,67,10517,162
77,68,28700,14990
77,69,27290,15205
77,70,29515,11713
77,71,20222,13760
77,72,8959,1
77,73,8463,1
77,74,11216,494
77,75,20040,2072
77,76,24570,12300
77,77,35680,22
77,78,13631,21
77,79,13543,12
77,80,5202,6
77,81,3205,8
77,82,30813,12
77,83,39301,36
77,84,7936,11
77,85,4952,1
77,86,23373,14445
77,87,14050,1
77,88,24104,15250
77,89,13640,15485
77,90,31314,66
77,91,15510,5
77,92,24884,14642
77,93,30182,13488
77,94,24386,16113
77,95,39729,14
77,96,25997,16142
77,97,6109,50
77,98,10826,204
77,99,22211,271
74,0,35148,1412
74,1,36794,1758
74,2,31556,1650
74,3,18126,4
74,4,4693,159
74,5,39947,153
74,6,5213,2
74,7,30300,6
74,8,12057,1
74,9,13620,1
74,10,29394,9
74,11,23905,1
74,12,20610,0
74,13,11023,15
74,14,34704,44
74,15,5584,80
74,16,17426,9
74,17,18738,5
74,18,32113,67
74,19,11533,75
74,20,26259,4
74,21,32766,27
74,22,4858,31
74,23,37319,8
74,24,9703,96
74,25,14085,432
74,26,28734,14
74,27,37998,2
74,28,16313,202
74,29,30741,3
74,30,9311,21
74,31,34259,2
74,32,26836,41
74,33,421,0
74,34,35316,5
74,35,21980,3
74,36,24914,0
74,37,4123,378
74,38,8070,172
74,39,38496,18
74,40,25772,0
74,41,10744,32
74,42,28853,3
74,43,35109,2
74,44,10481,823
74,45,19617,9
74,46,13368,11
74,47,16627,1
74,48,37522,190
74,49,37643,12
74,50,7682,6
74,51,29268,1
74,52,17498,2
74,53,22465,18
74,54,27839,9
74,55,7531,5
74,56,22970,9
74,57,28373,4
74,58,1213,1
74,59,27439,0
74,60,24834,5
74,61,25377,4
74,62,1768,2395
74,63,16450,1
74,64,39404,16
74,65,33145,14
74,66,11758,2966
74,67,4594,33
74,68,32851,20
74,69,25071,4
74,70,16257,22
74,71,21771,0
74,72,12737,149
74,73,16321,3
74,74,7995,2603
74,75,31254,5
74,76,30309,22
74,77,11491,375
74,78,18971,1
74,79,36915,23
74,80,5667,59
74,81,4325,93
74,82,34349,40
74,83,38030,1
74,84,35526,6
74,85,13826,5
74,86,11592,2
74,87,2881,16
74,88,4049,2
74,89,11652,459
74,90,25905,32
74,91,16134,28
74,92,17587,56
74,93,35030,1
74,94,38429,1
74,95,23959,6
74,96,27288,7
74,97,24104,0
74,98,30420,9
74,99,1316,44
75,0,2774,230
75,1,19082,0
75,2,5375,29
75,3,31992,2818
75,4,25433,99
75,5,17446,142
75,6,15156,6
75,7,27146,1
75,8,33316,2
75,9,22513,7
75,10,24886,0
75,11,29700,4
75,12,9805,9
75,13,18023,20
75,14,9171,4
75,15,37974,3130
75,16,32935,5
75,17,18476,2
75,18,3469,1
75,19,32754,2623
75,20,12492,3
75,21,8210,2
75,22,9644,870
75,23,34471,33
75,24,27724,2
75,25,13432,48
75,26,26880,1
75,27,36622,1
75,28,22706,1
75,29,31820,341
75,30,22770,31
75,31,8221,64
75,32,19951,56
75,33,13040,16
75,34,35078,20
75,35,6424,25
75,36,29478,3
75,37,35642,66
75,38,31856,59
75,39,38696,77
75,40,17875,3
75,41,38678,63
75,42,34127,146
75,43,13764,22
75,44,20761,157
75,45,16519,60
75,46,9162,3
75,47,10827,1
75,48,39910,156
75,49,9290,7
75,50,19462,3
75,51,20724,79
75,52,2757,61
75,53,10523,19
75,54,26817,14
75,55,31261,109
75,56,22720,23
75,57,6865,122
75,58,34574,2861
75,59,16575,123
75,60,19695,1
75,61,740,354
75,62,10797,1
75,63,39875,4
75,64,30241,1828
75,65,24975,12
75,66,6214,3
75,67,17390,16
75,68,8358,3
75,69,14480,10
75,70,33730,816
75,71,31415,1614
75,72,248,4
75,73,22477,3
75,74,30791,3172
75,75,36409,184
75,76,35204,88
75,77,4560,488
75,78,21838,2
75,79,35139,525
75,80,35736,1
75,81,16115,4
75,82,1122,90
75,83,21069,2
75,84,32106,15
75,85,30743,10
75,86,24183,10
75,87,27334,161
75,88,19906,2
75,89,6222,1
75,90,3300,73
75,91,22280,0
75,92,36293,2
75,93,38489,56
75,94,13566,34
75,95,18413,22
75,96,22432,13
75,97,33483,149
75,98,34899,39
75,99,25595,2802
79,0,33276,1
79,1,20938,1
79,2,20649,1
79,3,11103,1
79,4,35685,1
79,5,36499,1
79,6,18576,1
79,7,7230,1
79,8,31060,1
79,9,18086,1
79,10,14148,1
79,11,16531,1
79,12,13884,1
79,13,13320,1
79,14,27037,1
79,15,14830,1
79,16,14968,113
79,17,21077,1
79,18,8890,1
79,19,8581,1
79,20,33776,1
79,21,19043,1
79,22,25142,1
79,23,26727,1
79,24,16164,1
79,25,39875,1
79,26,26762,1
79,27,34763,1
79,28,37336,1
79,29,28838,3967
79,30,255,1
79,31,38658,1
79,32,39708,0
79,33,27163,1
79,34,1422,1
79,35,35148,103
79,36,11383,1
79,37,9014,1
79,38,39702,0
79,39,3142,1
79,40,15343,1
79,41,19469,1
79,42,26168,1
79,43,4736,1
79,44,32824,1
79,45,4124,1
79,46,21395,240
79,47,20333,1
79,48,9463,1
79,49,23176,1
79,50,22935,1
79,51,26548,1
79,52,23793,1
79,53,39105,1
79,54,11784,1
79,55,13475,1
79,56,14421,1
79,57,33536,1
79,58,4369,1
79,59,13123,1
79,60,28194,1
79,61,25840,1
79,62,39618,1
79,63,24518,1
79,64,29942,1
79,65,39593,1
79,66,24040,1
79,67,28573,419
79,68,34037,1
79,69,8471,1
79,70,30920,1
79,71,37286,1
79,72,33938,1
79,73,39801,1
79,74,5623,1
79,75,9731,1
79,76,14781,1
79,77,13189,1
79,78,4249,1
79,79,20742,1
79,80,28713,1
79,81,19625,1
79,82,20916,1
79,83,33224,1
79,84,14777,1
79,85,14765,1
79,86,38192,1
79,87,5145,86
79,88,36038,1
79,89,24500,1
79,90,36525,1
79,91,3217,1
79,92,27471,1
79,93,19618,1
79,94,34113,1
79,95,7173,1
79,96,39358,1
79,97,27351,1
79,98,5517,1
79,99,10006,1
76,0,901,1
76,1,3226,1
76,2,30820,1
76,3,24969,1
76,4,20072,1
76,5,10350,1
76,6,28519,1
76,7,428,1
76,8,12319,1
76,9,26979,1
76,10,9640,1
76,11,22326,1
76,12,3080,1
76,13,20321,1
76,14,1504,1
76,15,7219,1
76,16,26828,1
76,17,20816,1
76,18,20245,1
76,19,33450,1
76,20,20009,1
76,21,34487,1
76,22,29929,1
76,23,23880,1
76,24,34186,1
76,25,35574,1
76,26,28557,1
76,27,33387,1
76,28,3730,1
76,29,26268,1
76,30,13714,1
76,31,16268,1
76,32,32823,1
76,33,39782,1
76,34,1184,1
76,35,19593,1
76,36,15947,1
76,37,533,1
76,38,23487,1
76,39,3342,1
76,40,3799,1
76,41,3755,1
76,42,35090,1
76,43,23392,1
76,44,6752,1
76,45,1025,1
76,46,13541,1
76,47,10885,1
76,48,11851,1
76,49,34824,1
76,50,34715,1
76,51,21652,1
76,52,9052,0
76,53,23514,1
76,54,10762,1
76,55,37205,1
76,56,14170,1
76,57,12028,1
76,58,37730,1
76,59,2260,1
76,60,23055,1
76,61,1203,1
76,62,8648,1
76,63,11591,1
76,64,17131,1
76,65,31423,1
76,66,18497,1
76,67,37721,1
76,68,13192,1
76,69,37880,1
76,70,12041,1
76,71,10578,1
76,72,21449,1
76,73,2308,1
76,74,28420,1
76,75,14885,1
76,76,19675,1
76,77,6259,1
76,78,7116,1
76,79,18967,1
76,80,18781,1
76,81,31415,1
76,82,27689,1
76,83,16263,1
76,84,11356,1
76,85,28035,1
76,86,10782,1
76,87,29598,1
76,88,11895,1
76,89,19070,1
76,90,13920,1
76,91,9363,1
76,92,6178,1
76,93,23076,1
76,94,9250,1
76,95,5275,1
76,96,34501,1
76,97,36730,1
76,98,6347,1
76,99,34284,1
78,0,25650,9565
78,1,2298,8247
78,2,6830,2
78,3,37237,1
78,4,14946,1
78,5,18999,1
78,6,8633,98
78,7,10385,1
78,8,13448,9221
78,9,9193,1
78,10,15008,11679
78,11,10735,1
78,12,21040,7955
78,13,2672,1
78,14,12571,1
78,15,18792,1
78,16,39460,11
78,17,21339,0
78,18,37535,1802
78,19,23712,1
78,20,7543,30
78,21,7247,1
78,22,20356,1
78,23,29575,1
78,24,38142,33
78,25,4176,1
78,26,28616,1
78,27,36140,1
78,28,34591,5
78,29,27759,73
78,30,26796,403
78,31,21049,1
78,32,2945,2
78,33,14544,1
78,34,1660,1
78,35,7055,59
78,36,6819,1
78,37,13847,7079
78,38,19564,1
78,39,2943,1
78,40,23240,1
78,41,31535,59
78,42,17246,11616
78,43,26081,3
78,44,22544,1
78,45,7223,1
78,46,25600,1
78,47,26133,1
78,48,7075,1
78,49,7881,1
78,50,11155,1
78,51,35092,2368
78,52,38534,1
78,53,11047,11788
78,54,16454,11566
78,55,26097,89
78,56,18319,1
78,57,18692,11964
78,58,11008,11082
78,59,23986,1
78,60,36981,1
78,61,10477,10494
78,62,34237,267
78,63,37445,1
78,64,39105,2158
78,65,7762,1
78,66,29584,1
78,67,15777,1
78,68,18529,1
78,69,19061,11546
78,70,13446,9742
78,71,27642,12435
78,72,6427,1
78,73,33646,12
78,74,22827,114
78,75,8224,1
78,76,9887,10877
78,77,20120,1
78,78,37734,2352
78,79,22517,1
78,80,38645,52
78,81,11484,10446
78,82,14143,0
78,83,10185,1
78,84,18197,1
78,85,37848,1
78,86,25602,2
78,87,20692,19
78,88,23829,9665
78,89,29931,14
78,90,15483,10689
78,91,719,11748
78,92,8765,1
78,93,12511,4541
78,94,18976,261
78,95,9071,8187
78,96,4214,106
78,97,21620,17
78,98,1038,1
78,99,22079,393
80,0,27386,8
80,1,8347,1
80,2,22138,3
80,3,14838,8542
80,4,31953,1
80,5,33333,1
80,6,8230,45
80,7,23482,8294
80,8,13525,1
80,9,10673,9157
80,10,23042,21
80,11,9106,5
80,12,21825,4
80,13,20535,0
80,14,32790,1
80,15,16524,1
80,16,39891,1
80,17,17200,9094
80,18,22296,7852
80,19,6306,1
80,20,16433,9908
80,21,20418,122
80,22,37795,49
80,23,1731,1
80,24,24166,1
80,25,3174,1
80,26,25735,15
80,27,17340,1
80,28,3081,4
80,29,10791,1042
80,30,18618,9333
80,31,6851,9352
80,32,21822,22
80,33,24568,1
80,34,427,1
80,35,416,30
80,36,4502,5
80,37,37874,104
80,38,33975,2
80,39,26809,0
80,40,17874,3
80,41,18218,36
80,42,18101,1
80,43,35640,1
80,44,2309,1
80,45,36844,49
80,46,11564,1
80,47,20698,48
80,48,17687,1
80,49,35862,1
80,50,14052,9448
80,51,6295,1
80,52,18149,1
80,53,34386,1
80,54,25049,9234
80,55,12650,9194
80,56,24966,1
80,57,14385,652
80,58,38220,49
80,59,33724,1
80,60,32617,1
80,61,97,13
80,62,3253,9039
80,63,6385,1
80,64,26522,1
80,65,23691,9653
80,66,17363,1
80,67,14030,1
80,68,29795,1
80,69,36299,0
80,70,35363,149
80,71,5828,16
80,72,207,1
80,73,37389,14
80,74,19183,55
80,75,30686,1
80,76,6282,1
80,77,22208,3
80,78,21181,1
80,79,36100,1
80,80,20644,9362
80,81,3194,6
80,82,34536,1
80,83,11178,13
80,84,16308,1
80,85,30824,1
80,86,3661,9999
80,87,21272,8973
80,88,4377,3
80,89,3824,5
80,90,24988,1
80,91,11862,9799
80,92,13340,1
80,93,2469,1
80,94,21774,3
80,95,11251,8926
80,96,32369,52
80,97,17766,11
80,98,12021,8736
80,99,30706,1
83,0,19760,1
83,1,26059,1
83,2,8320,1
83,3,972,1
83,4,11214,1
83,5,19482,1
83,6,38287,1
83,7,30285,1
83,8,35913,1
83,9,1780,1
83,10,27551,1
83,11,3310,1
83,12,32629,1
83,13,9887,1
83,14,18323,1
83,15,24134,1
83,16,24383,1
83,17,17462,1
83,18,10941,1
83,19,25085,1
83,20,30200,1
83,21,8621,1
83,22,33009,1
83,23,4579,1
83,24,6144,1
83,25,7475,1
83,26,27588,1
83,27,18717,1
83,28,36688,1
83,29,13360,1
83,30,5158,1
83,31,29241,1
83,32,25059,1
83,33,11950,1
83,34,665,1
83,35,15971,1
83,36,39938,1
83,37,6355,1
83,38,13837,1
83,39,26609,1
83,40,25771,1
83,41,33932,1
83,42,9178,1
83,43,16985,1
83,44,32029,1
83,45,39942,1
83,46,19417,1
83,47,30146,1
83,48,15299,1
83,49,24214,1
83,50,2272,1
83,51,14839,1
83,52,32890,1
83,53,6329,1
83,54,26072,1
83,55,28920,1
83,56,28865,1
83,57,39541,1
83,58,4860,1
83,59,4587,1
83,60,37756,1
83,61,24734,1
83,62,34223,1
83,63,19312,1
83,64,35685,0
83,65,28212,1
83,66,22906,1
83,67,1234,1
83,68,10640,1
83,69,6890,1
83,70,14242,1
83,71,32537,1
83,72,12696,1
83,73,31234,1
83,74,36386,1
83,75,25532,1
83,76,5035,1
83,77,32787,1
83,78,18314,1
83,79,37875,1
83,80,34223,1
83,81,31404,1
83,82,27764,1
83,83,28139,1
83,84,19728,1
83,85,13907,1
83,86,31070,1
83,87,36819,1
83,88,32168,1
83,89,9254,1
83,90,7593,1
83,91,9363,0
83,92,34633,1
83,93,39011,1
83,94,6637,1
83,95,16797,1
83,96,37226,1
83,97,8387,1
83,98,11191,1
83,99,6427,1
81,0,35011,1
81,1,26987,7990
81,2,35957,5
81,3,32352,1
81,4,16340,1
81,5,10832,3
81,6,21821,2848
81,7,20327,2
81,8,34785,1
81,9,19566,7441
81,10,18534,7
81,11,14901,35
81,12,14669,1
81,13,27535,4575
81,14,7257,1
81,15,12562,8243
81,16,15400,2
81,17,16938,7332
81,18,33652,1
81,19,31175,1
81,20,2665,1
81,21,35862,1
81,22,2582,1040
81,23,38883,1
81,24,2187,3575
81,25,38872,1
81,26,27529,102
81,27,15963,7568
81,28,5826,1
81,29,11869,1
81,30,32077,5
81,31,24460,99
81,32,14937,2
81,33,835,1
81,34,3837,1
81,35,28509,1
81,36,9066,1
81,37,33041,1
81,38,17760,6897
81,39,27008,2780
81,40,6329,1
81,41,2504,1
81,42,23375,2
81,43,14295,7
81,44,16237,1
81,45,33745,41
81,46,3710,1
81,47,14899,36
81,48,20075,1
81,49,11157,6678
81,50,25832,1989
81,51,37751,4
81,52,3408,1
81,53,22444,106
81,54,20379,3510
81,55,27,1
81,56,24715,21
81,57,32877,1
81,58,27933,1
81,59,22861,2
81,60,23830,1684
81,61,15460,1
81,62,8634,20
81,63,33457,0
81,64,13711,74
81,65,15521,3
81,66,8171,3698
81,67,26825,3454
81,68,5303,1
81,69,25709,50
81,70,12837,1
81,71,15472,1
81,72,27718,8242
81,73,39896,1
81,74,1979,440
81,75,35841,1
81,76,11176,7938
81,77,15278,1
81,78,27696,10
81,79,30677,1
81,80,10712,2
81,81,14984,3
81,82,1309,1
81,83,34216,3
81,84,9240,293
81,85,7742,8808
81,86,16251,1
81,87,5725,1
81,88,20234,37
81,89,38394,1
81,90,2382,8326
81,91,18008,4
81,92,32046,1
81,93,9575,1
81,94,36911,1
81,95,9353,7890
81,96,23865,2
81,97,27145,649
81,98,16500,2
81,99,18633,57
82,0,12135,1
82,1,3771,1
82,2,34501,1
82,3,27106,1
82,4,30474,1
82,5,5631,1
82,6,28344,1
82,7,33440,1
82,8,14653,1
82,9,32887,1
82,10,28411,1
82,11,37515,1
82,12,3434,1
82,13,2886,1
82,14,3857,1
82,15,28096,1
82,16,8875,1
82,17,17724,1
82,18,39586,1
82,19,216,495
82,20,7615,1
82,21,36825,1
82,22,28222,1
82,23,7427,1
82,24,31770,1
82,25,8128,1
82,26,25794,1
82,27,20093,1
82,28,33942,1
82,29,12282,1
82,30,28051,1
82,31,11632,1
82,32,31944,1
82,33,39331,1
82,34,37256,1
82,35,27878,1
82,36,35374,1
82,37,11189,1
82,38,30052,1
82,39,26409,1
82,40,37316,1
82,41,9646,1
82,42,256,1
82,43,38330,1
82,44,18101,1
82,45,39393,1
82,46,23623,1
82,47,35946,1
82,48,12911,1
82,49,12567,1
82,50,34139,1
82,51,19735,1
82,52,7631,1
82,53,21919,1
82,54,30742,1
82,55,5190,1
82,56,29115,1
82,57,21049,1
82,58,11499,1
82,59,15450,3
82,60,6543,1
82,61,9371,6799
82,62,28842,5047
82,63,35887,0
82,64,4847,1
82,65,36382,1
82,66,28450,1
82,67,28438,5091
82,68,35132,1016
82,69,17480,1
82,70,36768,1
82,71,22893,1
82,72,25186,1
82,73,28726,1
82,74,13590,1
82,75,24025,5251
82,76,141,7552
82,77,39718,2
82,78,11800,1
82,79,3299,1
82,80,4155,1
82,81,19615,1
82,82,24639,1
82,83,5100,1
82,84,23149,1
82,85,637,93
82,86,18480,1
82,87,12366,1
82,88,16311,1
82,89,11037,0
82,90,30199,1
82,91,3217,1
82,92,15927,1
82,93,35553,1
82,94,31500,1
82,95,18695,1
82,96,2082,1
82,97,39008,1
82,98,6712,1
82,99,18501,1
85,0,25514,0
85,1,32491,1
85,2,7583,35
85,3,7815,1
85,4,26592,29
85,5,29885,1
85,6,21592,1
85,7,412,1
85,8,32528,1
85,9,15139,1
85,10,7797,1
85,11,1732,1
85,12,15099,1
85,13,22833,0
85,14,25123,1
85,15,25770,1
85,16,37433,1
85,17,15892,1
85,18,39073,762
85,19,7002,6
85,20,27597,1
85,21,6695,1
85,22,18080,1
85,23,31140,1
85,24,34275,1
85,25,28964,2906
85,26,27411,1
85,27,14105,1
85,28,24104,1
85,29,5239,130
85,30,9561,1
85,31,14898,1
85,32,34694,1
85,33,11310,1
85,34,10181,1
85,35,13585,214
85,36,27323,1
85,37,2765,3
85,38,25606,1
85,39,31455,1
85,40,3797,4
85,41,23295,1
85,42,15416,1
85,43,5268,2213
85,44,28300,0
85,45,21350,2
85,46,15942,480
85,47,24404,1
85,48,33276,1
85,49,21395,1
85,50,29305,1
85,51,3575,1
85,52,24445,1
85,53,7377,1
85,54,5346,1
85,55,18593,1
85,56,16416,1
85,57,19548,1
85,58,1376,1
85,59,19408,1
85,60,32329,1
85,61,36911,1
85,62,37455,21
85,63,14453,1
85,64,13412,1
85,65,30139,1
85,66,25997,1
85,67,34361,19
85,68,30981,3
85,69,19699,1
85,70,10026,1
85,71,21344,1
85,72,21408,1
85,73,17220,1
85,74,16811,1
85,75,9163,18
85,76,30753,1
85,77,23907,1
85,78,10107,1
85,79,16279,1
85,80,3690,69
85,81,18494,1
85,82,21103,1
85,83,6371,1
85,84,31911,1
85,85,28116,0
85,86,30260,1
85,87,23536,1
85,88,36366,2658
85,89,16672,1
85,90,35608,91
85,91,2593,227
85,92,26872,1
85,93,27056,1
85,94,17457,1
85,95,38113,30
85,96,791,1
85,97,24661,1
85,98,27118,1
85,99,39395,21
87,0,10263,3385
87,1,31563,49
87,2,23594,38
87,3,20083,3
87,4,21466,1
87,5,38534,2723
87,6,1707,58
87,7,10370,99
87,8,33656,1786
87,9,37353,5
87,10,13165,545
87,11,26493,1
87,12,36708,6015
87,13,5184,0
87,14,36190,1
87,15,37342,3492
87,16,6416,1
87,17,16415,1
87,18,16362,1
87,19,37264,1363
87,20,15131,6
87,21,23102,1
87,22,8507,1
87,23,36835,1
87,24,38231,45
87,25,33918,5729
87,26,27470,1
87,27,13210,11
87,28,14965,90
87,29,6730,7
87,30,18995,711
87,31,19679,1
87,32,4816,11
87,33,26073,1
87,34,7009,18
87,35,1047,1
87,36,18194,2
87,37,16079,3
87,38,21683,5
87,39,27407,83
87,40,26887,1
87,41,14723,3
87,42,1219,2
87,43,11605,1
87,44,4092,33
87,45,27548,3339
87,46,28002,20
87,47,39652,4964
87,48,24851,2
87,49,34452,2113
87,50,5745,46
87,51,20663,1
87,52,13927,48
87,53,34910,1
87,54,14687,3
87,55,11134,70
87,56,20566,1003
87,57,26212,1
87,58,14655,2
87,59,1134,14
87,60,9903,57
87,61,6185,8
87,62,23044,1
87,63,3955,4
87,64,35385,61
87,65,2830,1
87,66,37084,1924
87,67,12417,1
87,68,39966,1
87,69,880,8
87,70,11431,2907
87,71,38408,1
87,72,2739,2
87,73,8558,54
87,74,7571,30
87,75,2502,23
87,76,20965,21
87,77,1416,1
87,78,37078,4829
87,79,23478,1
87,80,27201,1
87,81,34915,2986
87,82,11206,1
87,83,294,18
87,84,2399,1
87,85,37929,5480
87,86,1432,1
87,87,14630,1
87,88,8300,3
87,89,27533,3448
87,90,819,1
87,91,30300,3
87,92,29459,2
87,93,20140,12
87,94,27184,521
87,95,1909,1
87,96,14152,526
87,97,5903,1
87,98,21809,61
87,99,27190,1395
84,0,17888,1
84,1,13851,2778
84,2,33765,1
84,3,33949,29
84,4,2205,23
84,5,12386,27
84,6,11649,3
84,7,3567,544
84,8,14916,1
84,9,6246,1
84,10,8657,4
84,11,32288,1
84,12,25904,1
84,13,12184,4003
84,14,10657,44
84,15,33380,1
84,16,21925,1
84,17,16153,3558
84,18,27718,1
84,19,22133,1
84,20,1364,1
84,21,34898,1
84,22,13293,3
84,23,33988,1
84,24,16253,3254
84,25,29617,1
84,26,25617,11
84,27,15482,16
84,28,17711,27
84,29,7808,1
84,30,36102,1
84,31,37289,1
84,32,1579,4516
84,33,38691,1
84,34,6771,2
84,35,25492,1
84,36,22759,148
84,37,11246,2
84,38,5469,1
84,39,31255,1
84,40,15342,4579
84,41,39009,1
84,42,6493,159
84,43,26612,1
84,44,14372,4418
84,45,24449,1
84,46,23796,1
84,47,30204,1
84,48,27239,1
84,49,6100,55
84,50,17525,1
84,51,12119,3
84,52,39186,1
84,53,22968,3
84,54,10016,1
84,55,34864,1
84,56,16667,238
84,57,4704,1
84,58,8015,1
84,59,30271,1
84,60,1116,1
84,61,21548,4277
84,62,32074,1
84,63,31028,1
84,64,22575,1
84,65,34660,1
84,66,31541,1
84,67,25213,1
84,68,15474,7
84,69,30290,1
84,70,32553,1
84,71,11700,1
84,72,33898,1
84,73,14713,248
84,74,34015,1
84,75,4008,3
84,76,25859,1
84,77,30837,0
84,78,3592,92
84,79,21703,1
84,80,17269,7
84,81,6704,91
84,82,17979,2197
84,83,23333,1
84,84,35331,1
84,85,14846,3535
84,86,17670,285
84,87,39083,0
84,88,24157,149
84,89,22103,1
84,90,18213,3135
84,91,36446,0
84,92,8166,1
84,93,23598,4
84,94,2321,1
84,95,11,44
84,96,9296,1
84,97,15282,2
84,98,22639,226
84,99,15117,26
88,0,8390,62
88,1,19355,28
88,2,9039,242
88,3,13060,5941
88,4,12458,17
88,5,31438,1
88,6,15069,8
88,7,23652,1
88,8,12659,324
88,9,5467,89
88,10,34271,165
88,11,19118,5287
88,12,29982,4
88,13,7482,6095
88,14,28523,1
88,15,10236,9
88,16,3958,1
88,17,18754,2
88,18,33139,1
88,19,37961,1
88,20,22647,0
88,21,9379,109
88,22,28791,8
88,23,26244,2
88,24,4692,1
88,25,19708,2
88,26,25499,5193
88,27,9975,136
88,28,35989,1
88,29,4826,168
88,30,9939,1
88,31,27727,8
88,32,17688,5689
88,33,12815,1
88,34,13114,5906
88,35,14215,49
88,36,1015,12
88,37,20970,1
88,38,13314,1
88,39,32053,1
88,40,12810,1
88,41,19800,5
88,42,38534,1
88,43,21233,30
88,44,26435,949
88,45,15702,4860
88,46,36028,1
88,47,3358,1
88,48,440,46
88,49,19986,0
88,50,20998,1
88,51,21590,1
88,52,20222,1
88,53,7902,130
88,54,34983,1
88,55,13430,1
88,56,12016,4
88,57,31375,1
88,58,21459,25
88,59,23171,94
88,60,9615,213
88,61,6648,71
88,62,20895,12
88,63,12023,2
88,64,22275,2
88,65,9278,5592
88,66,9367,7
88,67,32748,115
88,68,1152,11
88,69,24280,3
88,70,26094,80
88,71,17572,6
88,72,23940,5035
88,73,32038,1203
88,74,5200,1
88,75,20979,1
88,76,5436,1
88,77,39466,1
88,78,26004,55
88,79,7305,5492
88,80,10247,2
88,81,10215,289
88,82,37773,1
88,83,35488,15
88,84,18002,1
88,85,35220,304
88,86,28031,1947
88,87,16894,5803
88,88,290,86
88,89,381,10
88,90,11439,318
88,91,17383,10
88,92,39344,11
88,93,4727,52
88,94,22868,2
88,95,28771,1
88,96,26222,781
88,97,12798,3
88,98,33257,222
88,99,39527,22
89,0,16016,5470
89,1,37995,17
89,2,22858,4952
89,3,26926,2
89,4,33197,1
89,5,8937,14
89,6,25012,354
89,7,16849,1
89,8,33919,8
89,9,14360,5045
89,10,33411,0
89,11,24914,1
89,12,19178,2313
89,13,18130,3
89,14,2990,4039
89,15,2626,8
89,16,19466,4535
89,17,18493,8
89,18,4494,1
89,19,22830,3926
89,20,8880,3
89,21,21175,2146
89,22,33578,5
89,23,23396,2482
89,24,22714,2
89,25,15407,123
89,26,27293,1
89,27,8598,3947
89,28,2382,831
89,29,2257,19
89,30,27046,1
89,31,5336,2
89,32,14451,5014
89,33,25433,4524
89,34,16524,0
89,35,38660,17
89,36,5580,4492
89,37,16137,1
89,38,37100,1
89,39,32253,4
89,40,1265,11
89,41,4086,32
89,42,7456,2
89,43,39888,0
89,44,363,4130
89,45,12604,23
89,46,28174,3
89,47,33910,11
89,48,2828,1
89,49,31633,1
89,50,29130,29
89,51,13046,4
89,52,9129,50
89,53,35959,2
89,54,33961,110
89,55,807,6
89,56,8118,1
89,57,9867,3
89,58,11171,2548
89,59,12307,40
89,60,4476,1
89,61,22011,3
89,62,26276,130
89,63,39096,19
89,64,13113,8
89,65,1109,29
89,66,3823,1
89,67,5544,8
89,68,16660,3944
89,69,13690,15
89,70,7215,5626
89,71,30864,155
89,72,11451,405
89,73,38193,269
89,74,27996,2
89,75,22485,4877
89,76,10331,1
89,77,32535,43
89,78,28870,29
89,79,5530,119
89,80,36667,40
89,81,22004,430
89,82,4546,221
89,83,18526,4
89,84,14582,3858
89,85,12138,44
89,86,622,43
89,87,1347,3603
89,88,16147,20
89,89,34951,485
89,90,28834,8
89,91,23529,1
89,92,18050,5589
89,93,8185,13
89,94,38004,7
89,95,23225,5426
89,96,21365,2579
89,97,22177,2608
89,98,37736,11
89,99,23806,6187
86,0,2637,1
86,1,9275,1
86,2,9776,1
86,3,6217,1
86,4,37079,280
86,5,24683,1
86,6,31764,1
86,7,13525,7752
86,8,12397,1
86,9,28460,1
86,10,17674,1
86,11,20697,1
86,12,3864,1
86,13,38184,1
86,14,21723,7701
86,15,4952,1
86,16,30908,1
86,17,16677,88
86,18,5007,1
86,19,16044,7
86,20,28898,1
86,21,7658,50
86,22,3720,412
86,23,39683,26
86,24,20209,2
86,25,38219,1
86,26,25676,1
86,27,14587,7079
86,28,8572,7607
86,29,9299,3
86,30,5536,294
86,31,2070,4
86,32,11701,6894
86,33,13454,85
86,34,3599,1
86,35,12954,2
86,36,13630,2
86,37,24560,1
86,38,1546,12
86,39,27208,41
86,40,34784,813
86,41,30437,24
86,42,32297,1
86,43,32950,955
86,44,30164,183
86,45,30646,41
86,46,35856,10
86,47,5451,1
86,48,22463,6
86,49,22805,2
86,50,37612,11
86,51,29207,6
86,52,28668,1
86,53,6853,1
86,54,15709,1
86,55,23757,1
86,56,20817,4
86,57,11368,7151
86,58,21294,7242
86,59,11997,6791
86,60,15042,2
86,61,30823,115
86,62,17663,4
86,63,16882,1
86,64,4548,2
86,65,7352,6856
86,66,2628,1
86,67,39621,0
86,68,20810,4
86,69,15119,7140
86,70,33958,115
86,71,28764,72
86,72,15228,2
86,73,6051,5
86,74,24775,1
86,75,37347,2
86,76,16070,1
86,77,8347,1
86,78,34211,138
86,79,28901,0
86,80,781,1
86,81,23125,6916
86,82,4434,6
86,83,17255,72
86,84,5819,38
86,85,21011,1
86,86,28841,3
86,87,30177,4
86,88,36091,2
86,89,32963,1
86,90,23425,1
86,91,24154,92
86,92,10753,4
86,93,13034,184
86,94,12047,5
86,95,7455,1
86,96,19008,1
86,97,36524,58
86,98,17330,2
86,99,2911,2
90,0,33139,669
90,1,14779,16
90,2,21402,31
90,3,25329,2
90,4,7331,1
90,5,3736,12
90,6,35183,2
90,7,33609,109
90,8,13788,1
90,9,27680,10
90,10,3288,15
90,11,7527,1
90,12,7943,90
90,13,29833,6
90,14,39590,58
90,15,21808,3
90,16,12941,14
90,17,19278,2301
90,18,10428,9
90,19,31871,14
90,20,13830,1
90,21,22139,3102
90,22,22866,1
90,23,28292,3952
90,24,8649,141
90,25,24663,1
90,26,25558,11
90,27,12728,1
90,28,26850,1
90,29,6317,9
90,30,23021,1
90,31,32508,48
90,32,27809,1
90,33,27577,146
90,34,9942,5
90,35,1677,1
90,36,31887,125
90,37,37932,1
90,38,9392,1
90,39,31654,7
90,40,32252,42
90,41,11228,53
90,42,24338,29
90,43,23923,2749
90,44,2228,1
90,45,18252,46
90,46,8088,43
90,47,14957,2
90,48,35664,1
90,49,33043,1
90,50,37438,286
90,51,35030,261
90,52,9704,47
90,53,35435,4
90,54,4324,92
90,55,5971,4
90,56,12518,9
90,57,38040,589
90,58,34737,30
90,59,8545,40
90,60,27190,18
90,61,12274,3403
90,62,6484,30
90,63,1525,1
90,64,4249,6
90,65,21969,240
90,66,20454,1
90,67,7156,71
90,68,6489,4
90,69,9109,19
90,70,31147,302
90,71,34636,1
90,72,8919,1
90,73,23375,31
90,74,39608,71
90,75,14317,17
90,76,35648,49
90,77,16976,76
90,78,12974,5
90,79,14504,3909
90,80,33758,3
90,81,30284,6
90,82,27876,46
90,83,29410,52
90,84,28490,132
90,85,5033,16
90,86,2851,17
90,87,7988,15
90,88,12224,27
90,89,11242,3
90,90,13002,20
90,91,8739,7
90,92,5579,74
90,93,34163,24
90,94,32594,15
90,95,32567,1
90,96,35935,1
90,97,34040,22
90,98,27948,141
90,99,27322,28
91,0,765,29
91,1,37067,1938
91,2,35221,10
91,3,39195,2919
91,4,28071,1
91,5,17587,2
91,6,5126,1
91,7,30455,3242
91,8,35048,2596
91,9,36574,2294
91,10,38780,68
91,11,13323,1
91,12,37139,10
91,13,482,1
91,14,14057,29
91,15,14198,1
91,16,28450,89
91,17,19016,1
91,18,21783,1
91,19,13092,1
91,20,63,1
91,21,33935,2939
91,22,24005,312
91,23,29092,59
91,24,26671,194
91,25,20362,15
91,26,27352,2009
91,27,11352,1
91,28,33243,2550
91,29,3748,18
91,30,36480,2733
91,31,10117,3
91,32,24572,1
91,33,196,4
91,34,13352,1
91,35,26122,8
91,36,36451,3254
91,37,29451,2608
91,38,33177,2
91,39,31854,3627
91,40,24355,50
91,41,35514,4
91,42,33260,1967
91,43,2578,96
91,44,16156,1
91,45,18801,54
91,46,234,29
91,47,9157,1
91,48,38052,267
91,49,4690,1
91,50,9218,13
91,51,30134,2505
91,52,34963,3753
91,53,23492,1
91,54,39653,1
91,55,29700,9
91,56,12267,1
91,57,12884,1
91,58,28098,1
91,59,34034,4
91,60,18402,897
91,61,31285,2
91,62,11865,1
91,63,28598,44
91,64,35086,1971
91,65,13800,2
91,66,14910,23
91,67,19952,1
91,68,25644,4
91,69,34871,1
91,70,8621,1047
91,71,7928,17
91,72,36429,162
91,73,29531,67
91,74,22404,371
91,75,15824,1
91,76,542,2
91,77,10045,1
91,78,19489,36
91,79,9081,1
91,80,20178,65
91,81,38425,1
91,82,31000,19
91,83,12449,1
91,84,25070,2
91,85,21951,1
91,86,15441,7
91,87,32441,82
91,88,28081,196
91,89,5811,2456
91,90,34045,2023
91,91,11237,2346
91,92,20637,101
91,93,37621,312
91,94,7731,1
91,95,30669,2262
91,96,31078,2291
91,97,3419,1915
91,98,32427,6
91,99,11601,1
94,0,23641,3
94,1,20283,3
94,2,33029,8
94,3,792,1294
94,4,17584,14
94,5,22789,1
94,6,38603,56
94,7,13694,1
94,8,11531,0
94,9,23253,223
94,10,28903,1
94,11,30710,2
94,12,12022,1
94,13,25131,1
94,14,17457,1
94,15,35016,1
94,16,34975,1
94,17,18231,1
94,18,15849,1
94,19,4050,1
94,20,35113,100
94,21,32972,33
94,22,38364,8
94,23,20549,1
94,24,736,23
94,25,11106,0
94,26,25440,87
94,27,7222,3
94,28,5127,1
94,29,3335,24
94,30,505,1
94,31,22946,19
94,32,7566,3
94,33,38052,64
94,34,16286,1
94,35,26753,4
94,36,10144,1
94,37,7656,1
94,38,20885,16
94,39,32453,1
94,40,33368,29
94,41,32019,20
94,42,16379,3
94,43,18543,1
94,44,14291,0
94,45,9505,0
94,46,20320,2
94,47,28110,3
94,48,5216,630
94,49,3281,1
94,50,911,2
94,51,4502,1
94,52,34388,1
94,53,20368,1
94,54,29291,2
94,55,24537,1
94,56,7867,4
94,57,24711,1
94,58,4532,1
94,59,1444,1
94,60,35689,1005
94,61,37374,24
94,62,35305,203
94,63,26169,18
94,64,3950,5
94,65,36587,4
94,66,38280,1
94,67,18340,9
94,68,35815,1
94,69,3099,32
94,70,24689,135
94,71,508,1
94,72,38961,2
94,73,700,69
94,74,10792,1
94,75,27640,223
94,76,15225,6
94,77,25605,1
94,78,35385,3
94,79,107,1
94,80,26735,1
94,81,33794,2
94,82,7670,1
94,83,1565,20
94,84,11161,2
94,85,29055,2
94,86,13212,315
94,87,29448,2
94,88,32004,1
94,89,33168,4
94,90,6228,65
94,91,29676,22
94,92,36757,2
94,93,15292,1
94,94,13141,1
94,95,21327,16
94,96,12861,8
94,97,31556,134
94,98,38566,1
94,99,8085,1
93,0,6518,29
93,1,3499,2
93,2,34484,5320
93,3,6037,30
93,4,3449,1
93,5,27990,1
93,6,28431,4368
93,7,36934,14
93,8,31662,4279
93,9,9933,2
93,10,19025,1
93,11,8096,9
93,12,23257,8
93,13,13428,7
93,14,20856,1
93,15,19482,2
93,16,37852,5
93,17,17446,3
93,18,9915,1
93,19,35009,1
93,20,33812,6
93,21,35656,4551
93,22,9076,1
93,23,15653,3
93,24,11154,90
93,25,1851,1
93,26,27175,28
93,27,6740,15
93,28,17012,614
93,29,39275,5
93,30,883,1
93,31,35774,150
93,32,34208,6223
93,33,39556,295
93,34,19220,26
93,35,23736,1
93,36,23836,21
93,37,25861,5173
93,38,8594,89
93,39,33052,1
93,40,2381,113
93,41,24876,5296
93,42,39497,11
93,43,30861,1
93,44,12426,4
93,45,209,2
93,46,406,272
93,47,3416,47
93,48,12381,4
93,49,1871,18
93,50,32603,41
93,51,18869,18
93,52,30166,1
93,53,20893,98
93,54,18928,2
93,55,19374,1433
93,56,39819,1
93,57,36538,201
93,58,24614,2
93,59,8855,13
93,60,12975,1791
93,61,3463,2
93,62,18745,1
93,63,23739,5
93,64,12813,7
93,65,15726,3
93,66,21649,28
93,67,13079,0
93,68,2338,182
93,69,7680,1
93,70,4405,42
93,71,36735,3
93,72,1493,4
93,73,15517,41
93,74,39181,2
93,75,39455,2
93,76,29908,2
93,77,1164,8
93,78,11282,16
93,79,31133,17
93,80,29644,4627
93,81,25515,1
93,82,24340,2
93,83,30681,5128
93,84,37252,5463
93,85,36160,117
93,86,14631,11
93,87,22806,228
93,88,32279,4768
93,89,16877,38
93,90,22059,2
93,91,8114,39
93,92,12876,1
93,93,29314,20
93,94,18551,9
93,95,11985,1
93,96,38292,46
93,97,19693,9
93,98,8354,194
93,99,8216,30
92,0,38893,1
92,1,24859,1
92,2,20666,1
92,3,32172,1
92,4,22710,1
92,5,14139,26
92,6,18489,1
92,7,3737,22
92,8,14051,1
92,9,1040,3
92,10,23534,1
92,11,2301,4
92,12,30413,1
92,13,2779,598
92,14,6390,423
92,15,23444,1
92,16,25991,37
92,17,17707,1
92,18,38560,26
92,19,13788,1
92,20,7579,4
92,21,20212,1
92,22,4289,1
92,23,18501,1
92,24,36780,1
92,25,6152,1
92,26,25381,1
92,27,8117,2144
92,28,14266,1
92,29,1844,1622
92,30,27424,18
92,31,18164,1
92,32,37444,1
92,33,26938,1
92,34,19458,1
92,35,39291,1
92,36,19272,15
92,37,34342,26
92,38,24808,2
92,39,32852,1
92,40,10278,1
92,41,591,27
92,42,30575,2083
92,43,12205,1
92,44,38499,1
92,45,3308,502
92,46,4612,2
92,47,12863,38
92,48,9993,1
92,49,30224,22
92,50,20823,42
92,51,27414,511
92,52,4907,116
92,53,36483,1
92,54,23598,3009
92,55,35644,1
92,56,3717,175
92,57,18047,1
92,58,31254,1
92,59,19718,1
92,60,21762,3033
92,61,28100,1
92,62,9716,2108
92,63,36666,1
92,64,21976,3
92,65,20248,1
92,66,27193,1775
92,67,3931,341
92,68,26831,1
92,69,18271,1
92,70,23283,1
92,71,23444,1
92,72,13983,1
92,73,9362,6
92,74,16385,1
92,75,34301,1
92,76,25014,2
92,77,11743,80
92,78,4767,457
92,79,32908,1
92,80,3224,1720
92,81,13725,189
92,82,21215,1
92,83,7643,1
92,84,673,1
92,85,19242,7
92,86,2041,1
92,87,38353,161
92,88,20070,17
92,89,22308,1
92,90,4665,1
92,91,1968,825
92,92,34170,15
92,93,22208,562
92,94,3414,1468
92,95,13883,2
92,96,3148,46
92,97,10314,1
92,98,3875,1
92,99,20290,1
96,0,33412,1
96,1,30746,1
96,2,16248,3
96,3,36877,1
96,4,24039,5587
96,5,25613,51
96,6,5616,3
96,7,17203,2
96,8,8331,49
96,9,12140,7
96,10,25008,14
96,11,25534,13
96,12,19825,3
96,13,33160,0
96,14,14485,14
96,15,7851,5210
96,16,13347,3
96,17,22877,77
96,18,7352,6
96,19,25291,5896
96,20,13722,3
96,21,15947,32
96,22,27419,18
96,23,21515,1
96,24,23679,6080
96,25,15087,5846
96,26,27966,1
96,27,16798,55
96,28,7822,5473
96,29,11358,7
96,30,17490,29
96,31,8457,6221
96,32,7959,4
96,33,26750,4
96,34,32901,6687
96,35,28619,13
96,36,27231,5604
96,37,20096,99
96,38,33660,5553
96,39,14630,2
96,40,34787,20
96,41,27709,6
96,42,27999,3
96,43,25550,3
96,44,27068,5898
96,45,29996,2
96,46,31053,6555
96,47,22061,1
96,48,26910,45
96,49,9662,6151
96,50,8432,4863
96,51,18065,5148
96,52,37882,5789
96,53,39126,4
96,54,22892,2
96,55,17331,15
96,56,16324,7
96,57,32680,5835
96,58,17649,6681
96,59,17701,15
96,60,32847,1
96,61,35757,4
96,62,32753,1
96,63,7511,5916
96,64,11987,5
96,65,17216,57
96,66,27627,6062
96,67,6341,30
96,68,21585,36
96,69,11480,6470
96,70,34340,5
96,71,3585,7
96,72,18957,13
96,73,16227,9
96,74,11639,47
96,75,8792,21
96,76,33914,2
96,77,9403,2
96,78,31876,6368
96,79,26980,13
96,80,23668,4845
96,81,12615,42
96,82,13956,1
96,83,37038,6073
96,84,1063,4
96,85,24497,67
96,86,33533,17
96,87,2301,356
96,88,19853,27
96,89,37759,4
96,90,16400,14
96,91,1343,1
96,92,13012,1
96,93,5073,5333
96,94,35632,2
96,95,21779,17
96,96,39133,12
96,97,24310,43
96,98,19437,10
96,99,32689,4861
97,0,1038,956
97,1,13034,7773
97,2,30067,49
97,3,10743,4
97,4,8426,4133
97,5,3112,15
97,6,15559,2
97,7,14049,3919
97,8,29591,2
97,9,21033,3
97,10,20499,1
97,11,31330,2
97,12,9021,4218
97,13,3808,5
97,14,28952,2
97,15,241,168
97,16,28855,7
97,17,22615,37
97,18,18707,6
97,19,10160,14
97,20,39955,3
97,21,31391,0
97,22,32205,2
97,23,18667,3895
97,24,1701,4
97,25,10786,5
97,26,29761,91
97,27,15422,4600
97,28,14216,4100
97,29,8788,3
97,30,30949,2
97,31,26066,219
97,32,4722,27
97,33,3016,58
97,34,32663,4063
97,35,13063,4677
97,36,31795,14
97,37,11615,3639
97,38,13797,51
97,39,14830,3169
97,40,23242,4273
97,41,11995,71
97,42,36921,77
97,43,4205,1
97,44,996,2
97,45,26898,3587
97,46,23199,1
97,47,16262,4778
97,48,29298,3379
97,49,21309,4
97,50,16565,12
97,51,9521,115
97,52,23141,4
97,53,27184,9
97,54,18222,4161
97,55,4709,0
97,56,12425,2626
97,57,7524,30
97,58,11010,3345
97,59,6838,3533
97,60,24059,3380
97,61,14768,16
97,62,1782,310
97,63,34584,621
97,64,2825,78
97,65,9047,4002
97,66,22083,88
97,67,19137,1
97,68,740,92
97,69,890,5
97,70,15462,82
97,71,13229,4210
97,72,6468,10
97,73,18734,10
97,74,34435,7
97,75,13947,53
97,76,38809,7
97,77,2472,7
97,78,38391,4
97,79,25205,24
97,80,13737,202
97,81,24405,15
97,82,20729,10
97,83,20077,3
97,84,37642,8
97,85,37766,1330
97,86,6123,30
97,87,26754,32
97,88,35710,61
97,89,32329,5708
97,90,33795,20
97,91,7490,0
97,92,31718,5929
97,93,8531,105
97,94,10768,3
97,95,19881,140
97,96,34277,7760
97,97,33689,1503
97,98,23916,2
97,99,16968,7
99,0,25787,5
99,1,8458,491
99,2,2429,842
99,3,23011,14
99,4,3300,1531
99,5,11762,1
99,6,35674,2
99,7,24006,1
99,8,30720,2154
99,9,39599,4
99,10,25868,1
99,11,19739,13
99,12,26981,2
99,13,26159,12
99,14,18,100
99,15,11813,1
99,16,37838,36
99,17,23139,1
99,18,35996,3
99,19,4070,13
99,20,31137,19
99,21,4151,4
99,22,26280,2219
99,23,24363,203
99,24,5657,990
99,25,19388,4
99,26,29820,112
99,27,18175,2
99,28,5077,240
99,29,10279,2
99,30,4030,1
99,31,30848,3
99,32,14844,10
99,33,14131,1
99,34,29491,2725
99,35,526,20
99,36,22667,1542
99,37,28577,17
99,38,9874,2
99,39,14431,8
99,40,6332,1197
99,41,39776,4
99,42,22724,13
99,43,10543,2
99,44,13140,1
99,45,33095,50
99,46,38907,1167
99,47,31509,181
99,48,24522,3
99,49,38014,9
99,50,36652,1
99,51,26609,1
99,52,12623,1
99,53,14717,1
99,54,23914,39
99,55,33602,6
99,56,16574,5
99,57,14188,1
99,58,24289,2137
99,59,28564,14
99,60,37986,7
99,61,20394,40
99,62,27371,312
99,63,20438,4
99,64,24798,1
99,65,25386,19
99,66,33170,8
99,67,33545,3
99,68,6077,40
99,69,22071,2148
99,70,16867,1224
99,71,30293,2
99,72,31447,1
99,73,10072,1
99,74,28843,7
99,75,7286,226
99,76,29020,3
99,77,16334,42
99,78,29009,64
99,79,32403,266
99,80,37248,1
99,81,826,670
99,82,10832,4
99,83,13999,25
99,84,8131,2
99,85,7579,1
99,86,20943,60
99,87,17848,1
99,88,7644,159
99,89,3189,2
99,90,39006,17
99,91,38845,5
99,92,34305,665
99,93,37966,1
99,94,20495,1636
99,95,23677,3885
99,96,3990,4
99,97,14931,9
99,98,18607,1
99,99,4762,4
95,0,31267,8
95,1,2571,1
95,2,6847,4
95,3,18306,10201
95,4,38323,0
95,5,36640,5
95,6,8546,15
95,7,6891,15
95,8,32791,14
95,9,32147,44
95,10,24394,4
95,11,36505,2
95,12,1217,25
95,13,35779,2
95,14,31923,1
95,15,31054,32
95,16,10483,5226
95,17,17969,2537
95,18,27205,51
95,19,28919,2
95,20,21346,2
95,21,8416,1
95,22,39503,4
95,23,17701,8318
95,24,18758,16
95,25,10453,8448
95,26,27234,1
95,27,9493,2459
95,28,7873,588
95,29,766,2
95,30,13964,3
95,31,555,14
95,32,4329,0
95,33,14319,2
95,34,19696,6052
95,35,11198,16
95,36,14708,34
95,37,2823,7
95,38,1023,18
95,39,32652,2
95,40,21823,2090
95,41,16305,32
95,42,21653,65
95,43,37198,32
95,44,24571,8900
95,45,6406,1
95,46,12466,7737
95,47,18663,1
95,48,7604,5
95,49,18576,10641
95,50,12691,8675
95,51,35958,1
95,52,19647,35
95,53,8426,3
95,54,28268,1
95,55,11914,4
95,56,3968,34
95,57,3203,3
95,58,37893,1
95,59,30581,316
95,60,26902,9508
95,61,12737,14
95,62,686,3
95,63,9593,2
95,64,31139,12
95,65,28418,1
95,66,32736,1
95,67,31136,2
95,68,11323,2
95,69,32509,1
95,70,5810,1
95,71,13800,92
95,72,26472,6
95,73,6855,6203
95,74,33589,310
95,75,32794,2
95,76,20119,3043
95,77,18674,2667
95,78,1900,4
95,79,38331,3
95,80,13156,142
95,81,5584,8
95,82,14443,6308
95,83,24604,18
95,84,7741,1
95,85,2325,4
95,86,29450,5
95,87,13900,66
95,88,4213,0
95,89,27738,9443
95,90,23622,1160
95,91,35822,1
95,92,15463,6085
95,93,18750,9673
95,94,28278,2
95,95,19429,1463
95,96,8005,1
95,97,935,0
95,98,3045,2
95,99,36011,18
100,0,23915,1
100,1,36250,1
100,2,27874,12
100,3,15988,6
100,4,34291,3
100,5,4666,6
100,6,9036,2
100,7,37288,3
100,8,9723,4
100,9,7713,1
100,10,10622,245
100,11,8717,3933
100,12,20256,15
100,13,28457,44
100,14,32352,28
100,15,21059,3607
100,16,35380,463
100,17,25478,1
100,18,12773,32
100,19,1119,51
100,20,38653,2
100,21,30428,3144
100,22,6565,459
100,23,13772,15
100,24,15767,12
100,25,1531,4859
100,26,27848,2
100,27,11292,1
100,28,26100,1
100,29,4728,3334
100,30,34974,38
100,31,38895,821
100,32,27716,2
100,33,873,4
100,34,39244,17
100,35,13694,41
100,36,5487,1
100,37,33468,4
100,38,1506,4
100,39,15429,1
100,40,32255,3668
100,41,8500,7
100,42,20039,3387
100,43,20171,1
100,44,39131,137
100,45,17602,3
100,46,3285,21
100,47,35215,4
100,48,36462,1
100,49,19900,4
100,50,8258,3
100,51,27536,1
100,52,18919,10
100,53,27708,1
100,54,7859,11
100,55,39545,22
100,56,8025,1267
100,57,19352,1
100,58,27445,2
100,59,14248,2
100,60,1346,52
100,61,20857,3160
100,62,25222,2
100,63,32154,85
100,64,11688,2
100,65,31834,3113
100,66,5453,1
100,67,13877,85
100,68,10911,2
100,69,5471,5
100,70,31530,47
100,71,9456,1
100,72,9000,23
100,73,33551,171
100,74,22824,3678
100,75,25763,44
100,76,13492,30
100,77,18032,100
100,78,14287,66
100,79,12583,4496
100,80,16646,26
100,81,16126,1
100,82,37398,1
100,83,9193,3830
100,84,23734,34
100,85,4871,1
100,86,3894,1
100,87,20112,44
100,88,39633,82
100,89,16038,5
100,90,9626,80
100,91,25928,2
100,92,4190,4464
100,93,22553,1
100,94,16179,43
100,95,10539,3254
100,96,16059,13
100,97,21826,4680
100,98,30055,3422
100,99,13452,20
98,0,18161,6
98,1,26170,2
98,2,28611,37
98,3,9145,17
98,4,18912,5
98,5,37911,1195
98,6,22083,35
98,7,27161,1
98,8,9460,5
98,9,30705,23
98,10,30377,2
98,11,13943,2
98,12,37786,7
98,13,19159,19
98,14,25552,18
98,15,19423,32
98,16,22330,36
98,17,23401,1
98,18,24641,25
98,19,19202,333
98,20,4904,7
98,21,32355,53
98,22,21494,56
98,23,27211,166
98,24,27635,2
98,25,20042,5
98,26,28025,322
98,27,15903,2715
98,28,38684,16
98,29,12849,1
98,30,30571,17
98,31,13238,39
98,32,18081,18
98,33,1512,62
98,34,29729,7
98,35,12433,13
98,36,18102,102
98,37,33410,281
98,38,29737,4
98,39,14231,26
98,40,14229,2
98,41,15490,62
98,42,13802,1
98,43,31888,2
98,44,39212,23
98,45,36193,65
98,46,6761,32
98,47,37309,96
98,48,22133,7
98,49,22719,1963
98,50,24872,148
98,51,35153,160
98,52,27364,2
98,53,26660,33
98,54,28585,4
98,55,9872,33
98,56,20473,4
98,57,39345,1194
98,58,30928,36
98,59,39427,144
98,60,6773,0
98,61,5031,1286
98,62,18342,13
98,63,37013,240
98,64,33961,8
98,65,29907,1
98,66,38714,1475
98,67,20750,1
98,68,30569,1
98,69,32661,16
98,70,35746,1204
98,71,20649,16
98,72,3936,235
98,73,3916,757
98,74,6047,1
98,75,2131,8
98,76,24126,80
98,77,23265,4
98,78,22494,100
98,79,34179,14
98,80,7180,1
98,81,29036,13
98,82,4059,59
98,83,30960,38
98,84,11551,1
98,85,30662,22
98,86,8352,3
98,87,33396,7
98,88,31787,22
98,89,8620,1996
98,90,17964,3
98,91,32699,2
98,92,15599,33
98,93,34508,35
98,94,5358,520
98,95,29223,55
98,96,12494,2037
98,97,5552,1
98,98,14128,5
98,99,20484,20
101,0,31540,5519
101,1,14890,15
101,2,1693,19
101,3,29854,5703
101,4,15030,1
101,5,22165,3
101,6,18979,2
101,7,34133,5437
101,8,30982,141
101,9,16606,4
101,10,6114,2
101,11,14512,3
101,12,13099,50
101,13,39106,3350
101,14,6818,1
101,15,17097,7
101,16,10888,1
101,17,25216,2
101,18,24128,18
101,19,25988,75
101,20,24886,67
101,21,2224,18
101,22,7703,2
101,23,10924,14
101,24,30140,4838
101,25,878,28
101,26,29643,343
101,27,9915,6
101,28,28846,13
101,29,5806,1
101,30,8433,0
101,31,16504,4
101,32,20831,2
101,33,17139,6
101,34,39006,13
101,35,38139,1
101,36,10052,6
101,37,24987,9
101,38,25291,15
101,39,15628,3
101,40,20710,13
101,41,32786,1
101,42,28962,6037
101,43,38826,20
101,44,13059,1
101,45,18151,45
101,46,35431,23
101,47,25767,373
101,48,38850,12
101,49,35195,10
101,50,20038,1
101,51,18992,12
101,52,7826,0
101,53,12117,10
101,54,3189,10
101,55,23275,1
101,56,7774,253
101,57,37843,5
101,58,20805,18
101,59,39737,5812
101,60,32558,6190
101,61,36220,28
101,62,30603,3
101,63,15579,13
101,64,2525,182
101,65,23664,462
101,66,39909,3
101,67,26672,5739
101,68,26419,3
101,69,34880,12
101,70,9003,3
101,71,19100,10
101,72,36511,5928
101,73,36058,3
101,74,9268,8
101,75,27269,6348
101,76,18386,8
101,77,11101,65
101,78,17154,9
101,79,10807,0
101,80,6714,100
101,81,27915,29
101,82,4171,58
101,83,32232,36
101,84,20313,5
101,85,21788,8
101,86,20133,4
101,87,4565,21
101,88,11842,1
101,89,10607,1
101,90,27021,1
101,91,32074,2838
101,92,22896,5
101,93,29660,352
101,94,31315,5414
101,95,4993,4
101,96,11203,7
101,97,31205,2
101,98,34534,3593
101,99,1378,9
102,0,8663,1
102,1,31674,5399
102,2,3885,1
102,3,24609,26
102,4,29165,133
102,5,16964,1
102,6,25502,17
102,7,7246,123
102,8,10851,2
102,9,29926,21
102,10,15991,1
102,11,37125,4736
102,12,38216,6211
102,13,10808,67
102,14,3418,1
102,15,36279,5
102,16,4363,1507
102,17,22354,1
102,18,30062,5101
102,19,35029,5064
102,20,26187,4
102,21,3188,2122
102,22,36992,2
102,23,19467,1
102,24,19723,22
102,25,10133,5
102,26,27907,5424
102,27,14045,18
102,28,16961,40
102,29,9867,0
102,30,8056,11
102,31,3676,20
102,32,37837,4998
102,33,15635,76
102,34,36073,5289
102,35,1156,1
102,36,36359,122
102,37,6782,8
102,38,37583,27
102,39,15029,194
102,40,11697,0
102,41,36281,5662
102,42,5843,12
102,43,22860,1
102,44,11276,1
102,45,23799,69
102,46,15345,3
102,47,6814,13
102,48,31686,5290
102,49,36605,16
102,50,28345,14
102,51,4625,94
102,52,8400,9
102,53,15241,18
102,54,13552,9
102,55,28438,1
102,56,12174,2
102,57,26016,2
102,58,723,109
102,59,35974,2
102,60,15272,1
102,61,30131,1
102,62,7163,1671
102,63,18008,897
102,64,33662,4870
102,65,4525,226
102,66,16540,11
102,67,31933,46
102,68,16248,5
102,69,26652,7
102,70,32935,2
102,71,26521,19
102,72,33979,2
102,73,24889,2
102,74,17232,122
102,75,15453,14
102,76,3703,7
102,77,31893,4959
102,78,4905,2
102,79,19781,3
102,80,157,2511
102,81,36194,2
102,82,27501,5040
102,83,3115,3
102,84,34222,299
102,85,14684,0
102,86,18714,2
102,87,11207,2
102,88,11567,1
102,89,26898,201
102,90,11189,16
102,91,13636,1
102,92,10425,584
102,93,15637,26
102,94,25905,5172
102,95,14335,2
102,96,29420,2
102,97,3068,4
102,98,24746,109
102,99,1246,29
104,0,14417,69
104,1,1754,23
104,2,3149,2
104,3,35099,5
104,4,4544,1
104,5,27367,12
104,6,12456,42
104,7,17373,13
104,8,7466,8199
104,9,3286,6820
104,10,36237,3
104,11,35547,94
104,12,24334,1
104,13,23755,22
104,14,10218,5691
104,15,37915,15
104,16,17413,8
104,17,24431,76
104,18,18194,167
104,19,16946,11
104,20,23585,26
104,21,4909,6
104,22,22063,1
104,23,6028,12
104,24,4206,2
104,25,31622,7
104,26,27730,13
104,27,9433,7173
104,28,4378,15
104,29,1746,5671
104,30,12459,10
104,31,29333,2
104,32,7473,6138
104,33,14996,333
104,34,5588,20
104,35,38770,16
104,36,23744,2
104,37,3192,6
104,38,12999,5
104,39,19875,52
104,40,29723,2
104,41,29291,20
104,42,12080,7058
104,43,11143,3
104,44,11195,125
104,45,8855,7344
104,46,15518,69
104,47,4720,6458
104,48,6015,1
104,49,30138,0
104,50,11731,54
104,51,33360,19
104,52,3603,7
104,53,12642,73
104,54,32826,45
104,55,18112,90
104,56,39726,3
104,57,6023,26
104,58,888,6044
104,59,7148,14
104,60,9845,290
104,61,2308,6511
104,62,14043,30
104,63,13149,12
104,64,11389,476
104,65,2804,7
104,66,23279,17
104,67,25060,880
104,68,36590,14
104,69,39461,1
104,70,28719,2
104,71,15328,11
104,72,2690,5441
104,73,10876,7724
104,74,37657,108
104,75,39085,13
104,76,29421,31
104,77,26661,417
104,78,33050,1695
104,79,38185,14
104,80,13271,5964
104,81,19636,1
104,82,17193,33
104,83,21348,14
104,84,6404,88
104,85,28893,3
104,86,17904,6083
104,87,37923,107
104,88,15765,23
104,89,37964,23
104,90,39204,23
104,91,6865,5894
104,92,39016,10
104,93,3682,7686
104,94,36725,277
104,95,35651,1561
104,96,36634,3
104,97,19342,15
104,98,673,5805
104,99,37862,1
105,0,22042,1
105,1,20394,1
105,2,13320,1
105,3,8965,1
105,4,25283,467
105,5,1218,1
105,6,22398,1
105,7,10570,1
105,8,28726,1
105,9,12179,1
105,10,35376,1
105,11,1343,1
105,12,13530,4481
105,13,34403,1
105,14,24685,626
105,15,33953,1
105,16,29274,101
105,17,24170,0
105,18,29549,1
105,19,1815,1
105,20,6169,5002
105,21,16705,1
105,22,23201,1
105,23,3181,1
105,24,22228,1
105,25,27321,1
105,26,29525,1
105,27,8057,1
105,28,7123,1
105,29,2824,1
105,30,25918,1
105,31,6942,3619
105,32,588,1
105,33,27615,1
105,34,5350,3653
105,35,23214,0
105,36,31956,1
105,37,38359,1
105,38,36785,1
105,39,20075,1
105,40,21826,1
105,41,13577,2
105,42,21003,1
105,43,29798,1
105,44,25122,1
105,45,5756,114
105,46,7664,1
105,47,35273,1
105,48,8403,1
105,49,5433,1597
105,50,23511,1
105,51,24816,1
105,52,28862,1
105,53,699,1
105,54,31804,1
105,55,5489,1
105,56,39475,1
105,57,24515,1
105,58,34248,1
105,59,36284,1
105,60,4706,1
105,61,17671,1
105,62,19424,1
105,63,222,1
105,64,2226,1
105,65,34634,1
105,66,14087,1
105,67,37856,1
105,68,12097,1
105,69,28871,1
105,70,6193,1
105,71,28620,1
105,72,30201,1
105,73,17031,1
105,74,20453,1
105,75,4239,1
105,76,34315,1
105,77,19730,1
105,78,39565,1
105,79,36410,1
105,80,39691,1
105,81,31426,1
105,82,23965,1
105,83,4387,1
105,84,2984,1
105,85,5811,1
105,86,30494,0
105,87,22376,1
105,88,31622,1
105,89,32534,1
105,90,20246,1
105,91,13011,1
105,92,17722,1
105,93,7141,5161
105,94,11862,1
105,95,33753,1
105,96,28129,1
105,97,28721,1
105,98,5152,1
105,99,22141,1
106,0,39166,1
106,1,37178,1
106,2,15512,1
106,3,3720,1
106,4,39417,1
106,5,36016,1
106,6,28922,1
106,7,27330,1
106,8,8594,1
106,9,25499,1
106,10,5254,1
106,11,20308,1
106,12,2295,1
106,13,6106,1
106,14,21285,1
106,15,9487,1
106,16,26397,1
106,17,24955,1
106,18,35484,1
106,19,10857,1
106,20,11119,1
106,21,17668,1
106,22,12490,1
106,23,8076,1
106,24,8162,1
106,25,36576,1
106,26,27789,1
106,27,8538,1
106,28,35239,1
106,29,3237,1
106,30,21893,1
106,31,34114,1
106,32,17594,1
106,33,29758,1
106,34,2416,1
106,35,26232,1
106,36,14616,1
106,37,16506,1
106,38,9076,1
106,39,15828,1
106,40,12813,1
106,41,17072,1
106,42,37884,1
106,43,17481,1
106,44,23339,1
106,45,15052,1
106,46,27577,1
106,47,19968,1
106,48,1239,1
106,49,6843,1
106,50,31818,1
106,51,10448,1
106,52,33085,0
106,53,175,4248
106,54,2167,1
106,55,10652,1
106,56,3875,1
106,57,12687,1
106,58,14166,1
106,59,28874,1
106,60,27419,1
106,61,11583,1
106,62,39632,1
106,63,2652,1
106,64,33362,1
106,65,15495,1
106,66,34366,1
106,67,39468,1
106,68,1926,1
106,69,20642,1
106,70,30125,1
106,71,32392,1
106,72,24021,1
106,73,2213,1
106,74,32064,1
106,75,32424,1
106,76,19632,1
106,77,522,1
106,78,23669,1
106,79,5384,1
106,80,36782,3866
106,81,39705,1
106,82,7296,1
106,83,15270,1
106,84,16893,1
106,85,38706,1
106,86,32723,1
106,87,29018,1
106,88,27699,1
106,89,8825,1
106,90,4415,1
106,91,38221,1
106,92,1603,1
106,93,33118,1
106,94,6452,1
106,95,3095,1
106,96,6347,1
106,97,584,1
106,98,35364,1
106,99,25657,1
103,0,16289,3177
103,1,13962,29
103,2,14056,30
103,3,2122,45
103,4,9904,22
103,5,30815,5
103,6,39093,8
103,7,4091,2962
103,8,28463,5
103,9,38819,3
103,10,15131,4
103,11,2921,22
103,12,31060,7
103,13,21457,47
103,14,17885,2777
103,15,28669,28
103,16,19872,2456
103,17,25740,20
103,18,1418,26
103,19,19898,2684
103,20,12420,5
103,21,18632,0
103,22,1778,6
103,23,16620,13
103,24,37745,25
103,25,5832,3269
103,26,29702,35
103,27,12668,13
103,28,23355,7
103,29,7297,14
103,30,21515,1257
103,31,21285,2510
103,32,30953,6
103,33,28254,6
103,34,35835,1212
103,35,25601,13
103,36,923,6
103,37,38301,17
103,38,21368,5
103,39,15229,3
103,40,3800,95
103,41,20566,72
103,42,14765,1
103,43,1516,27
103,44,25204,48
103,45,20700,2239
103,46,11139,16
103,47,1014,40
103,48,34074,1102
103,49,8252,3300
103,50,125,2
103,51,36081,1410
103,52,33659,7
103,53,39651,13
103,54,12529,18
103,55,15816,1
103,56,8275,1
103,57,860,1
103,58,34084,1
103,59,25111,1
103,60,10133,3
103,61,5494,2785
103,62,16192,1
103,63,5081,1
103,64,24499,2234
103,65,36355,8
103,66,10996,576
103,67,4729,8
103,68,31756,1
103,69,16061,18
103,70,10408,53
103,71,36164,2
103,72,21489,2331
103,73,27396,19
103,74,28,20
103,75,20608,2
103,76,8597,8
103,77,24963,9
103,78,7772,3
103,79,18006,21
103,80,30225,60
103,81,4336,13
103,82,30626,39
103,83,26154,3
103,84,27154,3
103,85,31601,18
103,86,31304,121
103,87,35659,99
103,88,23776,53
103,89,21468,1
103,90,28584,5
103,91,19782,63
103,92,29131,2
103,93,19095,10
103,94,1042,119
103,95,12437,6
103,96,24564,7
103,97,12447,2
103,98,29225,5
103,99,29173,1
108,0,4919,1
108,1,7258,100
108,2,14775,15
108,3,10563,152
108,4,11148,8
108,5,6419,1
108,6,12227,19
108,7,37458,371
108,8,8857,5
108,9,38858,9354
108,10,21851,2
108,11,18729,4837
108,12,28413,1
108,13,19052,11
108,14,28085,8622
108,15,14771,11
108,16,35799,1
108,17,27032,2
108,18,23615,4
108,19,32774,12
108,20,4868,1
108,21,15742,8464
108,22,37561,47
108,23,38285,8
108,24,32646,11005
108,25,18066,5
108,26,27612,15
108,27,3927,10
108,28,19008,19
108,29,38764,16
108,30,26296,9595
108,31,19771,4956
108,32,23581,10168
108,33,29119,10636
108,34,8283,1
108,35,23845,6
108,36,5649,309
108,37,16564,9034
108,38,20845,48
108,39,20674,91
108,40,27191,33
108,41,10082,40
108,42,4121,3
108,43,5764,1
108,44,23258,106
108,45,36460,1
108,46,24102,98
108,47,14226,541
108,48,19215,90
108,49,4024,49
108,50,15204,69
108,51,2831,2
108,52,24639,83
108,53,1223,3
108,54,21441,38
108,55,326,2
108,56,35075,9878
108,57,36342,19
108,58,10683,4
108,59,3695,2
108,60,21992,71
108,61,27408,5
108,62,2864,104
108,63,37792,4
108,64,11090,2
108,65,17421,5
108,66,37457,4
108,67,32595,2
108,68,22268,1
108,69,33452,3495
108,70,25909,9558
108,71,21200,25
108,72,32733,11436
108,73,28200,1
108,74,8841,802
108,75,16055,3
108,76,8998,11377
108,77,35290,9435
108,78,15462,3
108,79,23788,1
108,80,6248,1221
108,81,26795,49
108,82,635,3
108,83,33503,218
108,84,29075,2
108,85,9267,63
108,86,31913,146
108,87,19382,3
108,88,35546,2
108,89,16243,2
108,90,32430,6
108,91,31450,9575
108,92,33842,4583
108,93,24811,10
108,94,17272,60
108,95,24411,6
108,96,13560,10304
108,97,16857,3
108,98,11291,16
108,99,22273,4866
109,0,12544,0
109,1,25898,1
109,2,28594,1
109,3,28077,1
109,4,35535,1
109,5,20270,1
109,6,25818,1
109,7,30655,251
109,8,30117,1
109,9,7752,1
109,10,20991,1
109,11,24525,1
109,12,17609,1
109,13,26052,1
109,14,2551,1
109,15,7161,1
109,16,11307,1
109,17,26771,1
109,18,34971,220
109,19,13995,1
109,20,31101,204
109,21,31186,1
109,22,2347,228
109,23,35437,1
109,24,10667,1
109,25,13765,1
109,26,29407,1
109,27,2550,1
109,28,25401,1
109,29,39842,1
109,30,3403,1
109,31,37380,1810
109,32,20344,1
109,33,1738,1
109,34,11693,1
109,35,8290,1
109,36,10213,1
109,37,8083,1
109,38,4630,0
109,39,20873,1
109,40,19294,1
109,41,34368,1
109,42,9395,1
109,43,24419,1
109,44,37186,1
109,45,37010,1
109,46,19896,101
109,47,8426,0
109,48,21604,1
109,49,15671,1
109,50,26984,1
109,51,34287,1
109,52,9898,1
109,53,29281,1
109,54,16771,1
109,55,24055,1
109,56,31176,1
109,57,11186,1
109,58,4044,1
109,59,32832,1
109,60,13205,1
109,61,2771,1135
109,62,8245,1
109,63,24865,1
109,64,1927,1
109,65,9252,1
109,66,31913,1
109,67,5391,1
109,68,37776,1
109,69,22861,1
109,70,3382,1
109,71,34492,1
109,72,20244,1
109,73,34355,1
109,74,31638,1
109,75,17561,1
109,76,13893,1
109,77,28359,1
109,78,21976,1
109,79,22013,1
109,80,32669,1
109,81,34936,1
109,82,7408,1
109,83,16542,1
109,84,25655,1
109,85,26185,1
109,86,4503,0
109,87,3835,1
109,88,7755,1
109,89,10813,1
109,90,9824,1
109,91,37596,1
109,92,8900,1
109,93,28270,1
109,94,32409,1
109,95,22513,1
109,96,8704,1
109,97,26236,1
109,98,15770,1
109,99,6552,1
111,0,37293,11
111,1,24970,1
111,2,957,29
111,3,36697,1
111,4,30409,1
111,5,28920,2
111,6,2284,4
111,7,612,1
111,8,27597,1
111,9,29965,2
111,10,26360,1
111,11,12934,1
111,12,35569,5
111,13,8404,1
111,14,13618,2
111,15,18733,1
111,16,20290,7124
111,17,23646,1698
111,18,12260,1
111,19,7905,12
111,20,18635,7079
111,21,3945,1
111,22,32774,2
111,23,37485,1
111,24,18272,7248
111,25,22367,22
111,26,29466,6779
111,27,5303,1
111,28,16262,7324
111,29,1333,77
111,30,12836,1
111,31,2161,1
111,32,30466,1
111,33,16500,1
111,34,8521,1
111,35,35752,322
111,36,1085,1
111,37,21397,1
111,38,708,1
111,39,20474,6860
111,40,38736,16
111,41,22148,1
111,42,35199,2
111,43,27109,18
111,44,9330,1
111,45,39559,1
111,46,31956,3
111,47,20026,2
111,48,16827,1
111,49,28728,1
111,50,3423,1
111,51,11376,1
111,52,39380,10
111,53,13166,1
111,54,26111,2
111,55,16596,2
111,56,35326,1
111,57,17850,10
111,58,17322,1
111,59,14558,46
111,60,30779,1
111,61,12045,1
111,62,33834,7054
111,63,10720,3
111,64,20252,5226
111,65,21943,1
111,66,3000,0
111,67,23447,143
111,68,6760,1
111,69,4042,1
111,70,4787,0
111,71,11556,1
111,72,5222,1
111,73,25693,3421
111,74,26045,898
111,75,10900,40
111,76,4104,1
111,77,2220,1
111,78,8947,1
111,79,29211,1
111,80,16180,6
111,81,15005,1
111,82,33862,17
111,83,10464,268
111,84,32496,1
111,85,35998,1
111,86,15675,1
111,87,31282,2
111,88,19689,6106
111,89,21673,6647
111,90,15035,1
111,91,25304,7053
111,92,15135,3
111,93,17705,2
111,94,2135,1
111,95,26309,1
111,96,18417,21
111,97,7479,1
111,98,10461,1
111,99,34346,1
107,0,6791,17
107,1,19466,6
107,2,29330,12
107,3,17586,1
107,4,20157,4
107,5,9867,2
107,6,38865,46
107,7,24176,30
107,8,29854,4
107,9,34392,1
107,10,745,20
107,11,29751,3
107,12,35139,4
107,13,16754,4
107,14,35751,17
107,15,5525,13
107,16,1905,21
107,17,24693,8
107,18,6839,20
107,19,32077,5
107,20,37352,132
107,21,29465,298
107,22,17276,8
107,23,8876,50
107,24,26184,34
107,25,32275,96
107,26,29584,66
107,27,10810,10
107,28,37985,79
107,29,4315,2
107,30,39000,575
107,31,11723,5
107,32,10709,175
107,33,2377,3
107,34,2178,4
107,35,10677,18
107,36,19180,24
107,37,11673,3
107,38,29214,29
107,39,19676,1897
107,40,1268,1
107,41,1357,33
107,42,3158,79
107,43,36136,23
107,44,37267,15
107,45,11954,6
107,46,19724,2
107,47,10520,78
107,48,3627,682
107,49,18490,4
107,50,39950,3
107,51,1904,10
107,52,18344,18
107,53,28232,34
107,54,37496,3
107,55,34382,16
107,56,3625,98
107,57,31179,9
107,58,7527,226
107,59,18011,4
107,60,18632,11
107,61,26945,44
107,62,5013,3
107,63,29724,48
107,64,20552,1
107,65,10973,4
107,66,28822,24
107,67,12264,75
107,68,17434,22
107,69,10052,5
107,70,7598,17
107,71,2036,202
107,72,11532,71
107,73,4721,2
107,74,14860,10
107,75,33930,5
107,76,24527,100
107,77,33592,3
107,78,30183,5
107,79,3609,716
107,80,23203,17
107,81,11495,116
107,82,14068,35
107,83,38309,21
107,84,9825,1
107,85,11976,1
107,86,5313,6
107,87,13471,7
107,88,3556,6
107,89,3395,21
107,90,21809,2
107,91,719,17
107,92,20309,39
107,93,224,445
107,94,21589,108
107,95,1197,3
107,96,1490,1
107,97,9963,52
107,98,39843,13
107,99,13584,1
110,0,29668,1
110,1,2682,1
110,2,27138,1
110,3,22831,1
110,4,6022,1
110,5,15069,1
110,6,32341,1
110,7,7415,1
110,8,9985,1
110,9,21072,1
110,10,30868,1
110,11,7138,1
110,12,6374,1
110,13,1403,1
110,14,39151,1
110,15,26343,1
110,16,4782,1
110,17,23908,1
110,18,905,1
110,19,23036,1
110,20,32402,1
110,21,28501,1
110,22,27988,1
110,23,333,1
110,24,250,1
110,25,23020,1
110,26,27671,1
110,27,6680,1
110,28,13517,1
110,29,255,1
110,30,39377,2
110,31,24552,1
110,32,37351,1
110,33,3881,1
110,34,8760,1
110,35,11307,1
110,36,36521,1
110,37,29878,1
110,38,16922,1
110,39,20274,1
110,40,10281,1
110,41,37863,1
110,42,26277,1
110,43,8454,1
110,44,35402,1
110,45,2658,1
110,46,39810,1
110,47,29473,1
110,48,10791,1
110,49,17081,1
110,50,35291,1
110,51,19920,1
110,52,14121,1
110,53,28757,1
110,54,27133,1
110,55,29219,1
110,56,35576,1
110,57,3006,1
110,58,27609,1
110,59,25421,1
110,60,35918,1
110,61,36682,1
110,62,28453,1
110,63,27295,1
110,64,29415,1
110,65,30113,1
110,66,8544,1
110,67,10652,1
110,68,27605,1
110,69,18281,1
110,70,27314,1
110,71,38264,1
110,72,17712,1
110,73,19538,1
110,74,3249,1
110,75,5746,1
110,76,39210,1
110,77,12799,1
110,78,6080,1
110,79,30987,1
110,80,29760,4
110,81,3215,285
110,82,30738,5
110,83,27425,16952
110,84,35916,19406
110,85,19080,198
110,86,3084,19557
110,87,6829,20260
110,88,7479,10776
110,89,27104,19
110,90,37641,7
110,91,19157,44
110,92,36429,15
110,93,14247,23639
110,94,26999,1
110,95,31855,12602
110,96,23273,20276
110,97,38100,19557
110,98,5982,19325
110,99,10068,19125
112,0,31404,1
112,1,8730,2
112,2,6094,16515
112,3,4080,1
112,4,26677,1
112,5,29402,1
112,6,31938,1
112,7,20512,16047
112,8,10063,16773
112,9,22552,1
112,10,35254,2
112,11,5509,17310
112,12,7158,1
112,13,15618,18028
112,14,19371,1
112,15,24075,16789
112,16,8862,13685
112,17,19769,1
112,18,25666,16917
112,19,5630,17262
112,20,1292,17710
112,21,5320,16828
112,22,5427,1
112,23,16136,1
112,24,26273,16303
112,25,25665,16772
112,26,28438,16152
112,27,27880,2
112,28,18359,0
112,29,23286,15763
112,30,31199,1
112,31,6706,8
112,32,12580,1
112,33,13905,2
112,34,7527,13923
112,35,4668,1
112,36,34204,1
112,37,13905,16137
112,38,34981,1
112,39,4140,1
112,40,1267,1
112,41,24545,1
112,42,27131,58
112,43,18012,17885
112,44,18815,16045
112,45,32279,1
112,46,25773,1
112,47,24039,154
112,48,25051,1
112,49,5062,16610
112,50,34540,1
112,51,27475,3
112,52,33737,1
112,53,12096,15553
112,54,35729,1
112,55,15771,1
112,56,5871,1
112,57,38699,16906
112,58,11173,1
112,59,35159,63
112,60,31554,1
112,61,26302,109
112,62,37469,15443
112,63,32586,1
112,64,16832,1
112,65,6041,241
112,66,36323,16003
112,67,8904,16949
112,68,38871,31
112,69,31871,17355
112,70,9231,30
112,71,16450,17254
112,72,11491,15852
112,73,23281,2
112,74,39604,1
112,75,28208,1
112,76,39253,1
112,77,14887,17057
112,78,29527,1
112,79,4569,1
112,80,11759,1
112,81,34925,16858
112,82,7483,15904
112,83,28418,1
112,84,34027,1
112,85,12057,14060
112,86,24792,1
112,87,7409,1
112,88,28027,1
112,89,997,1
112,90,7145,1
112,91,33948,1
112,92,1004,1
112,93,4205,1
112,94,29796,42
112,95,30387,1
112,96,11428,17490
112,97,34246,1
112,98,16965,1
112,99,18695,15834
113,0,39029,2
113,1,31018,2
113,2,19913,138
113,3,17946,77
113,4,11064,3
113,5,3254,1
113,6,5529,5
113,7,13709,17
113,8,31322,2
113,9,31445,1406
113,10,34394,50
113,11,11304,80
113,12,36354,34
113,13,26267,5
113,14,33837,2291
113,15,16465,1
113,16,24370,4
113,17,23155,2863
113,18,37022,3497
113,19,30498,1838
113,20,27525,2700
113,21,20764,13
113,22,10213,135
113,23,13289,1
113,24,647,2119
113,25,21364,1
113,26,26585,32
113,27,30152,2022
113,28,24753,2314
113,29,24365,71
113,30,4658,46
113,31,24315,22
113,32,5695,1
113,33,26524,3
113,34,10937,7
113,35,32761,127
113,36,38768,5
113,37,5424,11
113,38,15118,68
113,39,4340,1
113,40,29722,1
113,41,8831,3
113,42,32406,58
113,43,36667,1882
113,44,32743,9
113,45,29180,10
113,46,17919,5
113,47,14591,1
113,48,27440,3
113,49,16709,65
113,50,6321,1
113,51,18931,4
113,52,18996,1
113,53,36505,3744
113,54,31058,159
113,55,3148,1
113,56,1972,2
113,57,17191,0
113,58,4534,1
113,59,24296,9
113,60,22767,48
113,61,1665,1
113,62,2850,2674
113,63,19659,12
113,64,7669,64
113,65,37871,2710
113,66,30779,3
113,67,21700,36
113,68,14378,48
113,69,21280,1
113,70,26704,236
113,71,29742,2433
113,72,39002,38
113,73,25788,1
113,74,22401,1
113,75,33362,56
113,76,4147,1
113,77,7957,1
113,78,36042,1609
113,79,39146,1
113,80,38179,1
113,81,6715,1
113,82,14255,1
113,83,11456,68
113,84,26959,4
113,85,28974,21
113,86,37382,40
113,87,31861,1
113,88,3885,2326
113,89,35566,34
113,90,24540,1631
113,91,94,730
113,92,19710,2
113,93,7663,2315
113,94,4933,1
113,95,28489,1
113,96,2923,1
113,97,3625,1
113,98,21444,1
113,99,2973,1
114,0,16152,4067
114,1,7802,12
114,2,18457,3
114,3,12700,1
114,4,21550,1
114,5,38052,2
114,6,12053,4
114,7,30470,1679
114,8,11191,3
114,9,4766,4
114,10,4271,16
114,11,33918,1
114,12,25119,1905
114,13,37970,1
114,14,30437,104
114,15,35647,1
114,16,17845,1
114,17,20292,1
114,18,2956,1
114,19,39540,1
114,20,32474,168
114,21,18080,1
114,22,35854,1
114,23,18184,3657
114,24,30230,1234
114,25,30620,1859
114,26,28497,1
114,27,30633,2
114,28,12868,1
114,29,24777,5
114,30,4281,211
114,31,11487,7
114,32,22702,1
114,33,28668,5
114,34,4355,3
114,35,32131,2116
114,36,25075,13
114,37,27219,963
114,38,27410,1099
114,39,3741,1
114,40,24357,3710
114,41,12326,66
114,42,9287,1
114,43,20702,96
114,44,34607,8
114,45,38476,3
114,46,37833,11
114,47,39286,15
114,48,16627,10
114,49,18119,1
114,50,14628,1
114,51,4563,5
114,52,19570,2750
114,53,39629,1
114,54,1421,1
114,55,8312,469
114,56,10021,1
114,57,5363,1
114,58,24452,2
114,59,16885,25
114,60,5480,2
114,61,31928,5658
114,62,23058,1
114,63,22088,2
114,64,38806,122
114,65,18732,34
114,66,7410,1
114,67,23312,2813
114,68,4208,1
114,69,16700,53
114,70,10636,0
114,71,33514,3
114,72,36470,510
114,73,10970,3834
114,74,34012,1
114,75,21547,23
114,76,29464,1205
114,77,28749,4061
114,78,20145,43
114,79,11768,3742
114,80,35270,1
114,81,14994,6542
114,82,37586,97
114,83,22340,212
114,84,868,112
114,85,21870,27
114,86,35963,1
114,87,38503,50
114,88,39961,1
114,89,8209,1
114,90,8709,5
114,91,21656,1
114,92,3591,257
114,93,33640,4
114,94,39523,1
114,95,37831,2
114,96,21141,108
114,97,15488,131
114,98,11656,1
114,99,6489,72
115,0,23778,1
115,1,26442,173
115,2,32276,1
115,3,30214,2031
115,4,5938,1385
115,5,15551,1
115,6,21995,1
115,7,27315,4931
115,8,32451,1
115,9,13659,1
115,10,39762,5281
115,11,39713,1
115,12,14315,1
115,13,8618,1
115,14,4904,1
115,15,28037,2347
115,16,33353,5134
115,17,20031,1
115,18,14311,1
115,19,24409,1
115,20,18707,1
115,21,33524,5153
115,22,640,1
115,23,18984,1
115,24,8251,1
115,25,26318,68
115,26,26644,1
115,27,29257,150
115,28,15614,1
115,29,25856,1
115,30,17740,1
115,31,29096,1
115,32,19465,1
115,33,1286,1
115,34,7765,1
115,35,20223,1
115,36,29640,1
115,37,18738,1
115,38,11195,1
115,39,3941,18
115,40,12812,1
115,41,260,1
115,42,18209,1
115,43,39357,3831
115,44,4887,1
115,45,35377,5
115,46,29979,1
115,47,29839,7
115,48,19015,1
115,49,33414,7
115,50,26408,1
115,51,36019,2
115,52,8477,1
115,53,24038,1
115,54,399,2
115,55,32041,2407
115,56,6122,1
115,57,23855,1
115,58,17812,1
115,59,6022,1
115,60,341,4
115,61,7291,1
115,62,28439,2698
115,63,9161,1
115,64,25995,1
115,65,14211,1
115,66,1866,1
115,67,36108,1
115,68,23363,159
115,69,2461,1
115,70,28109,1
115,71,6806,1
115,72,23981,1
115,73,17126,1
115,74,16808,1
115,75,26701,3
115,76,34358,5437
115,77,21818,1
115,78,23012,1
115,79,6345,1
115,80,21690,1
115,81,26784,1
115,82,4358,720
115,83,5379,1
115,84,37447,1
115,85,35139,4662
115,86,8553,1
115,87,22956,4817
115,88,15818,1
115,89,2779,1632
115,90,26103,29
115,91,27802,1
115,92,22297,1
115,93,37099,1
115,94,14660,1
115,95,35933,5391
115,96,16284,1
115,97,24867,1
115,98,16135,95
115,99,30768,5959
116,0,21906,16939
116,1,14234,1
116,2,17721,1
116,3,23191,1
116,4,36929,1
116,5,8455,1
116,6,35358,1
116,7,597,1
116,8,11454,1
116,9,21773,1
116,10,24517,1
116,11,32339,1
116,12,11237,1
116,13,10916,2
116,14,37237,1
116,15,931,1
116,16,30895,1
116,17,22370,1
116,18,31088,1
116,19,21457,1
116,20,26223,1
116,21,19801,1
116,22,20925,15388
116,23,8393,1
116,24,14713,1
116,25,12109,1
116,26,28320,1
116,27,26022,1
116,28,36637,1
116,29,20304,1
116,30,8684,1
116,31,37144,1
116,32,32337,1
116,33,28028,1
116,34,13871,1
116,35,29744,1
116,36,12460,1
116,37,23629,1
116,38,2827,1
116,39,8587,1
116,40,38735,1
116,41,5336,1
116,42,15524,1
116,43,8985,1
116,44,30878,1
116,45,19884,15688
116,46,34357,1
116,47,33545,1
116,48,34604,1
116,49,15300,15269
116,50,38013,1
116,51,36947,1
116,52,14773,1
116,53,37029,1
116,54,20695,16615
116,55,37985,1
116,56,37572,1
116,57,29018,1
116,58,20968,1
116,59,31706,1
116,60,53,1
116,61,7754,1
116,62,26290,1
116,63,17229,1
116,64,16533,1
116,65,17011,1
116,66,14149,1
116,67,16439,1
116,68,24549,14336
116,69,25861,1
116,70,2772,1
116,71,22322,14819
116,72,5182,1
116,73,605,1
116,74,14437,1
116,75,5178,1
116,76,15182,1
116,77,23516,1
116,78,11938,1
116,79,30172,59
116,80,4736,1
116,81,2084,1
116,82,30925,1
116,83,573,1
116,84,16698,15619
116,85,36079,1
116,86,35153,1
116,87,28868,16551
116,88,7808,1
116,89,19275,14691
116,90,36723,1
116,91,14885,16724
116,92,32182,1
116,93,25334,16282
116,94,10343,1
116,95,19147,15331
116,96,28354,15850
116,97,31762,1
116,98,27583,16492
116,99,39457,1
117,0,29531,3886
117,1,36522,8
117,2,31539,4257
117,3,37057,1
117,4,17668,1
117,5,22306,2
117,6,5301,128
117,7,33794,28
117,8,29066,1
117,9,30666,1
117,10,20008,1
117,11,38135,3793
117,12,433,4276
117,13,17916,68
117,14,11704,2
117,15,33321,3414
117,16,6403,93
117,17,22108,2
117,18,2443,3782
117,19,6326,2
117,20,12456,5
117,21,31597,13
117,22,25711,2
117,23,5545,58
117,24,32735,3712
117,25,7808,3697
117,26,26467,1
117,27,24645,4
117,28,3031,1
117,29,17735,4
117,30,22143,24
117,31,14753,1
117,32,25452,1
117,33,647,3057
117,34,17280,41
117,35,17837,1
117,36,17025,1
117,37,18796,1
117,38,26612,1
117,39,8786,24
117,40,30838,1
117,41,29622,1
117,42,24446,1
117,43,27640,1
117,44,4806,1
117,45,16785,1
117,46,30151,3871
117,47,24097,75
117,48,36992,75
117,49,30595,131
117,50,9794,1
117,51,28402,1
117,52,32,4
117,53,25087,100
117,54,19673,3
117,55,21714,42
117,56,37322,40
117,57,3862,3924
117,58,14329,18
117,59,20843,2
117,60,34914,1
117,61,23117,1
117,62,31671,1
117,63,4302,2
117,64,7370,1
117,65,12489,2
117,66,8605,12
117,67,29235,1
117,68,57,1
117,69,15271,1
117,70,23893,7
117,71,35614,21
117,72,32692,1
117,73,3112,3
117,74,37233,116
117,75,10332,16
117,76,20076,1
117,77,16586,1
117,78,14805,1
117,79,24749,4436
117,80,31157,2
117,81,10226,4386
117,82,34050,3
117,83,23612,1
117,84,9630,4489
117,85,9348,1
117,86,7743,14
117,87,13321,1
117,88,20017,29
117,89,13845,37
117,90,17766,1
117,91,21031,21
117,92,10888,7
117,93,28792,21
117,94,25480,1
117,95,17249,1
117,96,23498,101
117,97,1141,2
117,98,32062,1
117,99,27384,4072
118,0,6655,36
118,1,13306,1
118,2,30083,1
118,3,31812,1
118,4,31803,1
118,5,20753,1
118,6,15472,1
118,7,10555,1
118,8,12582,3793
118,9,3987,3868
118,10,29885,1
118,11,17100,1
118,12,29198,1
118,13,33267,1
118,14,8304,1
118,15,12503,1
118,16,39878,1
118,17,22893,21
118,18,8377,1
118,19,15367,1
118,20,13758,3908
118,21,32560,1
118,22,11352,3636
118,23,10441,1
118,24,18669,1
118,25,17063,1
118,26,28379,1
118,27,28775,1
118,28,27498,1
118,29,21795,1
118,30,18117,1
118,31,1925,1
118,32,2458,1
118,33,2791,15
118,34,10699,0
118,35,17206,212
118,36,3332,7
118,37,591,3
118,38,38904,1
118,39,8188,3379
118,40,21825,42
118,41,33117,1
118,42,1328,1
118,43,11674,3
118,44,6671,1
118,45,26081,74
118,46,10065,0
118,47,8792,165
118,48,29828,1
118,49,32005,1
118,50,18101,1
118,51,10387,3160
118,52,4255,1
118,53,24562,1
118,54,30036,1
118,55,26878,1
118,56,1722,3
118,57,32035,1
118,58,34247,1
118,59,13433,146
118,60,17628,30
118,61,17028,1
118,62,11879,1
118,63,6732,1
118,64,38507,47
118,65,33350,1
118,66,25236,1
118,67,34496,1
118,68,29886,1
118,69,10690,1
118,70,7825,1
118,71,39386,1
118,72,26512,1
118,73,31943,0
118,74,8845,1
118,75,38517,1
118,76,9041,1
118,77,37378,1
118,78,38909,1
118,79,37371,1
118,80,28247,1
118,81,18505,2
118,82,21028,1
118,83,34495,1
118,84,23539,1
118,85,2244,1
118,86,9972,4034
118,87,16314,1
118,88,19742,1
118,89,30136,1
118,90,1934,1
118,91,2593,2
118,92,34769,1
118,93,14769,3661
118,94,20070,157
118,95,26591,16
118,96,38067,1
118,97,13004,190
118,98,22274,81
118,99,30900,0
122,0,37157,71
122,1,18810,63
122,2,5358,22
122,3,10923,3
122,4,2055,25
122,5,39805,43
122,6,18892,12
122,7,30639,4988
122,8,10325,9
122,9,39560,35
122,10,15500,176
122,11,3930,16
122,12,29628,5506
122,13,28564,56
122,14,26171,4
122,15,25711,1
122,16,21912,0
122,17,21846,65
122,18,13798,628
122,19,31195,729
122,20,38689,4644
122,21,3393,35
122,22,30498,3
122,23,2697,10
122,24,10756,1
122,25,7155,2
122,26,28261,2
122,27,23268,2
122,28,5776,31
122,29,18813,1
122,30,35602,7
122,31,32362,15
122,32,22215,5872
122,33,13266,21
122,34,17042,7
122,35,2282,38
122,36,21589,950
122,37,10315,10
122,38,6749,9
122,39,8986,1
122,40,19293,3
122,41,13908,31
122,42,33369,251
122,43,6295,7
122,44,15086,32
122,45,17335,1
122,46,22297,1
122,47,18297,14
122,48,39380,37
122,49,2243,8
122,50,21574,709
122,51,19858,2
122,52,25291,1
122,53,13144,1
122,54,15003,24
122,55,9092,9
122,56,33423,5017
122,57,22354,2
122,58,7690,3
122,59,9980,1
122,60,26127,0
122,61,38480,1
122,62,700,13
122,63,27727,1
122,64,34559,1
122,65,4320,13
122,66,3062,44
122,67,2031,1
122,68,19213,89
122,69,4680,13
122,70,1367,2
122,71,5257,61
122,72,20203,2
122,73,9267,1
122,74,20029,15
122,75,11839,1
122,76,24971,3
122,77,6007,6
122,78,21320,2
122,79,22973,6
122,80,21225,22
122,81,22015,11
122,82,822,1
122,83,6650,1
122,84,6209,13
122,85,26266,3322
122,86,20334,1
122,87,37773,1
122,88,35874,5668
122,89,8415,1
122,90,35160,12
122,91,27177,1
122,92,29595,817
122,93,32250,4243
122,94,617,7
122,95,11703,9
122,96,14993,153
122,97,10520,7
122,98,32892,4574
122,99,11663,1
119,0,14280,10
119,1,31946,89
119,2,3902,1
119,3,5677,1
119,4,16190,6
119,5,34604,3
119,6,25415,33
119,7,3752,2797
119,8,30194,1
119,9,12880,1
119,10,25377,2
119,11,26543,5
119,12,18393,9
119,13,3915,13
119,14,22771,21
119,15,4893,2
119,16,15387,16
119,17,22632,19
119,18,19732,4
119,19,236,0
119,20,39991,1
119,21,4357,1
119,22,16138,34
119,23,7593,1
119,24,36691,4
119,25,16410,1
119,26,26526,2
119,27,27398,35
119,28,33892,6
119,29,19226,1
119,30,35224,1
119,31,19534,14
119,32,35574,163
119,33,15409,1
119,34,14109,1
119,35,5299,1
119,36,7896,1
119,37,32110,1
119,38,22689,1
119,39,8387,1
119,40,10280,1
119,41,21051,73
119,42,10250,9
119,43,30329,1
119,44,16950,1
119,45,22983,15
119,46,2211,4
119,47,39344,270
119,48,32216,3
119,49,3652,1
119,50,29881,1
119,51,1843,30
119,52,29514,1
119,53,12620,30
119,54,25366,148
119,55,14255,4
119,56,1471,1
119,57,10527,2
119,58,27607,168
119,59,2570,1
119,60,8840,1
119,61,32391,10
119,62,17260,3
119,63,30156,6
119,64,25696,3
119,65,25180,1
119,66,19692,1
119,67,7291,0
119,68,9042,6
119,69,100,1
119,70,25299,4
119,71,12678,1
119,72,17671,45
119,73,34450,4
119,74,31641,3
119,75,23,1
119,76,13936,69
119,77,30447,1
119,78,5423,1
119,79,31947,185
119,80,14668,1
119,81,30294,1
119,82,24153,4
119,83,17534,8
119,84,20118,7
119,85,19161,2
119,86,22563,37
119,87,4415,8
119,88,31951,1776
119,89,24706,3
119,90,19329,1
119,91,8739,2
119,92,13475,1
119,93,18227,11
119,94,35207,1
119,95,21045,3
119,96,33211,1
119,97,22383,13
119,98,26753,17
119,99,15179,1
120,0,12408,3
120,1,19738,6
120,2,29347,1
120,3,38654,2330
120,4,7182,191
120,5,27508,1
120,6,38777,10
120,7,20682,1
120,8,9197,4
120,9,17346,1
120,10,10131,5
120,11,15521,5
120,12,11668,72
120,13,6213,3718
120,14,15104,18
120,15,14139,1
120,16,12928,1
120,17,21323,94
120,18,36509,1009
120,19,37284,39
120,20,7507,2
120,21,30634,2172
120,22,36423,1
120,23,37002,5
120,24,3152,31
120,25,38552,1
120,26,28202,1
120,27,24163,1
120,28,14915,1
120,29,17322,10
120,30,26168,32
120,31,27581,27
120,32,12094,2
120,33,2151,7
120,34,20214,4788
120,35,14819,5811
120,36,30717,2
120,37,37001,2359
120,38,14320,59
120,39,9385,46
120,40,39851,4
120,41,26127,8
120,42,7565,126
120,43,3605,2011
120,44,2942,264
120,45,11137,1
120,46,6589,762
120,47,3050,198
120,48,4157,210
120,49,29186,1
120,50,1486,1
120,51,2770,23
120,52,35809,2485
120,53,25611,2
120,54,9310,79
120,55,16551,28
120,56,29273,73
120,57,15690,1
120,58,34411,2767
120,59,28254,47
120,60,12200,1
120,61,29206,1
120,62,15111,1
120,63,1872,117
120,64,16234,4375
120,65,31629,5
120,66,31975,55
120,67,27623,27
120,68,10228,7
120,69,19852,345
120,70,39962,1
120,71,28193,43
120,72,35224,2521
120,73,17930,8
120,74,25622,1
120,75,18500,1
120,76,34759,1
120,77,32145,11
120,78,30701,1
120,79,15775,67
120,80,37714,75
120,81,5594,1318
120,82,10719,14
120,83,12728,28
120,84,35721,522
120,85,16453,4
120,86,9162,25
120,87,6679,38
120,88,23940,20
120,89,37554,8
120,90,29949,6
120,91,39470,92
120,92,27008,91
120,93,2815,5143
120,94,30890,19
120,95,7907,269
120,96,5280,420
120,97,29278,1
120,98,38201,5
120,99,23868,1
121,0,20033,137
121,1,2026,203
121,2,3166,6
121,3,16168,3
121,4,27921,42
121,5,1359,3
121,6,8720,60
121,7,13879,14
121,8,30457,840
121,9,26239,3670
121,10,5623,354
121,11,21317,3
121,12,4511,8
121,13,13213,7
121,14,33218,443
121,15,10177,13
121,16,28436,2
121,17,21061,4280
121,18,7864,8
121,19,22153,17
121,20,33740,5
121,21,6078,99
121,22,1209,6
121,23,37802,31
121,24,21174,2
121,25,37899,1
121,26,26349,8
121,27,22787,371
121,28,17660,10
121,29,14753,2
121,30,39627,157
121,31,5191,6
121,32,5209,135
121,33,14770,3
121,34,23624,3899
121,35,2912,20
121,36,35281,4
121,37,28519,52
121,38,34458,5
121,39,9585,12
121,40,28306,2
121,41,10413,7
121,42,16487,35
121,43,18612,29
121,44,16869,16
121,45,8039,5
121,46,38735,1
121,47,37251,11
121,48,6545,3
121,49,833,194
121,50,13267,15
121,51,34226,4805
121,52,21068,7
121,53,13668,9
121,54,4640,81
121,55,3928,16
121,56,29023,5257
121,57,34181,9
121,58,27772,214
121,59,13743,129
121,60,3413,224
121,61,8217,3
121,62,24140,45
121,63,25297,4406
121,64,3423,521
121,65,23459,4064
121,66,26431,4331
121,67,418,863
121,68,25735,39
121,69,9261,95
121,70,21083,4
121,71,1485,4
121,72,22735,1
121,73,24085,3736
121,74,8418,11
121,75,23655,4318
121,76,39654,23
121,77,25214,65
121,78,37216,676
121,79,10351,94
121,80,27782,755
121,81,13736,9
121,82,17492,21
121,83,35767,31
121,84,32301,10
121,85,33370,8
121,86,21753,2
121,87,31132,6
121,88,39797,3
121,89,32124,3
121,90,7343,27
121,91,1968,1
121,92,5714,2
121,93,9921,1
121,94,6027,1
121,95,2361,1
121,96,424,412
121,97,38657,16
121,98,2680,2
121,99,11795,1
123,0,4782,70
123,1,37450,2114
123,2,19176,11
123,3,24789,2159
123,4,22795,5
123,5,13657,1
123,6,28834,68
123,7,23837,2
123,8,31585,22
123,9,8453,33
123,10,14639,1
123,11,9726,417
123,12,22472,6
123,13,35565,1825
123,14,637,53
123,15,21749,10
123,16,37420,2495
123,17,21585,3
123,18,25154,1
123,19,12416,1437
123,20,24922,2231
123,21,18837,29
123,22,31636,99
123,23,39850,1
123,24,28778,453
123,25,2853,1
123,26,26408,2183
123,27,21892,2
123,28,8521,1117
123,29,16244,1
123,30,9061,11
123,31,9972,864
123,32,15330,1
123,33,29533,4
123,34,20452,1
123,35,30375,1504
123,36,26153,113
123,37,1834,2
123,38,30535,1
123,39,9186,73
123,40,7748,17
123,41,1842,109
123,42,38643,2062
123,43,24950,226
123,44,29014,8
123,45,14236,5
123,46,14443,2117
123,47,8850,1
123,48,1768,1
123,49,13890,4
123,50,29706,2
123,51,11314,4
123,52,10550,307
123,53,37554,1
123,54,10333,1827
123,55,32821,1572
123,56,33172,1872
123,57,37198,68
123,58,1051,1
123,59,39117,1
123,60,17339,159
123,61,13843,1
123,62,9729,3344
123,63,14800,2736
123,64,25397,11
123,65,39798,1668
123,66,37518,1
123,67,14827,1221
123,68,34720,1
123,69,34090,19
123,70,22488,1
123,71,18549,13
123,72,7714,89
123,73,11775,753
123,74,2826,2985
123,75,16993,1
123,76,29865,26
123,77,39076,9
123,78,24187,2760
123,79,17550,21
123,80,7645,74
123,81,33805,2311
123,82,7595,45
123,83,29689,1
123,84,2789,7
123,85,3183,1
123,86,36572,298
123,87,22226,18
123,88,11731,310
123,89,2984,4
123,90,12555,32
123,91,33324,2
123,92,8301,1
123,93,39356,31
123,94,15753,1
123,95,9805,1683
123,96,10137,2
123,97,19899,2851
123,98,37371,1811
123,99,39589,48
127,0,35285,2178
127,1,2954,76
127,2,30803,17
127,3,3900,341
127,4,33047,60
127,5,32709,2372
127,6,32254,33
127,7,3921,71
127,8,29328,51
127,9,4026,28
127,10,254,19
127,11,32908,2674
127,12,22903,174
127,13,30862,94
127,14,22152,12
127,15,38605,58
127,16,15805,932
127,17,24186,14
127,18,30575,1
127,19,28243,518
127,20,6205,53
127,21,29670,396
127,22,7134,7
127,23,32106,2727
127,24,17218,993
127,25,29297,5
127,26,29938,25
127,27,20033,247
127,28,26799,8
127,29,13261,4
127,30,26546,5
127,31,410,11
127,32,35087,2095
127,33,8,35
127,34,23148,6
127,35,15450,19
127,36,4410,71
127,37,15205,693
127,38,2029,5
127,39,9984,425
127,40,5216,4
127,41,18985,756
127,42,30684,1159
127,43,15923,4
127,44,1077,604
127,45,1841,400
127,46,26675,2
127,47,22003,6
127,48,11321,3
127,49,24128,37
127,50,33179,2
127,51,20786,14
127,52,31587,2
127,53,26135,21
127,54,38948,10
127,55,15036,82
127,56,24873,18
127,57,27517,1
127,58,10846,9
127,59,32016,4
127,60,29487,1465
127,61,38942,33
127,62,38550,31
127,63,39443,1064
127,64,25097,55
127,65,10768,105
127,66,15344,78
127,67,26010,5
127,68,20399,479
127,69,28080,82
127,70,19678,22
127,71,24421,194
127,72,37756,2
127,73,32747,7
127,74,17658,23
127,75,30316,1636
127,76,9442,13
127,77,7705,47
127,78,6598,22
127,79,3153,127
127,80,4271,29
127,81,37315,2
127,82,27389,4
127,83,1844,316
127,84,25460,5
127,85,23557,4
127,86,6933,57
127,87,37,4
127,88,27863,113
127,89,24911,47
127,90,5780,8
127,91,14260,2
127,92,39479,4029
127,93,20485,1
127,94,36300,3550
127,95,38565,7
127,96,27063,20
127,97,17415,658
127,98,7989,799
127,99,20352,20
124,0,2910,2467
124,1,25242,4
124,2,4622,1
124,3,17766,1
124,4,13786,1
124,5,6561,251
124,6,2197,2
124,7,767,85
124,8,10588,78
124,9,12919,1
124,10,35745,1
124,11,38704,154
124,12,15746,148
124,13,1510,2506
124,14,36618,1958
124,15,30995,1
124,16,31313,1
124,17,23924,1
124,18,1930,3
124,19,13112,4
124,20,32438,36
124,21,5114,2110
124,22,11921,86
124,23,29258,15
124,24,35240,60
124,25,28644,2
124,26,28084,1
124,27,18657,1
124,28,33193,987
124,29,14340,21
124,30,5,220
124,31,18019,1
124,32,28202,21
124,33,16274,1
124,34,26557,1
124,35,39895,11
124,36,8974,9
124,37,6724,2
124,38,22166,1
124,39,10184,3
124,40,37319,1
124,41,6918,2
124,42,39606,213
124,43,34578,1224
124,44,15005,1
124,45,38743,15
124,46,18821,11
124,47,12556,2265
124,48,13709,5
124,49,39424,1
124,50,4959,2
124,51,12242,1
124,52,16846,2
124,53,14193,1
124,54,34277,1
124,55,38765,46
124,56,24623,17
124,57,2361,65
124,58,4206,27
124,59,21153,1
124,60,20699,3
124,61,14305,2
124,62,3932,35
124,63,22868,467
124,64,15935,26
124,65,2598,12
124,66,9801,2
124,67,35158,76
124,68,35906,1
124,69,17490,3
124,70,37151,49
124,71,37713,44
124,72,25267,1
124,73,35254,31
124,74,454,2
124,75,35470,9
124,76,14337,279
124,77,774,2060
124,78,13113,129
124,79,1377,528
124,80,30691,3
124,81,9105,1
124,82,34162,1
124,83,24883,139
124,84,18392,1
124,85,475,11
124,86,19524,1
124,87,24490,1
124,88,3720,243
124,89,19481,1
124,90,23175,0
124,91,20407,1
124,92,18186,1
124,93,23944,1
124,94,11437,1
124,95,33019,2401
124,96,22207,1
124,97,26794,41
124,98,8819,1
124,99,8279,2
125,0,10536,2114
125,1,7530,2
125,2,14792,3
125,3,31632,1
125,4,38173,79
125,5,24060,507
125,6,12140,2051
125,7,33964,9
125,8,28200,15
125,9,21812,1
125,10,34885,1
125,11,8147,281
125,12,4942,24
125,13,8511,25
125,14,11085,9
125,15,23385,1
125,16,6822,60
125,17,23662,123
125,18,13286,8
125,19,34333,132
125,20,18671,94
125,21,16911,94
125,22,16707,2223
125,23,30059,5
125,24,13262,51
125,25,24343,23
125,26,29879,2
125,27,17280,1
125,28,35938,1637
125,29,11770,46
125,30,17112,794
125,31,35629,22
125,32,24965,7
125,33,28893,303
125,34,26319,388
125,35,27988,13
125,36,13538,1562
125,37,1891,28
125,38,5951,24
125,39,14031,6
125,40,25774,1
125,41,31204,1
125,42,4880,1
125,43,13233,32
125,44,28933,2140
125,45,35644,1
125,46,10967,2045
125,47,6756,238
125,48,19745,1892
125,49,11071,1
125,50,13092,20
125,51,3697,0
125,52,2105,1
125,53,38602,15
125,54,33255,5
125,55,22495,26
125,56,20724,2
125,57,20853,8
125,58,37567,17
125,59,10290,98
125,60,15560,1469
125,61,29668,30
125,62,12961,21
125,63,9940,24
125,64,3124,1
125,65,38077,1
125,66,4257,9
125,67,7954,62
125,68,15062,44
125,69,3252,7
125,70,18272,28
125,71,7357,25
125,72,16425,935
125,73,1409,40
125,74,23251,1645
125,75,36977,80
125,76,19231,1594
125,77,33843,23
125,78,15979,2
125,79,35954,340
125,80,20759,3
125,81,20894,4
125,82,37286,9
125,83,7922,14
125,84,14972,5
125,85,17392,16
125,86,32114,1491
125,87,8943,1608
125,88,15929,1889
125,89,14050,322
125,90,569,3
125,91,26553,9
125,92,36892,14
125,93,27402,6
125,94,30222,33
125,95,31121,2
125,96,17350,1750
125,97,36173,34
125,98,13298,53
125,99,32557,306
126,0,27659,100
126,1,20666,3
126,2,16984,1438
126,3,30034,4
126,4,12308,133
126,5,18858,7
126,6,22311,6315
126,7,10724,127
126,8,11717,10
126,9,35132,1
126,10,4762,1
126,11,27113,71
126,12,33707,2
126,13,23862,5103
126,14,7685,1
126,15,2567,4
126,16,297,10
126,17,24447,11
126,18,19220,11
126,19,3374,1
126,20,19973,1544
126,21,17874,269
126,22,5996,1
126,23,34954,2
126,24,39196,10
126,25,33598,12
126,26,28143,3
126,27,21410,5
126,28,24054,5301
126,29,15831,18
126,30,13087,5590
126,31,22800,2
126,32,38324,20
126,33,27389,1
126,34,23386,15
126,35,27357,5
126,36,39846,140
126,37,23686,4653
126,38,18243,3
126,39,9784,29
126,40,16761,6
126,41,34699,37
126,42,21761,1811
126,43,37267,70
126,44,27149,1
126,45,4940,3
126,46,34529,10
126,47,27803,17
126,48,8933,121
126,49,12481,314
126,50,21399,8
126,51,25682,5286
126,52,6328,154
126,53,38078,63
126,54,3618,36
126,55,27658,5602
126,56,25124,3
126,57,9025,7
126,58,17485,11
126,59,2880,23
126,60,34626,1
126,61,23579,2
126,62,29521,6
126,63,12370,158
126,64,34260,6
126,65,18937,79
126,66,20888,3388
126,67,13214,28
126,68,4891,19
126,69,38671,2
126,70,38556,13
126,71,11129,2
126,72,10246,29
126,73,26592,1
126,74,31214,1
126,75,28809,1
126,76,4548,66
126,77,14636,3
126,78,83,5
126,79,8576,2
126,80,14202,1
126,81,25526,4
126,82,24265,4591
126,83,18805,565
126,84,28880,3441
126,85,10288,644
126,86,34343,1
126,87,15584,1744
126,88,15654,4
126,89,26693,3225
126,90,28386,1
126,91,8114,1
126,92,24421,9
126,93,13379,197
126,94,21164,18
126,95,463,53
126,96,35568,2
126,97,8036,115
126,98,3510,19
126,99,36073,14
128,0,5289,1
128,1,17118,18
128,2,19502,1
128,3,6775,298
128,4,28267,1
128,5,20423,8
128,6,39658,17
128,7,8937,1
128,8,28920,14
128,9,1690,3
128,10,4935,2
128,11,3417,168
128,12,13436,1
128,13,16634,0
128,14,17477,2
128,15,2284,0
128,16,34203,2
128,17,30305,2
128,18,20112,4415
128,19,30026,5
128,20,39706,10
128,21,8926,1
128,22,13997,1
128,23,7973,7
128,24,27165,1
128,25,24940,5401
128,26,19985,3860
128,27,12073,12
128,28,2635,69
128,29,241,4
128,30,5772,1
128,31,2178,8
128,32,25357,4310
128,33,28688,10
128,34,23202,7
128,35,2501,0
128,36,19318,4784
128,37,38827,14
128,38,1210,26
128,39,9660,3
128,40,20093,38
128,41,30712,27
128,42,12080,1
128,43,39889,7
128,44,38821,22
128,45,18303,4934
128,46,18885,4
128,47,13269,1
128,48,29949,1
128,49,28909,1
128,50,14070,9
128,51,22510,3
128,52,23363,4698
128,53,2456,2
128,54,17194,103
128,55,39131,6
128,56,33636,1
128,57,22480,12
128,58,3332,2
128,59,4006,3
128,60,29343,2
128,61,19614,1
128,62,29593,4
128,63,13157,5172
128,64,28871,4
128,65,17116,5660
128,66,3963,3
128,67,2220,24
128,68,38055,2
128,69,38832,5
128,70,20916,4168
128,71,1938,1
128,72,16320,4815
128,73,34982,1
128,74,21391,1
128,75,15198,20
128,76,21357,5560
128,77,38890,0
128,78,24399,2
128,79,11343,1
128,80,24104,67
128,81,19551,5256
128,82,39683,1
128,83,25413,5
128,84,33381,0
128,85,32222,1
128,86,16561,4184
128,87,12047,1
128,88,14300,6206
128,89,21198,12
128,90,35888,8
128,91,24978,45
128,92,33956,0
128,93,3868,3
128,94,12178,115
128,95,530,1
128,96,22075,24
128,97,14359,5439
128,98,21181,3
128,99,4064,6
129,0,12915,297
129,1,39406,1024
129,2,33321,1655
129,3,24288,5
129,4,9006,1427
129,5,37922,2249
129,6,9601,1369
129,7,2134,8
129,8,10180,2590
129,9,10583,274
129,10,4074,104
129,11,12861,17
129,12,6279,60
129,13,23634,5
129,14,31944,6
129,15,34674,18
129,16,9711,5
129,17,30043,1
129,18,31467,5
129,19,14895,95
129,20,25939,10
129,21,24370,17
129,22,18784,3
129,23,8773,3934
129,24,5187,1
129,25,20639,1
129,26,21779,1
129,27,10697,1
129,28,5380,1
129,29,1319,1
129,30,19231,1
129,31,19787,1
129,32,22121,1
129,33,4955,1
129,34,22964,1
129,35,30593,1
129,36,23882,1
129,37,33994,1
129,38,24996,1
129,39,9859,1
129,40,8548,1
129,41,18646,1
129,42,17354,1
129,43,18544,1
129,44,12749,1
129,45,15204,1
129,46,11031,1
129,47,7470,1
129,48,32338,1
129,49,557,1
129,50,25850,1
129,51,13966,1
129,52,8623,1
129,53,26866,1
129,54,16171,1
129,55,22861,1
129,56,33385,1
129,57,972,1
129,58,36693,1
129,59,33142,1
129,60,20556,1
129,61,34977,1
129,62,34974,1
129,63,230,1
129,64,16061,1
129,65,8947,1
129,66,38420,1
129,67,15016,1
129,68,13563,1
129,69,24594,1
129,70,2037,1
129,71,11582,1
129,72,3830,1
129,73,1138,1
129,74,4187,1
129,75,16705,1
129,76,26251,1
129,77,28311,1
129,78,30914,1
129,79,9567,1
129,80,14172,1
129,81,31340,1
129,82,2808,1
129,83,8452,1
129,84,29961,1
129,85,9139,1
129,86,29152,1
129,87,36500,1
129,88,30157,1
129,89,15767,1
129,90,13282,1
129,91,31124,1
129,92,9015,1
129,93,7326,1
129,94,27314,1
129,95,38632,1
129,96,17218,1
129,97,23738,1
129,98,25660,1
129,99,31991,1
130,0,30038,79
130,1,16190,5372
130,2,31865,2
130,3,19043,11
130,4,23141,2
130,5,32720,2
130,6,19772,5591
130,7,18895,3
130,8,30049,49
130,9,23904,2
130,10,13951,4894
130,11,31826,31
130,12,31396,21
130,13,38985,44
130,14,28544,17
130,15,13856,75
130,16,3186,148
130,17,30828,7
130,18,37401,2
130,19,23936,3
130,20,27240,29
130,21,21685,16
130,22,8072,33
130,23,13669,19
130,24,34769,48
130,25,29895,2
130,26,20044,41
130,27,14827,362
130,28,33496,4
130,29,1732,25
130,30,15206,2235
130,31,6959,5339
130,32,39127,6
130,33,3450,590
130,34,20031,3
130,35,29963,5
130,36,10190,5154
130,37,15789,5050
130,38,37288,28
130,39,9261,7
130,40,39535,4
130,41,22141,172
130,42,34235,8
130,43,2578,29
130,44,10965,4826
130,45,24500,2
130,46,30945,4
130,47,28516,5
130,48,25173,5225
130,49,1966,6
130,50,34158,4
130,51,35950,6
130,52,12845,10
130,53,26341,11
130,54,22886,13
130,55,28024,2
130,56,37786,4
130,57,29145,5
130,58,16611,1
130,59,25732,1
130,60,3269,251
130,61,28888,6
130,62,15182,5409
130,63,2659,57
130,64,7197,2
130,65,29807,3
130,66,15050,1
130,67,20276,23
130,68,3392,566
130,69,20013,3906
130,70,22321,9
130,71,19002,1
130,72,1298,20
130,73,26320,4
130,74,15798,7
130,75,4889,89
130,76,11568,4723
130,77,12751,82
130,78,15018,2323
130,79,18541,5044
130,80,7615,3668
130,81,35971,12
130,82,26138,1
130,83,19336,5269
130,84,3870,524
130,85,2035,1359
130,86,31381,2
130,87,3142,25
130,88,26234,5
130,89,32058,1
130,90,1099,4
130,91,12685,4
130,92,36543,0
130,93,33303,18
130,94,21904,8
130,95,7974,5153
130,96,31788,12
130,97,35601,35
130,98,15872,1
130,99,35507,23
131,0,37664,5
131,1,34830,4
131,2,5683,2
131,3,32909,3
131,4,3880,16
131,5,6572,44
131,6,29715,13
131,7,12092,6
131,8,11309,155
131,9,32797,4
131,10,9443,465
131,11,37622,5
131,12,24240,2
131,13,5986,45
131,14,3010,0
131,15,6246,2
131,16,18695,3
131,17,30567,12
131,18,8757,65
131,19,5157,58
131,20,13473,3
131,21,37130,1
131,22,12859,974
131,23,10821,32
131,24,9143,2214
131,25,25594,1
131,26,21838,30
131,27,13450,876
131,28,36241,11
131,29,2810,0
131,30,32313,4
131,31,24569,1
131,32,32242,3
131,33,16069,1514
131,34,19792,16
131,35,18056,13
131,36,14754,2089
131,37,7308,1
131,38,21073,17
131,39,9460,767
131,40,27990,5
131,41,6427,37
131,42,3158,2
131,43,21234,15
131,44,24893,1
131,45,21401,23
131,46,26739,40
131,47,19069,3
131,48,27561,31
131,49,17262,133
131,50,5938,6
131,51,27406,3
131,52,38104,2
131,53,14399,57
131,54,21864,7
131,55,11754,3173
131,56,37535,2
131,57,7636,25
131,58,9971,1
131,59,14869,97
131,60,38130,2
131,61,4251,3
131,62,20563,30
131,63,26084,2
131,64,38034,50
131,65,21638,1
131,66,9507,9
131,67,33072,10
131,68,18899,3
131,69,9423,132
131,70,3443,13
131,71,28646,4
131,72,28809,60
131,73,32475,5
131,74,38594,12
131,75,10044,1041
131,76,16463,1387
131,77,5820,1
131,78,21533,1
131,79,16766,2812
131,80,37683,1
131,81,7761,2507
131,82,32910,1
131,83,2374,4
131,84,449,5
131,85,18952,1
131,86,3971,6
131,87,27594,10
131,88,2091,1
131,89,26628,21
131,90,18493,5
131,91,18832,10
131,92,15250,58
131,93,410,3
131,94,37041,18
131,95,2428,1
131,96,26931,1
131,97,4980,9
131,98,20351,1
131,99,19785,25
134,0,20540,6
134,1,21694,2789
134,2,7139,316
134,3,38154,8
134,4,33393,22
134,5,11773,7
134,6,23192,55
134,7,38979,17
134,8,31440,1
134,9,19477,6753
134,10,39566,12
134,11,18656,7476
134,12,35475,927
134,13,34283,141
134,14,6410,14
134,15,27064,6
134,16,25219,11
134,17,29782,4
134,18,2822,8233
134,19,39763,1
134,20,12172,29
134,21,36166,3
134,22,23570,24
134,23,5925,158
134,24,23209,7
134,25,16338,357
134,26,19926,2364
134,27,9320,9
134,28,11774,12
134,29,38750,82
134,30,32690,5
134,31,37397,5
134,32,15236,7236
134,33,17573,7
134,34,26374,44
134,35,15038,6666
134,36,28446,1
134,37,25513,26
134,38,8781,7
134,39,10059,9123
134,40,37003,2
134,41,2932,4
134,42,26276,1
134,43,37199,46
134,44,23029,126
134,45,12105,15
134,46,3177,29
134,47,38022,2
134,48,34726,2
134,49,15852,7148
134,50,37631,36
134,51,5422,7073
134,52,33882,182
134,53,14923,32
134,54,11501,6909
134,55,6590,1
134,56,29487,10
134,57,15816,9
134,58,30054,1
134,59,18631,8062
134,60,15416,1
134,61,10340,6
134,62,4003,2
134,63,23654,5
134,64,6898,7135
134,65,777,2
134,66,32876,188
134,67,27811,1
134,68,29070,49
134,69,14004,3
134,70,19511,2
134,71,24874,1
134,72,31341,4
134,73,3645,7352
134,74,26983,45
134,75,21859,6748
134,76,31146,6
134,77,21380,1
134,78,37429,7
134,79,4144,5
134,80,4240,6562
134,81,3130,13
134,82,9580,200
134,83,31491,10
134,84,26540,456
134,85,26057,6
134,86,5390,1
134,87,20953,135
134,88,6014,13
134,89,10337,2
134,90,34324,1
134,91,37270,1248
134,92,27721,284
134,93,14432,8826
134,94,2451,6779
134,95,33086,3
134,96,12362,302
134,97,33117,5
134,98,26490,7
134,99,16269,1
135,0,28166,3596
135,1,334,1
135,2,17310,250
135,3,12020,3005
135,4,14132,6
135,5,25624,3862
135,6,33135,261
135,7,32177,4780
135,8,9052,1
135,9,28370,4965
135,10,35057,1
135,11,24452,19
135,12,24671,13
135,13,1283,2
135,14,20877,1
135,15,23102,16
135,16,728,120
135,17,29520,14
135,18,14178,3
135,19,20984,4398
135,20,38404,956
135,21,7962,1
135,22,28357,4848
135,23,3078,1
135,24,1231,8
135,25,15685,1001
135,26,21720,33
135,27,7944,50
135,28,14519,127
135,29,39828,3
135,30,6149,1
135,31,11358,1
135,32,11999,2
135,33,30192,3437
135,34,26136,235
135,35,3131,3
135,36,33010,34
135,37,20680,1
135,38,28919,122
135,39,10259,1
135,40,29106,1
135,41,27218,207
135,42,35198,9
135,43,15854,3145
135,44,36956,1
135,45,9007,32
135,46,38971,2
135,47,32222,1
135,48,762,5
135,49,27500,1
135,50,9411,85
135,51,36877,3
135,52,19141,58
135,53,39332,27
135,54,6831,6
135,55,33968,247
135,56,29236,18
135,57,34308,1
135,58,23415,3040
135,59,7768,7
135,60,6629,9
135,61,29351,5
135,62,13032,3185
135,63,10727,1
135,64,37735,2
135,65,36255,16
135,66,27333,4328
135,67,607,8
135,68,4578,1
135,69,3413,6
135,70,36984,51
135,71,34518,36
135,72,18852,1
135,73,9800,1
135,74,9779,78
135,75,23366,4687
135,76,36040,3
135,77,14449,125
135,78,296,12
135,79,2369,1
135,80,30661,8
135,81,11271,24
135,82,16353,2
135,83,14529,44
135,84,23120,8
135,85,39326,2
135,86,17980,35
135,87,5405,3
135,88,18223,2915
135,89,4907,2
135,90,11719,1
135,91,3416,10
135,92,6428,1
135,93,17890,3142
135,94,17588,4449
135,95,31188,4
135,96,3857,8
135,97,2496,38
135,98,30969,3733
135,99,4196,1
132,0,35791,1
132,1,22622,1
132,2,31128,2218
132,3,25886,4
132,4,38519,112
132,5,39475,1
132,6,3078,1
132,7,29022,2
132,8,30312,2
132,9,37263,1
132,10,34197,13
132,11,30248,62
132,12,17514,1
132,13,11931,3
132,14,35343,2113
132,15,15492,1
132,16,16236,1
132,17,32906,1627
132,18,25533,3
132,19,5853,1
132,20,20989,3281
132,21,23407,1
132,22,29495,1
132,23,230,4
132,24,19252,48
132,25,11384,2873
132,26,19867,13
132,27,10215,1
132,28,20912,1
132,29,37259,262
132,30,19609,2
132,31,28968,202
132,32,5114,1
132,33,2811,2
132,34,29546,41
132,35,27576,34
132,36,37575,1
132,37,12199,3
132,38,12704,1
132,39,10458,1
132,40,17561,2744
132,41,11503,1
132,42,473,11
132,43,34509,2218
132,44,10884,2
132,45,9556,66
132,46,31117,1267
132,47,22775,28
132,48,3150,4
132,49,39147,23
132,50,17543,9
132,51,28333,1797
132,52,4400,1
132,53,27390,2
132,54,5809,151
132,55,17697,1
132,56,25337,1
132,57,12799,53
132,58,16775,2767
132,59,36905,53
132,60,37842,5
132,61,4714,1
132,62,18414,457
132,63,37800,1
132,64,24924,188
132,65,28086,26
132,66,21789,1
132,67,13403,110
132,68,23733,45
132,69,32823,55
132,70,18105,1
132,71,7810,438
132,72,6362,1
132,73,12307,1
132,74,32575,39
132,75,28521,600
132,76,935,30
132,77,7518,10
132,78,6811,121
132,79,36945,6
132,80,20729,2
132,81,23061,5
132,82,19477,1
132,83,37568,1
132,84,16052,1
132,85,16244,16
132,86,30571,2
132,87,29858,39
132,88,34080,397
132,89,39476,8
132,90,29113,1316
132,91,9563,1
132,92,25134,5
132,93,24997,24
132,94,32725,2149
132,95,29290,1
132,96,39001,9
132,97,11875,1
132,98,31799,1
132,99,28475,74
133,0,3417,3
133,1,4910,10
133,2,4947,322
133,3,39752,7
133,4,19258,2
133,5,16975,161
133,6,13021,2537
133,7,22219,269
133,8,7923,8
133,9,6156,3035
133,10,29689,4253
133,11,36043,3
133,12,6710,1
133,13,18932,2
133,14,9810,1861
133,15,11530,156
133,16,31744,53
133,17,32644,1
133,18,36888,7
133,19,30722,2
133,20,7222,1
133,21,35203,1
133,22,34282,3078
133,23,37382,1
133,24,33626,1
133,25,7083,0
133,26,21661,1
133,27,8838,1257
133,28,23658,1
133,29,38337,1
133,30,36716,946
133,31,6577,2396
133,32,1877,1
133,33,15430,1956
133,34,29308,4312
133,35,15669,3
133,36,2139,573
133,37,3718,57
133,38,32842,1
133,39,14306,1
133,40,6016,1
133,41,39437,299
133,42,9395,2
133,43,13164,2
133,44,24812,6
133,45,6457,1
133,46,23263,1
133,47,16975,172
133,48,5538,1
133,49,14443,9
133,50,29323,3681
133,51,19789,66
133,52,29659,1
133,53,15447,1
133,54,1138,31
133,55,5075,1
133,56,25087,107
133,57,27643,47
133,58,6488,1
133,59,26042,14
133,60,32703,4423
133,61,20077,1
133,62,27443,91
133,63,21225,33
133,64,15761,28
133,65,23564,5
133,66,16246,1110
133,67,26199,1
133,68,39241,299
133,69,18584,1
133,70,35579,1
133,71,17454,238
133,72,33873,1
133,73,18462,8
133,74,15372,159
133,75,33675,3
133,76,5829,537
133,77,36940,3
133,78,13325,1
133,79,35170,6
133,80,7149,94
133,81,34851,374
133,82,26250,1
133,83,20607,4
133,84,12632,1508
133,85,33162,1
133,86,3161,78
133,87,14311,10
133,88,6289,1
133,89,34046,1
133,90,6508,6
133,91,12061,1
133,92,3841,63
133,93,28455,1
133,94,7861,263
133,95,23744,1
133,96,34145,93
133,97,21254,1
133,98,36278,1
133,99,16401,1
137,0,33919,1
137,1,10414,1290
137,2,16574,36
137,3,18863,3236
137,4,29511,36
137,5,36027,19
137,6,16440,1
137,7,2304,26
137,8,9315,8
137,9,1729,18
137,10,15303,1996
137,11,19226,68
137,12,10789,1040
137,13,14229,1622
137,14,27677,121
137,15,24738,21
137,16,13778,365
137,17,31597,7
137,18,2310,2
137,19,2901,1
137,20,32154,87
137,21,9684,6
137,22,9780,1191
137,23,29639,1430
137,24,25714,17
137,25,37174,1233
137,26,21543,11
137,27,3332,5
137,28,1936,5
137,29,35355,3
137,30,10552,1
137,31,37015,97
137,32,17986,1
137,33,29553,1
137,34,35651,1
137,35,745,156
137,36,20396,44
137,37,17089,3040
137,38,4335,2
137,39,15104,552
137,40,3484,1
137,41,16580,87
137,42,1436,1
137,43,4137,2
137,44,36875,1
137,45,34063,3
137,46,35495,3
137,47,26481,148
137,48,15091,5606
137,49,24681,55
137,50,32796,64
137,51,29261,2798
137,52,14343,9
137,53,381,1503
137,54,26105,75
137,55,23641,245
137,56,16788,3
137,57,17963,4
137,58,19931,35
137,59,22589,39
137,60,1202,1
137,61,1528,64
137,62,16264,5
137,63,5868,3
137,64,15462,3415
137,65,34534,16
137,66,30424,2140
137,67,33734,21
137,68,24920,75
137,69,16223,52
137,70,32768,1128
137,71,26974,1694
137,72,27563,7
137,73,35787,1544
137,74,30204,2463
137,75,6997,798
137,76,25406,2746
137,77,5569,28
137,78,32089,3
137,79,20773,56
137,80,127,1
137,81,38361,13
137,82,6044,24
137,83,32762,2
137,84,35303,16
137,85,13536,10
137,86,17170,5
137,87,32122,1
137,88,26069,170
137,89,15973,1547
137,90,39733,1
137,91,36646,7
137,92,38667,1
137,93,9584,1138
137,94,28408,1636
137,95,12504,2
137,96,11071,4
137,97,18770,13
137,98,6896,5
137,99,37164,1450
138,0,11042,1
138,1,23550,1
138,2,18766,1
138,3,17265,1
138,4,39998,1
138,5,30826,1
138,6,22964,1
138,7,15416,1
138,8,29183,1
138,9,15049,1
138,10,25180,1
138,11,1839,1
138,12,39554,1
138,13,29580,1
138,14,24277,1
138,15,3920,1
138,16,7253,10
138,17,32383,2
138,18,8244,16
138,19,11943,3684
138,20,33455,19
138,21,10647,4
138,22,39068,5
138,23,38182,2872
138,24,11648,28
138,25,6430,4
138,26,19808,395
138,27,7462,4
138,28,26403,28
138,29,35768,2213
138,30,10175,4084
138,31,24187,272
138,32,34993,3214
138,33,31696,3
138,34,32718,30
138,35,114,6
138,36,6703,393
138,37,38885,3
138,38,16627,12
138,39,14505,11
138,40,34471,1
138,41,23723,15
138,42,18317,1
138,43,28172,55
138,44,35092,2
138,45,3359,90
138,46,15409,286
138,47,7528,4669
138,48,7926,5232
138,49,26090,1
138,50,1104,67
138,51,11245,19
138,52,14918,6653
138,53,39857,65
138,54,36468,116
138,55,28805,2
138,56,21188,112
138,57,6135,26
138,58,39849,1
138,59,15179,4633
138,60,23916,3
138,61,35440,37
138,62,32824,5
138,63,8297,3
138,64,6598,984
138,65,15395,92
138,66,10702,69
138,67,38995,2063
138,68,14749,4788
138,69,7994,14
138,70,16700,46
138,71,30746,1
138,72,25031,149
138,73,24617,83
138,74,1816,735
138,75,35182,2073
138,76,10723,5027
138,77,30009,23
138,78,16192,3840
138,79,29747,138
138,80,37218,24
138,81,6640,212
138,82,29374,2202
138,83,3646,55
138,84,9211,185
138,85,6431,2
138,86,15751,4214
138,87,38764,2382
138,88,22146,68
138,89,28616,7
138,90,23902,26
138,91,18207,102
138,92,22547,3
138,93,31913,5
138,94,22998,34
138,95,21846,147
138,96,29288,19
138,97,30633,1
138,98,37108,5
138,99,680,18
139,0,18668,66
139,1,5838,8
139,2,32584,17
139,3,31131,3
139,4,24385,4
139,5,4677,290
139,6,36554,6
139,7,12261,57
139,8,10443,2
139,9,23943,2
139,10,24320,2
139,11,7634,40
139,12,28749,0
139,13,36580,41
139,14,38743,2
139,15,39958,27
139,16,22761,25
139,17,32121,2
139,18,19599,3
139,19,36812,4
139,20,19688,2
139,21,22443,2
139,22,3855,53
139,23,35334,5
139,24,29670,10
139,25,2129,3
139,26,21602,41
139,27,6085,1
139,28,32797,3
139,29,36846,1
139,30,23634,5
139,31,1796,2
139,32,31756,3
139,33,4315,986
139,34,32479,1
139,35,28207,8
139,36,11267,64
139,37,30403,5
139,38,412,55
139,39,14705,6
139,40,26574,1
139,41,8008,3679
139,42,23591,1
139,43,6827,3279
139,44,9020,3103
139,45,260,133
139,46,7555,4
139,47,1728,18
139,48,10314,735
139,49,37738,5
139,50,9236,219
139,51,2701,63
139,52,3825,24
139,53,27914,2
139,54,35446,0
139,55,12534,4
139,56,20937,7
139,57,20979,62
139,58,33210,1
139,59,4316,175
139,60,18776,20
139,61,10802,3421
139,62,1853,2
139,63,35370,26
139,64,37436,10
139,65,7225,2
139,66,5159,8
139,67,11791,128
139,68,33904,13
139,69,37404,34
139,70,34173,1
139,71,390,1
139,72,12542,4
139,73,27124,0
139,74,24612,139
139,75,336,8
139,76,15618,2504
139,77,23078,28
139,78,22707,5
139,79,27971,4
139,80,23638,12
139,81,18430,3380
139,82,36147,6
139,83,26684,84
139,84,2143,6
139,85,23349,14
139,86,28342,8
139,87,23217,99
139,88,38003,20
139,89,23185,9
139,90,4945,6
139,91,24353,6
139,92,1254,13
139,93,39019,5
139,94,38135,7
139,95,19948,5
139,96,24432,5
139,97,12,41
139,98,1587,2
139,99,24959,59
136,0,26294,2
136,1,28126,1
136,2,6403,9
136,3,4997,7
136,4,5124,3
136,5,18528,4
136,6,6497,8
136,7,5458,1
136,8,28055,5
136,9,32836,2
136,10,19812,2
136,11,13430,4467
136,12,21593,348
136,13,3581,3
136,14,13210,9
136,15,32348,46
136,16,38269,1
136,17,31859,4
136,18,30954,28
136,19,21681,2
136,20,5921,1
136,21,34239,1
136,22,8641,2
136,23,32486,2
136,24,7692,2
136,25,37827,4
136,26,19749,4
136,27,4709,4
136,28,35542,160
136,29,34277,8
136,30,37093,5
136,31,19406,4136
136,32,24871,21
136,33,16934,1
136,34,35889,10
136,35,12652,4139
136,36,15831,4453
136,37,25570,8
136,38,20550,4
136,39,14905,5
136,40,15029,4547
136,41,32294,2
136,42,32513,14
136,43,25482,16
136,44,22947,1
136,45,37161,1
136,46,3349,35
136,47,32280,17
136,48,12703,3
136,49,13033,62
136,50,21016,4217
136,51,37805,1
136,52,29084,4
136,53,15972,8
136,54,30776,43
136,55,39912,15
136,56,20686,59
136,57,39471,3
136,58,26570,6
136,59,33452,2
136,60,9989,3
136,61,26165,12
136,62,7235,47
136,63,18795,1
136,64,24625,4469
136,65,2704,1
136,66,35967,17
136,67,20938,3
136,68,9412,18
136,69,26813,126
136,70,15295,7
136,71,13682,12
136,72,53,1
136,73,33279,9
136,74,7408,25
136,75,5491,1
136,76,20512,4
136,77,16147,8
136,78,29222,37
136,79,22548,8
136,80,13706,1
136,81,26571,13
136,82,2920,17
136,83,9723,7
136,84,38723,39
136,85,266,0
136,86,932,4
136,87,7669,16
136,88,10212,53
136,89,17755,6
136,90,22339,2
136,91,30499,4
136,92,19960,1
136,93,2478,5
136,94,13271,4373
136,95,14402,2
136,96,15927,6
136,97,9391,3
136,98,2417,1
136,99,12885,2
140,0,16796,337
140,1,33630,16
140,2,18029,7
140,3,24108,1130
140,4,15376,14
140,5,1229,15
140,6,9917,1
140,7,25543,20
140,8,29446,1
140,9,32057,10
140,10,5426,3
140,11,260,18
140,12,22024,6
140,13,38878,2
140,14,31077,1
140,15,9204,20
140,16,20303,573
140,17,30812,652
140,18,36376,11
140,19,33860,53
140,20,27204,83
140,21,8720,3
140,22,24139,6
140,23,24743,40
140,24,36131,194
140,25,27919,81
140,26,23279,684
140,27,2850,3
140,28,13820,98
140,29,31295,3
140,30,14578,1115
140,31,9844,494
140,32,4628,2
140,33,31057,227
140,34,2233,5
140,35,37727,205
140,36,34088,15
140,37,35294,1633
140,38,32044,55
140,39,15703,9
140,40,12497,4
140,41,13085,1
140,42,24554,4
140,43,20102,1
140,44,35011,1
140,45,28415,192
140,46,11933,11
140,47,5434,2992
140,48,22255,2
140,49,23271,275
140,50,24489,969
140,51,3628,1
140,52,10121,10
140,53,905,2870
140,54,15742,1
140,55,18478,62
140,56,12388,132
140,57,26142,12
140,58,14,12
140,59,30000,2
140,60,18488,67
140,61,11265,50
140,62,36056,15
140,63,3438,6
140,64,24326,2
140,65,13673,1
140,66,13793,1
140,67,32122,273
140,68,35090,13
140,69,20804,127
140,70,12484,2
140,71,19553,2
140,72,30095,2
140,73,10604,58
140,74,18593,506
140,75,18813,12
140,76,89,1111
140,77,24776,139
140,78,7985,17
140,79,11799,2
140,80,6684,3650
140,81,33730,135
140,82,22714,852
140,83,21878,28
140,84,21394,41
140,85,20640,10
140,86,14941,2
140,87,29128,3
140,88,29993,4
140,89,39682,170
140,90,15565,17
140,91,11436,462
140,92,11138,16
140,93,23607,41
140,94,33818,2
140,95,3162,2
140,96,32854,15
140,97,6907,3
140,98,13035,2
140,99,37296,865
141,0,24421,4
141,1,15918,10
141,2,31848,17
141,3,37974,51
141,4,36115,2
141,5,15080,7939
141,6,19860,1
141,7,22388,3
141,8,7058,9753
141,9,950,49
141,10,4566,1
141,11,6056,9404
141,12,14867,4
141,13,9526,9201
141,14,5543,9222
141,15,1594,3
141,16,32163,8
141,17,34199,2
141,18,7731,9345
141,19,18729,3
141,20,13437,1
141,21,20516,21
141,22,28926,1
141,23,21895,1
141,24,14153,9577
141,25,23618,1
141,26,21425,1
141,27,1473,10151
141,28,16565,8698
141,29,28725,1
141,30,28037,4
141,31,27453,1
141,32,37743,63
141,33,3676,1
141,34,1995,5
141,35,25820,1
141,36,38652,2
141,37,30461,1
141,38,15829,1
141,39,15903,2
141,40,952,9640
141,41,37371,1
141,42,33476,2
141,43,35109,880
141,44,8939,8478
141,45,25316,12
141,46,7728,9556
141,47,35986,2
141,48,24643,1
141,49,34919,124
141,50,36269,17
141,51,35084,14
141,52,35380,25
141,53,28963,3
141,54,14720,119
141,55,2207,6
141,56,8489,3
141,57,4634,9832
141,58,29726,2
141,59,15489,176
141,60,13349,9814
141,61,26628,1
141,62,5085,10042
141,63,30511,3
141,64,15163,9447
141,65,9152,10088
141,66,8250,9111
141,67,4918,9861
141,68,10598,3
141,69,10213,23
141,70,29958,5
141,71,32845,1
141,72,17606,9
141,73,13111,1
141,74,1389,2
141,75,23967,19
141,76,4984,1
141,77,14197,9530
141,78,14500,1
141,79,6375,9324
141,80,33104,4
141,81,1872,9035
141,82,29487,9
141,83,4917,8902
141,84,17973,10429
141,85,37558,3
141,86,27532,1
141,87,13581,9789
141,88,2202,1
141,89,34251,3
141,90,32959,26
141,91,17582,9815
141,92,29845,1
141,93,27065,1
141,94,8955,9508
141,95,1264,9482
141,96,27997,2
141,97,16286,41
141,98,17514,38
141,99,21575,2
142,0,1545,15
142,1,29054,4
142,2,30392,2
142,3,32729,2
142,4,10250,7
142,5,9878,1
142,6,26383,9
142,7,35501,2739
142,8,30574,2
142,9,10622,4
142,10,14443,2
142,11,25021,3
142,12,39984,2
142,13,21229,950
142,14,2143,1615
142,15,20776,12
142,16,29286,2
142,17,31336,2221
142,18,13665,2
142,19,27770,2
142,20,18386,27
142,21,21480,1449
142,22,14566,3
142,23,30439,4
142,24,3736,76
142,25,32873,7
142,26,19690,5541
142,27,1955,7185
142,28,4681,22
142,29,32786,2
142,30,27660,4
142,31,14625,30
142,32,14749,5298
142,33,2172,698
142,34,39061,2
142,35,25189,2
142,36,24960,0
142,37,8608,234
142,38,28121,4
142,39,15304,7390
142,40,35587,5
142,41,4514,19
142,42,10358,7301
142,43,22792,11
142,44,7155,6348
142,45,30964,2773
142,46,27641,1551
142,47,17033,42
142,48,17479,21
142,49,36328,2994
142,50,929,712
142,51,20716,37
142,52,39602,9
142,53,28438,61
142,54,25083,369
142,55,7371,73
142,56,16537,1
142,57,32806,79
142,58,13292,246
142,59,11726,4082
142,60,36063,4
142,61,16891,5
142,62,21645,1309
142,63,32941,2800
142,64,6299,3
142,65,30013,20
142,66,24880,1692
142,67,6530,4347
142,68,427,7
142,69,1984,7632
142,70,13889,183
142,71,36617,1
142,72,15074,73
142,73,1942,157
142,74,13000,1
142,75,12152,3636
142,76,30301,56
142,77,38638,0
142,78,38603,12
142,79,18997,14
142,80,30195,8
142,81,10151,5432
142,82,12817,16
142,83,15801,4
142,84,31882,17
142,85,30453,27
142,86,29761,11
142,87,16575,60
142,88,1927,484
142,89,10542,3694
142,90,17128,4470
142,91,2792,92
142,92,13725,5168
142,93,13042,1
142,94,3545,42
142,95,10606,77
142,96,6215,1
142,97,28149,13
142,98,7726,4059
142,99,25091,7043
143,0,9170,790
143,1,11342,173
143,2,4211,2
143,3,10243,179
143,4,34637,3
143,5,23730,2
143,6,36326,11
143,7,32346,1
143,8,8186,242
143,9,19516,5190
143,10,9934,5
143,11,34465,98
143,12,32828,4
143,13,31878,1
143,14,16610,17
143,15,13166,672
143,16,4794,8
143,17,31074,1
143,18,25020,105
143,19,12639,2
143,20,4619,16
143,21,36924,10
143,22,19353,40
143,23,27591,1
143,24,21758,348
143,25,28572,10
143,26,21484,14
143,27,579,183
143,28,11075,4823
143,29,33864,2900
143,30,1119,1
143,31,32234,55
143,32,7864,4213
143,33,18438,1
143,34,38823,1
143,35,13282,1
143,36,29524,8
143,37,3775,1699
143,38,8258,4658
143,39,15504,4329
143,40,24042,8
143,41,28799,4
143,42,15632,7
143,43,1447,1
143,44,21083,2
143,45,27865,3365
143,46,19787,17
143,47,11234,5
143,48,19867,2
143,49,7976,60
143,50,12709,4737
143,51,12172,1
143,52,24862,3062
143,53,16496,1
143,54,20413,3
143,55,34748,8
143,56,12638,2
143,57,11298,5358
143,58,6653,4915
143,59,863,185
143,60,27276,3187
143,61,35902,2
143,62,30674,7525
143,63,16365,241
143,64,33488,86
143,65,21843,5
143,66,19337,4
143,67,19326,117
143,68,19583,4
143,69,31394,3
143,70,31363,14
143,71,9909,4738
143,72,2585,747
143,73,4449,52
143,74,35797,3
143,75,13658,3
143,76,35195,23
143,77,31707,1
143,78,5118,2
143,79,13574,5
143,80,16615,2
143,81,21940,5
143,82,19589,38
143,83,38839,2
143,84,24814,6
143,85,7371,541
143,86,2351,12
143,87,4676,4327
143,88,14136,5735
143,89,5112,66
143,90,34522,2
143,91,8938,86
143,92,32432,16
143,93,20148,234
143,94,18682,3
143,95,5060,5705
143,96,1358,41
143,97,37528,4
143,98,12205,150
143,99,9369,7
144,0,3280,1620
144,1,35103,1
144,2,9348,1
144,3,13978,1
144,4,30905,1
144,5,24212,1
144,6,29628,1
144,7,8598,1
144,8,30652,1
144,9,15751,145
144,10,18829,1
144,11,27040,1
144,12,769,1
144,13,39092,1
144,14,22363,1
144,15,18508,1
144,16,29718,1
144,17,27197,1
144,18,38427,1
144,19,10364,1
144,20,27276,1
144,21,38299,1
144,22,32006,1
144,23,2594,1
144,24,29759,1
144,25,31871,1
144,26,20457,1
144,27,26803,1
144,28,13172,1
144,29,15817,1
144,30,19481,1
144,31,427,1
144,32,29978,1
144,33,15843,1
144,34,37828,1
144,35,22198,1
144,36,22643,1
144,37,32636,1
144,38,2531,1
144,39,39170,1
144,40,26572,1
144,41,31197,1
144,42,7564,1
144,43,28703,1
144,44,30568,1
144,45,20585,1
144,46,13604,4758
144,47,11599,13700
144,48,28091,1
144,49,24309,1
144,50,3826,1
144,51,28272,1
144,52,15570,1
144,53,11777,1
144,54,33678,1
144,55,37571,1
144,56,23184,1
144,57,32147,1
144,58,36856,1
144,59,21464,1
144,60,28050,1
144,61,6511,1
144,62,30661,1
144,63,38232,1
144,64,30068,1
144,65,5941,1
144,66,12659,1
144,67,4783,1
144,68,11693,1
144,69,19223,1
144,70,35806,1
144,71,14804,1
144,72,8853,1
144,73,2036,1
144,74,9356,1
144,75,34614,1
144,76,26696,1
144,77,726,1
144,78,22051,1
144,79,28932,1
144,80,12194,1
144,81,1861,1
144,82,33210,1
144,83,16793,1
144,84,26345,1
144,85,23430,1
144,86,7820,1
144,87,17155,1
144,88,22475,1
144,89,20787,1
144,90,26633,1
144,91,13934,1
144,92,18300,1
144,93,3000,1
144,94,6342,1
144,95,9138,1
144,96,30721,1
144,97,27943,1
144,98,18709,1
144,99,33718,1
145,0,10906,6839
145,1,17391,4973
145,2,23167,5030
145,3,27843,39
145,4,11644,2880
145,5,38063,1
145,6,39571,5746
145,7,5443,4609
145,8,11911,7
145,9,24644,2
145,10,14320,464
145,11,32835,16
145,12,33613,4
145,13,6093,11
145,14,36829,18
145,15,10898,240
145,16,5226,2369
145,17,26935,7
145,18,9782,9
145,19,35233,503
145,20,13509,1
145,21,10095,60
145,22,36792,9
145,23,39747,19
145,24,4133,5708
145,25,31217,53
145,26,22251,5
145,27,25427,1792
145,28,15917,6813
145,29,13247,5
145,30,32940,4780
145,31,18036,4
145,32,26742,4582
145,33,28462,8
145,34,1238,4333
145,35,6643,4
145,36,27207,163
145,37,27803,80
145,38,26317,68
145,39,3018,2991
145,40,15027,1693
145,41,15482,0
145,42,12839,2298
145,43,7358,1
145,44,4496,5823
145,45,17486,12
145,46,5750,3279
145,47,5799,28
145,48,30479,25
145,49,35957,4867
145,50,15606,55
145,51,19728,5898
145,52,4477,602
145,53,39835,18
145,54,29008,47
145,55,21300,2
145,56,22933,124
145,57,6991,8507
145,58,30217,43
145,59,10601,3
145,60,22911,2333
145,61,25522,310
145,62,39690,2659
145,63,25305,140
145,64,20905,122
145,65,37771,1066
145,66,7116,13
145,67,17578,167
145,68,27201,77
145,69,8632,1493
145,70,13280,3
145,71,28095,75
145,72,36364,4320
145,73,8192,9
145,74,32152,5284
145,75,39768,6325
145,76,31590,15
145,77,33795,7
145,78,28565,4272
145,79,23509,600
145,80,38614,6
145,81,13650,2
145,82,36334,11019
145,83,39832,11
145,84,22925,2695
145,85,36699,4
145,86,20410,1827
145,87,1607,23
145,88,38332,7
145,89,15357,33
145,90,4027,4058
145,91,20081,2
145,92,37007,20
145,93,10106,115
145,94,21479,15
145,95,7240,2856
145,96,25865,1
145,97,37322,4766
145,98,19540,2715
145,99,17996,272
149,0,1408,10
149,1,22895,20
149,2,34793,738
149,3,6955,73
149,4,21896,38
149,5,17116,89
149,6,2991,3
149,7,25528,2199
149,8,9655,49
149,9,20217,24
149,10,3583,489
149,11,16018,3
149,12,37691,229
149,13,1390,680
149,14,14696,69
149,15,27754,47
149,16,27259,188
149,17,29536,1956
149,18,15203,0
149,19,11060,251
149,20,34792,694
149,21,24576,22
149,22,12290,476
149,23,32003,290
149,24,36220,978
149,25,17661,40
149,26,22133,10
149,27,19920,2263
149,28,34195,131
149,29,10265,1
149,30,10425,12
149,31,8474,175
149,32,6498,514
149,33,2585,7
149,34,7582,30
149,35,31719,2309
149,36,9112,2537
149,37,37526,7
149,38,34163,43
149,39,3816,1626
149,40,12495,161
149,41,36273,13
149,42,4879,15
149,43,1978,587
149,44,16559,0
149,45,8740,70
149,46,17983,1
149,47,15305,42
149,48,32,26
149,49,9843,4
149,50,19079,2
149,51,29199,38
149,52,25513,5
149,53,24769,48
149,54,13975,5
149,55,3514,2080
149,56,14634,28
149,57,37310,2
149,58,12,780
149,59,7148,2732
149,60,31410,1508
149,61,6974,116
149,62,28511,59
149,63,9948,31
149,64,20606,15
149,65,12389,0
149,66,24942,2525
149,67,28762,34
149,68,12879,17
149,69,2623,815
149,70,10469,8
149,71,33967,8
149,72,30055,1
149,73,25516,2
149,74,6985,9
149,75,13090,415
149,76,11167,8
149,77,2424,477
149,78,7329,2731
149,79,9111,1984
149,80,35240,53
149,81,17161,12
149,82,19777,2
149,83,11987,0
149,84,1948,2
149,85,20721,2121
149,86,34420,21
149,87,23067,1397
149,88,14464,244
149,89,37284,476
149,90,37253,14
149,91,4665,11
149,92,31833,21
149,93,27587,4
149,94,2026,34
149,95,36000,1818
149,96,2791,376
149,97,34838,237
149,98,30158,52
149,99,2407,6
146,0,28029,3
146,1,34175,1
146,2,21711,1
146,3,26246,1
146,4,25779,548
146,5,32862,31
146,6,6094,1
146,7,18556,1
146,8,31780,1
146,9,34316,1
146,10,24198,1
146,11,15449,1
146,12,22378,1
146,13,21444,1
146,14,33429,1557
146,15,30080,1
146,16,2349,4
146,17,27720,1
146,18,15716,1
146,19,4274,1
146,20,14810,2969
146,21,11058,1
146,22,22433,1
146,23,8290,0
146,24,33715,1
146,25,473,1
146,26,20516,1
146,27,29557,1
146,28,4033,3395
146,29,17308,1
146,30,28915,1
146,31,5208,4242
146,32,100,1
146,33,30606,11
146,34,34657,1
146,35,9661,1
146,36,13515,0
146,37,5950,1
146,38,38609,2128
146,39,38771,82
146,40,6014,3108
146,41,18977,1
146,42,29720,1
146,43,35040,2464
146,44,6360,73
146,45,26782,1190
146,46,25664,1
146,47,26846,1
146,48,23315,18
146,49,1014,3586
146,50,23913,1
146,51,5360,1
146,52,5052,1
146,53,39311,1
146,54,39371,1
146,55,26464,1
146,56,27333,1
146,57,38811,1984
146,58,10134,1
146,59,3190,379
146,60,5625,3653
146,61,15785,3617
146,62,16250,1
146,63,27734,1
146,64,12042,23
146,65,18632,1
146,66,23746,1
146,67,22839,1
146,68,17030,1
146,69,403,1
146,70,37211,1797
146,71,31868,1
146,72,33832,3122
146,73,33374,1
146,74,3763,499
146,75,27953,1
146,76,16907,1
146,77,18236,43
146,78,12669,0
146,79,36131,165
146,80,35705,1
146,81,21930,1
146,82,19665,1
146,83,10715,0
146,84,33186,330
146,85,29595,580
146,86,22639,1
146,87,8249,1
146,88,34408,2242
146,89,31648,5
146,90,31844,858
146,91,5290,1
146,92,24535,1
146,93,32436,2441
146,94,16069,1
146,95,16582,1
146,96,4082,180
146,97,9185,3034
146,98,13400,1
146,99,21512,1
151,0,26157,1
151,1,21967,1
151,2,7156,1
151,3,19223,1
151,4,16770,1
151,5,29413,1
151,6,19457,1
151,7,35485,1
151,8,10783,1
151,9,2430,1
151,10,8952,1
151,11,4427,1
151,12,15652,1
151,13,23741,1
151,14,25763,1
151,15,39326,1
151,16,36243,1
151,17,30060,1
151,18,32493,1
151,19,1322,1
151,20,22327,1
151,21,37335,1
151,22,2717,1
151,23,37699,1
151,24,177,1
151,25,22615,1
151,26,22192,0
151,27,22674,1
151,28,25056,1
151,29,11756,1
151,30,19859,1
151,31,13255,1
151,32,16620,1
151,33,17348,1
151,34,4410,1
151,35,19181,1
151,36,36336,1
151,37,10840,1
151,38,30240,1
151,39,3417,1
151,40,35585,1
151,41,24054,1
151,42,30683,1
151,43,4668,1
151,44,28703,1
151,45,11289,1
151,46,30043,1
151,47,30552,1
151,48,35256,1
151,49,22900,1
151,50,35519,1
151,51,6287,1
151,52,14995,1
151,53,12302,1
151,54,23315,1
151,55,32407,1
151,56,18783,1
151,57,3974,1
151,58,16938,1
151,59,28874,1
151,60,5337,1
151,61,16248,1
151,62,14100,1
151,63,35802,1
151,64,38932,1
151,65,25080,1
151,66,36029,1
151,67,3170,1
151,68,21864,1
151,69,23803,1
151,70,11874,1
151,71,11031,1
151,72,15033,1
151,73,16854,1
151,74,1392,1
151,75,6429,1
151,76,1379,1
151,77,19934,1
151,78,37947,1
151,79,16310,1
151,80,15103,1
151,81,37230,1
151,82,6232,1
151,83,5909,1
151,84,12437,1
151,85,30534,1
151,86,5591,1
151,87,14161,1
151,88,26398,1
151,89,8144,1
151,90,2464,1
151,91,32373,1
151,92,34420,1
151,93,17023,1
151,94,11753,1
151,95,39796,1
151,96,16152,1
151,97,16080,1
151,98,24849,1
151,99,30202,1
147,0,35655,1
147,1,16463,1
147,2,35530,1
147,3,112,1
147,4,10166,1
147,5,10361,1
147,6,16037,1
147,7,15401,12
147,8,13040,1
147,9,3209,1
147,10,23337,1
147,11,21244,8638
147,12,11573,1
147,13,28444,1
147,14,7896,1
147,15,22470,1
147,16,14209,1
147,17,27458,1
147,18,27071,8450
147,19,25495,1
147,20,1043,1
147,21,22854,2
147,22,27219,1
147,23,5442,1
147,24,11737,109
147,25,36172,1
147,26,22310,1
147,27,28180,1
147,28,6778,1
147,29,14738,1
147,30,2374,1
147,31,22817,6450
147,32,36863,1
147,33,3225,1553
147,34,38067,1
147,35,34106,1
147,36,18079,1
147,37,1117,1
147,38,18746,1
147,39,38970,1
147,40,38117,1
147,41,3263,1
147,42,38642,8646
147,43,13696,1
147,44,16640,1
147,45,23684,9951
147,46,17810,1
147,47,21047,7216
147,48,25703,1
147,49,12662,74
147,50,35694,1
147,51,36816,8908
147,52,30311,1
147,53,23720,1
147,54,34700,1
147,55,10193,1
147,56,27082,1
147,57,13655,1
147,58,3495,1
147,59,32327,1
147,60,36838,1
147,61,31148,1
147,62,25279,7653
147,63,14807,26
147,64,2879,1
147,65,10463,1
147,66,18203,8981
147,67,35635,2309
147,68,36186,1
147,69,29813,1
147,70,14685,1
147,71,1512,1
147,72,21343,1
147,73,39529,1
147,74,26560,1
147,75,29459,62
147,76,21801,1
147,77,11305,1
147,78,19184,1137
147,79,30707,1
147,80,22126,1
147,81,33719,1
147,82,26437,8227
147,83,33754,1
147,84,29766,1
147,85,6512,1
147,86,35230,6767
147,87,32702,1
147,88,10265,1
147,89,26218,1
147,90,9238,1
147,91,11436,1
147,92,39594,1
147,93,39542,1
147,94,31206,1
147,95,14684,1
147,96,39226,2
147,97,18564,1
147,98,14231,1
147,99,5791,1
148,0,33783,7
148,1,607,12
148,2,20975,2
148,3,33089,174
148,4,1157,2731
148,5,3265,16
148,6,29400,2
148,7,28683,119
148,8,32043,2
148,9,11323,17
148,10,4443,1817
148,11,10222,2114
148,12,4848,89
148,13,30742,13
148,14,229,1858
148,15,31716,14
148,16,11751,3
148,17,29798,5
148,18,3848,2
148,19,26191,32
148,20,8560,23
148,21,9131,6
148,22,7504,10
148,23,34851,0
148,24,18199,2
148,25,21962,22
148,26,20339,7
148,27,21297,20
148,28,31449,1
148,29,12835,643
148,30,33318,15
148,31,30864,879
148,32,9735,9
148,33,29967,236
148,34,4172,2934
148,35,7274,1
148,36,4548,3130
148,37,6007,643
148,38,14025,14
148,39,3616,1446
148,40,24040,5
148,41,8340,33
148,42,39605,175
148,43,23323,1
148,44,2631,1
148,45,11838,26
148,46,22189,14
148,47,21105,22
148,48,37644,18
148,49,34547,3
148,50,7299,2
148,51,37743,429
148,52,254,5
148,53,359,7
148,54,18645,7
148,55,16137,11
148,56,14885,10
148,57,18818,1
148,58,6651,22
148,59,18011,43
148,60,198,18
148,61,31611,4
148,62,23130,1
148,63,22875,40
148,64,29769,104
148,65,16911,19
148,66,30485,1328
148,67,15966,1
148,68,37372,278
148,69,13213,194
148,70,32996,6
148,71,20675,168
148,72,2544,2964
148,73,23009,15
148,74,24189,12
148,75,7936,45
148,76,6273,21
148,77,9355,2
148,78,4462,49
148,79,14535,2
148,80,5171,5
148,81,9019,1764
148,82,13004,68
148,83,28948,4
148,84,9016,1622
148,85,3804,1943
148,86,21829,83
148,87,38614,134
148,88,2255,2
148,89,2714,2349
148,90,19858,2
148,91,38519,333
148,92,13126,25
148,93,24129,2
148,94,26889,459
148,95,37898,1461
148,96,11296,9
148,97,25459,877
148,98,29327,18
148,99,14480,7
150,0,18531,13704
150,1,39679,1
150,2,33337,1
150,3,5357,1
150,4,36031,3237
150,5,11914,13046
150,6,9514,15156
150,7,38640,1
150,8,29523,1
150,9,33537,1
150,10,13460,14221
150,11,38631,16908
150,12,22808,1
150,13,13093,12888
150,14,11296,1
150,15,6936,1
150,16,20734,1
150,17,30321,1
150,18,21137,1
150,19,20102,15890
150,20,39742,1
150,21,25539,1
150,22,37931,1
150,23,547,1
150,24,22155,1
150,25,26916,5
150,26,20398,1
150,27,24050,1
150,28,22310,1
150,29,14326,18445
150,30,6400,1
150,31,35646,1
150,32,19857,1
150,33,1081,383
150,34,1000,1
150,35,34736,1
150,36,31771,1
150,37,19322,16516
150,38,6454,1
150,39,3217,1
150,40,7130,1
150,41,39768,1
150,42,21761,2
150,43,26013,1
150,44,18423,1
150,45,14388,18364
150,46,37897,1
150,47,36352,1
150,48,32867,1
150,49,11252,1
150,50,27386,1
150,51,14832,13653
150,52,29736,1
150,53,24244,1
150,54,24338,1
150,55,5030,1
150,56,19034,1
150,57,25483,1
150,58,23577,1
150,59,39738,1
150,60,14124,13665
150,61,885,16757
150,62,5071,1
150,63,12378,1
150,64,11743,17021
150,65,29602,1
150,66,1572,1
150,67,30374,1
150,68,6356,14418
150,69,38042,1
150,70,34401,1
150,71,37739,1
150,72,27523,1
150,73,10699,15720
150,74,18596,1
150,75,1275,1
150,76,36484,1
150,77,26865,1
150,78,35080,3242
150,79,21733,1
150,80,28683,1
150,81,25440,1
150,82,3107,16237
150,83,22871,1
150,84,15857,17
150,85,13617,1
150,86,33001,1
150,87,26060,1
150,88,14189,17443
150,89,9927,11376
150,90,21421,1
150,91,26227,1
150,92,15713,13838
150,93,13564,15630
150,94,36616,1
150,95,5342,1
150,96,21009,1
150,97,6701,16868
150,98,24018,1
150,99,2275,450
152,0,24285,42
152,1,6111,472
152,2,32601,33
152,3,12200,2
152,4,7762,14
152,5,22317,1
152,6,32819,69
152,7,8767,12
152,8,29786,158
152,9,6896,3
152,10,33706,1720
152,11,37053,2
152,12,8926,7
152,13,26039,4
152,14,18096,81
152,15,8572,39
152,16,33784,734
152,17,28751,1
152,18,9269,8
152,19,2019,20
152,20,33491,1861
152,21,23612,7
152,22,23002,1
152,23,27108,1
152,24,6638,1
152,25,8406,2375
152,26,20221,3
152,27,19438,3386
152,28,6079,874
152,29,9853,3203
152,30,10803,3170
152,31,21302,60
152,32,29492,5
152,33,4090,1122
152,34,10515,923
152,35,32350,3
152,36,22804,1
152,37,15731,1
152,38,21871,1
152,39,4415,8
152,40,21509,1
152,41,29130,1
152,42,27998,1
152,43,14296,1
152,44,14694,1
152,45,39444,17
152,46,34421,10
152,47,34258,1
152,48,10844,111
152,49,8433,2865
152,50,10772,71
152,51,3567,993
152,52,21291,5
152,53,25293,15
152,54,3612,9
152,55,38351,2273
152,56,10234,2768
152,57,9138,115
152,58,20094,1
152,59,10911,109
152,60,8697,60
152,61,13063,134
152,62,11951,323
152,63,7518,263
152,64,29470,1
152,65,31529,1
152,66,8311,1049
152,67,23501,1
152,68,23050,25
152,69,7204,3246
152,70,26537,1
152,71,26547,1
152,72,32587,3
152,73,333,1
152,74,35373,344
152,75,24906,5
152,76,25850,7
152,77,17984,1
152,78,23225,1
152,79,137,3
152,80,38149,122
152,81,12530,3
152,82,36446,1
152,83,1103,283
152,84,31687,98
152,85,27826,144
152,86,32191,203
152,87,16425,3
152,88,18387,1
152,89,20993,1
152,90,13084,1
152,91,19456,122
152,92,4304,64
152,93,5258,1
152,94,7436,1
152,95,26658,1
152,96,28222,1
152,97,19327,2
152,98,39945,1
152,99,38891,1562
153,0,31910,4549
153,1,28399,1
153,2,6420,1
153,3,26066,116
153,4,32149,1
153,5,36168,1
153,6,6410,1
153,7,5613,0
153,8,11046,1
153,9,15790,14
153,10,29197,1
153,11,2848,1
153,12,38122,4100
153,13,36687,3798
153,14,32562,1
153,15,4610,1
153,16,9293,1
153,17,28489,4699
153,18,20625,81
153,19,23240,101
153,20,19724,1
153,21,35408,1
153,22,27788,0
153,23,24260,4290
153,24,24660,4685
153,25,4104,1403
153,26,22015,23
153,27,18062,1
153,28,12473,1
153,29,7283,1
153,30,24262,2
153,31,38912,4571
153,32,22607,19
153,33,16708,1
153,34,13925,1
153,35,16794,55
153,36,27369,1
153,37,10898,1
153,38,5656,26
153,39,4614,1
153,40,13612,1
153,41,17064,167
153,42,36920,3
153,43,32951,1
153,44,28622,7
153,45,36345,1
153,46,26567,1
153,47,24811,1
153,48,13232,90
153,49,20081,1
153,50,22552,84
153,51,38671,4672
153,52,6550,1
153,53,13350,1
153,54,2590,1
153,55,22081,34
153,56,6335,3
153,57,23981,1
153,58,13455,38
153,59,48,1
153,60,3557,1
153,61,28426,1
153,62,17332,1
153,63,30943,15
153,64,20307,1
153,65,23359,1
153,66,2768,1
153,67,36297,4068
153,68,2206,1
153,69,36613,1
153,70,7658,1
153,71,39839,1
153,72,20097,1
153,73,2841,1
153,74,18169,29
153,75,26413,0
153,76,30745,1
153,77,11053,27
153,78,29740,1
153,79,38362,1
153,80,28217,41
153,81,20671,194
153,82,39571,4
153,83,24142,166
153,84,24619,1
153,85,4743,2
153,86,4781,1
153,87,878,1317
153,88,34244,155
153,89,15562,1
153,90,30479,1
153,91,25602,1
153,92,23011,1
153,93,8716,2090
153,94,22573,1
153,95,21112,1
153,96,19718,0
153,97,28706,1
153,98,776,1
153,99,23170,1
155,0,16659,28
155,1,27471,5
155,2,18782,435
155,3,38334,99
155,4,27023,1
155,5,8466,1
155,6,22876,2
155,7,15570,2225
155,8,12174,1
155,9,38003,6
155,10,34566,1
155,11,31257,1
155,12,16083,1
155,13,19039,17
155,14,3629,181
155,15,16182,164
155,16,18276,16
155,17,29013,0
155,18,37914,2335
155,19,17150,1990
155,20,7258,154
155,21,11816,6
155,22,18215,41
155,23,29956,7
155,24,32264,3
155,25,12707,10
155,26,22074,24
155,27,20815,2
155,28,3334,1
155,29,8774,5
155,30,37343,65
155,31,3693,14
155,32,32729,9
155,33,27823,2
155,34,10754,1
155,35,4257,67
155,36,18240,15
155,37,24212,15
155,38,1734,7
155,39,4215,3
155,40,33053,2
155,41,4845,13
155,42,22724,1
155,43,35641,1
155,44,767,1
155,45,2542,7
155,46,2275,153
155,47,58,58
155,48,8456,393
155,49,33138,1301
155,50,38992,1
155,51,12111,10
155,52,36032,1
155,53,883,1
155,54,8282,1
155,55,10973,1
155,56,10485,1
155,57,30646,4
155,58,26733,12
155,59,21774,2027
155,60,17484,1
155,61,37700,2005
155,62,2921,127
155,63,20446,34
155,64,38633,10
155,65,36050,4
155,66,13855,3
155,67,14353,1
155,68,7542,1
155,69,17794,1
155,70,9064,645
155,71,16903,1
155,72,5076,1
155,73,34178,0
155,74,12577,1
155,75,19751,2
155,76,20956,1232
155,77,28563,0
155,78,20358,914
155,79,5561,1
155,80,11728,3
155,81,740,14
155,82,29674,8
155,83,18064,3
155,84,35108,1
155,85,10908,2
155,86,19600,35
155,87,31972,1
155,88,6178,1
155,89,26423,1
155,90,32042,19
155,91,13310,1
155,92,29246,35
155,93,38152,10
155,94,32299,6
155,95,28556,1
155,96,33078,2
155,97,9948,2
155,98,35467,202
155,99,14612,2
157,0,22412,1
157,1,33902,1
157,2,18046,8
157,3,5177,1
157,4,2401,1
157,5,15221,1
157,6,6182,1
157,7,22049,9920
157,8,8789,1
157,9,11362,1
157,10,14812,1
157,11,26031,1
157,12,2201,1
157,13,28337,1
157,14,14077,10181
157,15,17818,1
157,16,31326,1
157,17,31090,1
157,18,26046,12
157,19,39067,1
157,20,1007,1
157,21,9889,9509
157,22,3286,11196
157,23,16517,9775
157,24,16747,3
157,25,34196,2
157,26,21897,3
157,27,16203,1
157,28,30750,1
157,29,4301,10036
157,30,1746,1
157,31,29350,1
157,32,2364,1
157,33,30831,1
157,34,20269,9457
157,35,5518,10600
157,36,5625,1
157,37,20622,1
157,38,13502,11239
157,39,9061,10545
157,40,11080,10560
157,41,37855,1
157,42,28961,1
157,43,27571,1
157,44,685,5
157,45,27599,2
157,46,38799,1
157,47,34316,1
157,48,22785,1
157,49,30319,1
157,50,22377,1
157,51,4494,10554
157,52,27586,0
157,53,1932,1
157,54,27557,1
157,55,4295,1
157,56,38036,1
157,57,14301,10439
157,58,23250,10079
157,59,36595,482
157,60,12057,10414
157,61,13525,9795
157,62,6153,1
157,63,15586,1
157,64,20008,1
157,65,37977,340
157,66,20594,1
157,67,7480,11521
157,68,27884,1
157,69,30604,1
157,70,4848,10301
157,71,5711,57
157,72,13788,1
157,73,23813,1
157,74,33002,1
157,75,3383,1
157,76,6674,9430
157,77,19682,9729
157,78,12151,1
157,79,23965,1
157,80,21195,1
157,81,27830,1
157,82,23013,2
157,83,36297,1
157,84,7290,11563
157,85,25117,1
157,86,18790,1
157,87,18689,9647
157,88,10377,0
157,89,33841,1
157,90,23704,1
157,91,10187,1
157,92,17837,1
157,93,29845,1
157,94,6768,1
157,95,9872,10168
157,96,292,1
157,97,26222,1
157,98,15042,1
157,99,7580,1
158,0,39536,9
158,1,10687,1
158,2,20238,3178
158,3,39932,2
158,4,12888,3
158,5,13668,19
158,6,16353,155
158,7,38810,0
158,8,32306,8
158,9,24683,2
158,10,24689,1
158,11,8644,28
158,12,30966,672
158,13,3688,1
158,14,7029,22
158,15,37000,1
158,16,24801,2893
158,17,28227,6
158,18,31980,2
158,19,8108,1
158,20,5957,3
158,21,10853,2
158,22,32575,195
158,23,21412,3348
158,24,2682,1
158,25,3451,1
158,26,20162,12
158,27,16685,26
158,28,15218,346
158,29,8362,1
158,30,1369,11
158,31,16521,1
158,32,19370,45
158,33,29327,10
158,34,13687,1
158,35,4887,1
158,36,31933,189
158,37,2417,15
158,38,25794,376
158,39,4814,1
158,40,2067,1
158,41,1350,72
158,42,5843,122
158,43,11606,389
158,44,38902,4
158,45,33246,1
158,46,22361,20
158,47,19011,1959
158,48,15621,3372
158,49,31728,1250
158,50,30684,29
158,51,30127,48
158,52,31809,1
158,53,1408,2
158,54,37919,21
158,55,5810,34
158,56,6084,8
158,57,2473,2
158,58,6816,2
158,59,29184,23
158,60,34770,1
158,61,7436,2
158,62,26361,20
158,63,18016,2966
158,64,7496,9
158,65,15189,350
158,66,37224,1
158,67,9093,4
158,68,17713,1
158,69,26023,2980
158,70,25132,24
158,71,9483,11
158,72,7608,229
158,73,8996,34
158,74,966,1
158,75,31567,556
158,76,35639,1
158,77,4122,1
158,78,36255,1
158,79,32939,4
158,80,14638,2
158,81,32461,1
158,82,6344,207
158,83,7181,14
158,84,21199,539
158,85,18013,2601
158,86,17371,1
158,87,25330,2
158,88,10101,2
158,89,10132,5
158,90,7873,7
158,91,31748,1
158,92,1717,26
158,93,12174,1
158,94,37710,58
158,95,19214,3356
158,96,14861,17
158,97,38085,1
158,98,5254,1
158,99,11096,7
154,0,9034,29
154,1,5183,89
154,2,8612,11
154,3,20820,83
154,4,6284,15
154,5,34615,93
154,6,12933,1
154,7,18725,7
154,8,30914,1
154,9,29110,18
154,10,39075,21
154,11,21813,1
154,12,26887,10
154,13,8390,3
154,14,29162,1
154,15,20144,12
154,16,2768,1
154,17,29274,2
154,18,26559,16
154,19,32281,7
154,20,21025,94
154,21,36372,140
154,22,17077,3
154,23,29155,4
154,24,14242,1
154,25,13360,95
154,26,20280,1
154,27,22192,1
154,28,588,1538
154,29,11344,62
154,30,23884,0
154,31,26083,3
154,32,39614,25
154,33,15204,14
154,34,7344,4
154,35,19812,3
154,36,13676,10
154,37,32693,13
154,38,17948,85
154,39,4016,10
154,40,4598,14
154,41,20559,14
154,42,13802,12
154,43,20633,267
154,44,26839,14
154,45,5641,1007
154,46,10129,1
154,47,5857,2
154,48,6068,29
154,49,21490,2
154,50,27211,4
154,51,20655,1
154,52,10772,1
154,53,12826,1
154,54,12953,5
154,55,27244,2
154,56,14383,21
154,57,12154,25
154,58,33373,3
154,59,32637,19
154,60,26271,26
154,61,22337,72
154,62,37540,2
154,63,33373,1
154,64,11443,1
154,65,4220,4
154,66,19398,1
154,67,1557,1334
154,68,32035,5
154,69,32032,3
154,70,27942,2
154,71,3611,184
154,72,17565,1
154,73,31671,2
154,74,29781,1
154,75,18245,1
154,76,16062,19
154,77,35493,20
154,78,13843,2
154,79,7336,6
154,80,21660,1
154,81,28950,8
154,82,22901,5
154,83,35026,8
154,84,38528,115
154,85,37639,50
154,86,7010,2
154,87,7519,2
154,88,30321,16
154,89,31853,1
154,90,14647,14
154,91,10812,2
154,92,10539,165
154,93,34693,104
154,94,17163,2
154,95,30454,7
154,96,37935,593
154,97,569,2135
154,98,34636,43
154,99,26686,7
156,0,14787,1
156,1,11615,1
156,2,7876,1358
156,3,31311,1898
156,4,18014,251
156,5,1370,1
156,6,36239,4251
156,7,28852,3
156,8,31177,870
156,9,2469,1
156,10,19320,1
156,11,20235,1
156,12,9357,1
156,13,21337,0
156,14,39610,1
156,15,25428,2
156,16,15818,1
156,17,31352,1
156,18,14691,1
156,19,14198,1
156,20,14774,105
156,21,38093,4396
156,22,38499,1
156,23,19364,2
156,24,38726,132
156,25,34849,6196
156,26,20103,1
156,27,13932,1
156,28,24357,1
156,29,3223,2
156,30,28287,2
156,31,11740,1
156,32,9249,2157
156,33,14565,1
156,34,16859,3
156,35,17425,1
156,36,1061,1
156,37,29103,1
156,38,33365,893
156,39,8861,2479
156,40,18977,1
156,41,9921,1
156,42,20039,281
156,43,8916,1
156,44,26758,1
156,45,30697,9
156,46,6653,2
156,47,3764,1
156,48,20397,11
156,49,18671,133
156,50,14245,1
156,51,13038,64
156,52,2327,1
156,53,13875,1
156,54,32227,1
156,55,16917,1
156,56,1935,1
156,57,35809,1
156,58,33537,2401
156,59,7458,2096
156,60,20844,1
156,61,38162,1
156,62,772,1
156,63,28514,1
156,64,29171,1542
156,65,2498,651
156,66,26137,1
156,67,34684,1939
156,68,8729,1
156,69,1194,12
156,70,23726,1
156,71,36067,5426
156,72,26277,386
156,73,17658,132
156,74,10206,1
156,75,38228,2800
156,76,5428,12
156,77,26613,1
156,78,5636,36
156,79,25740,11
156,80,31126,1
156,81,16040,1
156,82,16241,1
156,83,13258,53
156,84,10710,1
156,85,11848,71
156,86,6200,1
156,87,34236,6294
156,88,38167,15
156,89,39271,7
156,90,2662,1
156,91,4041,1
156,92,39130,19
156,93,22739,1
156,94,31631,11
156,95,11770,1
156,96,5148,1
156,97,16843,1
156,98,10563,25
156,99,23302,1
160,0,9307,11
160,1,17502,2
160,2,3458,2
160,3,36017,564
160,4,22991,8
160,5,16492,3828
160,6,23367,10
160,7,2319,95
160,8,25458,38
160,9,13569,3
160,10,20794,4
160,11,3468,516
160,12,38769,970
160,13,11717,8329
160,14,4057,1394
160,15,6188,5527
160,16,3173,107
160,17,36522,2
160,18,23482,130
160,19,29349,27
160,20,24565,8
160,21,33828,39
160,22,21629,4
160,23,22379,3
160,24,29273,2
160,25,7432,1707
160,26,22688,10562
160,27,22614,3
160,28,21561,1
160,29,12736,2
160,30,18353,1
160,31,2033,214
160,32,19763,1
160,33,18025,1554
160,34,30302,5
160,35,6753,5014
160,36,9020,4550
160,37,14857,8796
160,38,2216,17285
160,39,26992,1
160,40,3486,10
160,41,37040,2739
160,42,21110,101
160,43,22261,2
160,44,15327,1
160,45,13738,4675
160,46,33094,3
160,47,12962,8320
160,48,37314,1
160,49,38109,9438
160,50,38206,549
160,51,3690,2032
160,52,38951,167
160,53,16518,1
160,54,31521,62
160,55,2252,2860
160,56,14541,5067
160,57,6794,7723
160,58,16285,1792
160,59,5441,5
160,60,28280,2
160,61,5820,5
160,62,23809,8
160,63,3006,647
160,64,19182,5
160,65,39466,26
160,66,22923,8
160,67,37094,2
160,68,7131,8912
160,69,34404,794
160,70,34783,855
160,71,12560,4257
160,72,27604,10
160,73,20875,8884
160,74,1812,5629
160,75,12720,2375
160,76,14328,5727
160,77,27921,43
160,78,32745,200
160,79,19812,8
160,80,15219,57
160,81,11282,151
160,82,12629,542
160,83,6301,8334
160,84,14748,4827
160,85,13454,74
160,86,37692,39
160,87,38184,697
160,88,37950,24
160,89,18371,2
160,90,18045,729
160,91,3416,817
160,92,17972,1
160,93,1955,11
160,94,20200,1
160,95,19666,9709
160,96,1133,10
160,97,34487,1985
160,98,26125,4
160,99,32053,2
161,0,16932,5216
161,1,39790,1
161,2,13628,1
161,3,9882,29
161,4,3730,1544
161,5,30343,1
161,6,33309,28
161,7,39164,2
161,8,6718,1530
161,9,22462,5478
161,10,16286,5
161,11,9264,12
161,12,27965,636
161,13,22365,6677
161,14,18524,2
161,15,2226,43
161,16,18681,5444
161,17,36260,14
161,18,34837,1
161,19,14218,1
161,20,10798,1
161,21,5625,1
161,22,26416,1
161,23,19531,6493
161,24,3647,1
161,25,3131,779
161,26,20835,1
161,27,21237,1
161,28,24306,6775
161,29,13815,2
161,30,31812,1
161,31,19642,1
161,32,12879,91
161,33,30643,3
161,34,30064,47
161,35,31198,78
161,36,13584,14
161,37,6376,2
161,38,22354,6041
161,39,27191,59
161,40,31941,14
161,41,21326,7852
161,42,26385,188
161,43,916,1852
161,44,25607,3
161,45,10639,1
161,46,25240,16
161,47,7162,11
161,48,39702,44
161,49,9757,11
161,50,6339,292
161,51,35146,2
161,52,24210,13
161,53,4575,33
161,54,26851,52
161,55,25982,3
161,56,10642,3
161,57,25286,5334
161,58,9646,11
161,59,34578,127
161,60,23141,263
161,61,21183,338
161,62,32838,15
161,63,26431,1
161,64,10019,3
161,65,31297,1
161,66,17380,55
161,67,9890,8
161,68,22638,2
161,69,20165,32
161,70,12257,158
161,71,25852,6
161,72,15114,1
161,73,27030,1
161,74,24609,1
161,75,17874,6441
161,76,15575,780
161,77,20990,21
161,78,39260,2
161,79,18037,3
161,80,1639,10
161,81,23072,3
161,82,19402,1
161,83,29340,36
161,84,7680,17
161,85,30372,51
161,86,10283,5
161,87,22637,6571
161,88,13807,1
161,89,12940,2
161,90,35440,1
161,91,9562,2
161,92,36679,8
161,93,9062,11
161,94,35337,39
161,95,17768,5
161,96,36277,2
161,97,3866,1
161,98,30604,2
161,99,16331,1
159,0,7161,3747
159,1,29327,7574
159,2,34057,31
159,3,13797,22
159,4,37275,3
159,5,27519,1
159,6,26296,2
159,7,32007,379
159,8,9917,63
159,9,33576,6762
159,10,23829,1
159,11,14439,1
159,12,20161,13
159,13,14336,96
159,14,25144,5
159,15,29390,2
159,16,309,4
159,17,31614,4
159,18,3335,5699
159,19,32977,7936
159,20,28542,8372
159,21,22649,1
159,22,33713,6485
159,23,18564,3
159,24,20704,12
159,25,39150,7296
159,26,21956,1
159,27,15309,57
159,28,21611,1
159,29,5792,2008
159,30,14828,1
159,31,34131,7985
159,32,12486,1
159,33,1946,4814
159,34,17097,1
159,35,29332,10213
159,36,36497,9225
159,37,33936,9800
159,38,9579,3049
159,39,8662,13
159,40,30522,7722
159,41,25636,10206
159,42,11117,5
159,43,30261,10068
159,44,12830,4
159,45,30148,1
159,46,14507,6
159,47,9563,4054
159,48,18009,38
159,49,7024,1526
159,50,2465,10
159,51,21582,1
159,52,17068,1
159,53,25817,3
159,54,33249,1
159,55,33188,2
159,56,2186,4199
159,57,17317,4
159,58,176,1
159,59,18321,166
159,60,25983,1
159,61,22799,1
159,62,31742,8385
159,63,5089,2
159,64,38333,8735
159,65,10668,17
159,66,31681,2
159,67,21889,1
159,68,33221,1
159,69,15432,1
159,70,6253,30
159,71,22775,1
159,72,35118,7435
159,73,11503,32
159,74,23762,12
159,75,36722,9151
159,76,533,2
159,77,37191,7616
159,78,39121,7364
159,79,31163,1
159,80,4706,1
159,81,4251,6455
159,82,9468,1
159,83,30219,23
159,84,17778,6
159,85,34930,7870
159,86,33610,4
159,87,9783,4282
159,88,22310,3
159,89,4702,4315
159,90,25267,8097
159,91,37895,9912
159,92,20424,2
159,93,19281,1
159,94,16494,1
159,95,17316,1
159,96,10005,5
159,97,7464,2023
159,98,6085,72
159,99,35375,1
164,0,39809,4
164,1,23006,120
164,2,15084,4738
164,3,15128,1
164,4,29595,1
164,5,35545,26
164,6,26786,1
164,7,22404,22
164,8,26849,416
164,9,9142,18
164,10,6409,1
164,11,26651,10487
164,12,39200,2
164,13,7014,1
164,14,21924,1402
164,15,23044,11102
164,16,25206,18
164,17,35475,4852
164,18,28903,10866
164,19,5177,6
164,20,5849,86
164,21,4661,4201
164,22,37127,256
164,23,14635,17
164,24,17712,5309
164,25,33876,4470
164,26,22570,0
164,27,20755,11
164,28,36191,13
164,29,9754,7
164,30,35838,1
164,31,32471,3498
164,32,35872,5444
164,33,32148,201
164,34,36646,1
164,35,31828,1
164,36,27276,2415
164,37,28229,2
164,38,10062,5038
164,39,31438,2
164,40,954,19
164,41,17831,7745
164,42,9503,4323
164,43,13233,1
164,44,27390,1
164,45,4991,42
164,46,1678,2
164,47,26115,2
164,48,6867,4672
164,49,8347,183
164,50,1679,3796
164,51,9513,62
164,52,19987,2
164,53,5099,1
164,54,16488,1
164,55,20819,2
164,56,6242,36
164,57,37114,2608
164,58,29728,10407
164,59,38340,36
164,60,427,9
164,61,27271,6189
164,62,12630,2
164,63,24001,2
164,64,18882,7110
164,65,10436,24
164,66,749,6
164,67,8278,3641
164,68,32809,4
164,69,28394,3
164,70,31973,3
164,71,18431,4214
164,72,17646,7383
164,73,38199,1
164,74,16645,1828
164,75,29690,3
164,76,30258,11173
164,77,36550,2
164,78,15156,2
164,79,5415,10
164,80,8196,1
164,81,18441,41
164,82,32424,10
164,83,18456,6245
164,84,33771,44
164,85,37476,1011
164,86,8054,8863
164,87,19643,95
164,88,17730,21
164,89,36649,11
164,90,7623,0
164,91,28001,1
164,92,12798,1
164,93,23084,181
164,94,747,14
164,95,8426,1
164,96,18060,6978
164,97,32003,3
164,98,36743,4
164,99,16463,6344
165,0,7434,1
165,1,5294,3
165,2,28903,1
165,3,28994,3
165,4,13982,1
165,5,9396,1
165,6,36729,4258
165,7,19249,3464
165,8,8109,1
165,9,18035,3022
165,10,1900,70
165,11,32446,19
165,12,32043,6
165,13,17663,3706
165,14,36391,1
165,15,19082,48
165,16,715,1671
165,17,35213,1
165,18,259,1
165,19,30046,3165
165,20,32082,9
165,21,20105,1
165,22,1913,1
165,23,11787,1
165,24,35734,3804
165,25,29575,4503
165,26,20717,1
165,27,19378,1525
165,28,2584,7
165,29,10833,1
165,30,9297,2
165,31,10080,125
165,32,32635,1
165,33,4767,40
165,34,36407,1
165,35,19921,8
165,36,31841,8
165,37,19748,1
165,38,33848,70
165,39,31638,3
165,40,33057,1208
165,41,2117,9
165,42,18426,3538
165,43,31889,77
165,44,37670,1
165,45,1892,18
165,46,37472,2
165,47,16668,3790
165,48,9255,21
165,49,19995,1443
165,50,9812,6
165,51,4617,1
165,52,5246,1
165,53,33157,7203
165,54,11818,80
165,55,4548,92
165,56,5992,1
165,57,11958,16
165,58,23089,1
165,59,27477,24
165,60,31640,50
165,61,6282,3
165,62,21659,170
165,63,11074,86
165,64,9720,5
165,65,5915,5
165,66,35206,1
165,67,21073,1
165,68,8317,1
165,69,17804,3653
165,70,9446,221
165,71,31723,3989
165,72,8805,1
165,73,4354,2
165,74,39441,149
165,75,31196,14
165,76,35152,1
165,77,29619,1
165,78,18023,3627
165,79,3639,64
165,80,34616,1
165,81,26582,180
165,82,39196,1
165,83,1495,27
165,84,30351,3909
165,85,14394,1148
165,86,24292,1
165,87,4096,1
165,88,29940,4571
165,89,31219,1
165,90,28666,1
165,91,34147,1
165,92,31505,3919
165,93,30190,1
165,94,15884,3424
165,95,6528,1
165,96,13203,3223
165,97,1382,15
165,98,1222,6
165,99,742,1309
162,0,34056,21
162,1,16574,1
162,2,15821,9
162,3,4637,18
162,4,17865,98
162,5,25142,1
162,6,3481,2
162,7,12277,9
162,8,26586,2583
162,9,35783,36
162,10,26163,1
162,11,28229,3325
162,12,16730,11
162,13,34068,24
162,14,15124,3
162,15,17760,1
162,16,12156,2
162,17,33397,4
162,18,771,601
162,19,23260,15
162,20,12100,18
162,21,6588,7
162,22,15704,10
162,23,28074,412
162,24,33229,49
162,25,12387,5
162,26,22747,2605
162,27,25367,2470
162,28,12422,16
162,29,14227,17
162,30,31435,18
162,31,6814,63
162,32,29885,141
162,33,32787,78
162,34,27130,1
162,35,34215,6
162,36,39891,2
162,37,28171,49
162,38,34645,6
162,39,26592,1880
162,40,26576,1909
162,41,24820,1961
162,42,3266,4
162,43,24951,42
162,44,27471,2624
162,45,19935,3294
162,46,5154,131
162,47,28209,3
162,48,28890,135
162,49,11166,37
162,50,14646,4
162,51,20778,2345
162,52,28432,1
162,53,4051,23
162,54,37214,5
162,55,31145,26
162,56,18691,3
162,57,13459,9
162,58,29563,2217
162,59,27167,10
162,60,5854,3
162,61,15094,3
162,62,9398,363
162,63,28861,17
162,64,1155,253
162,65,12157,1
162,66,34010,22
162,67,15151,32
162,68,12467,2
162,69,15585,138
162,70,36189,4
162,71,29624,2463
162,72,12583,29
162,73,12212,3
162,74,36220,6
162,75,6059,48
162,76,4539,30
162,77,1782,399
162,78,23364,2521
162,79,27011,2270
162,80,38730,37
162,81,31351,14
162,82,2732,18
162,83,224,2
162,84,21589,7
162,85,23267,29
162,86,12511,2
162,87,29278,24
162,88,9884,3
162,89,25583,2974
162,90,19609,5
162,91,34772,5
162,92,20559,55
162,93,35039,14
162,94,29927,6
162,95,27110,9
162,96,14494,1
162,97,15729,8
162,98,20816,7
162,99,19848,141
163,0,1681,12586
163,1,38862,561
163,2,29639,9984
163,3,22151,5
163,4,38604,50
163,5,2641,67
163,6,13424,2
163,7,9122,2
163,8,7846,2883
163,9,4676,3322
163,10,21655,4816
163,11,37673,1571
163,12,5925,3
163,13,4717,1
163,14,29591,10
163,15,13798,2
163,16,27665,7637
163,17,36783,444
163,18,12127,62
163,19,8128,4
163,20,38332,70
163,21,18384,4
163,22,20491,3294
163,23,25226,6902
163,24,11251,2715
163,25,8085,3
163,26,20894,7219
163,27,23990,61
163,28,15168,24
163,29,15306,256
163,30,4894,2839
163,31,24423,9128
163,32,23000,2
163,33,5406,11
163,34,26892,2
163,35,18660,7417
163,36,4456,2501
163,37,23338,9869
163,38,18431,2
163,39,26792,47
163,40,15031,3
163,41,12754,23
163,42,12188,224
163,43,3606,42
163,44,1399,3
163,45,16836,19
163,46,37300,169
163,47,22409,7467
163,48,34926,5
163,49,26462,5161
163,50,26426,9624
163,51,12234,5
163,52,13692,80
163,53,32108,73
163,54,32543,21
163,55,14875,75
163,56,14792,3
163,57,31951,14
163,58,22924,9150
163,59,16304,21
163,60,37067,2121
163,61,30457,5769
163,62,18427,31
163,63,15933,3197
163,64,28344,63
163,65,7636,21
163,66,28467,1
163,67,24298,351
163,68,27975,10
163,69,4994,2
163,70,13662,83
163,71,39268,4
163,72,93,2931
163,73,18367,14
163,74,19016,24
163,75,11213,95
163,76,9434,10
163,77,34851,28
163,78,26230,6351
163,79,25235,4290
163,80,25150,101
163,81,3140,9
163,82,5857,3445
163,83,23262,8313
163,84,18168,11
163,85,185,1
163,86,25102,3680
163,87,13731,56
163,88,25741,209
163,89,23801,6902
163,90,37003,60
163,91,918,17
163,92,39266,2481
163,93,38497,29
163,94,5064,3120
163,95,25212,10103
163,96,5990,10
163,97,25108,9813
163,98,25295,7781
163,99,7774,12
166,0,24558,37
166,1,22078,24
166,2,27447,7
166,3,23748,48
166,4,24469,20
166,5,7843,1
166,6,3252,1
166,7,32361,2
166,8,27978,1024
166,9,31356,2
166,10,11777,18
166,11,15059,2
166,12,17160,27
166,13,29366,272
166,14,32991,380
166,15,34616,1367
166,16,34190,604
166,17,35998,211
166,18,6193,36
166,19,39087,1
166,20,37031,27
166,21,21069,3
166,22,31202,769
166,23,20331,181
166,24,21668,14
166,25,38830,5
166,26,22629,2
166,27,23508,681
166,28,27052,18
166,29,11245,1
166,30,5272,5
166,31,37252,1
166,32,9642,1
166,33,3262,34
166,34,33474,0
166,35,19291,2
166,36,18148,116
166,37,1543,2
166,38,6139,13
166,39,27391,1319
166,40,24044,90
166,41,5611,19
166,42,35307,1
166,43,19571,14
166,44,39535,1
166,45,7540,4
166,46,17386,1
166,47,1363,7
166,48,2090,5025
166,49,25052,2
166,50,18119,211
166,51,26601,1095
166,52,9469,12
166,53,32632,6
166,54,22180,1
166,55,9712,4833
166,56,10392,1
166,57,130,5
166,58,3007,21
166,59,23715,1
166,60,14354,9
166,61,36545,10
166,62,38219,110
166,63,13504,3746
166,64,856,35
166,65,26775,96
166,66,11836,5
166,67,22686,53
166,68,38146,8
166,69,9575,15
166,70,33378,62
166,71,35496,2
166,72,2625,91
166,73,29537,48
166,74,7405,2
166,75,19381,3
166,76,20469,3
166,77,10411,1
166,78,2127,29
166,79,12613,3
166,80,31707,4
166,81,34861,1
166,82,22527,4849
166,83,12379,15
166,84,4260,74
166,85,7289,5213
166,86,22873,2
166,87,7090,4741
166,88,29664,1
166,89,7510,4516
166,90,12834,1
166,91,15709,3
166,92,15385,3
166,93,12520,4341
166,94,10474,2
166,95,15870,54
166,96,31421,7
166,97,13245,2
166,98,31434,40
166,99,4258,5
167,0,32183,6
167,1,4366,1
167,2,1266,293
167,3,37614,2
167,4,8856,63
167,5,21694,1
167,6,16843,2
167,7,29207,0
167,8,5589,12
167,9,249,3002
167,10,10917,0
167,11,20855,0
167,12,10004,2857
167,13,14,2880
167,14,7457,198
167,15,30654,2
167,16,9698,1
167,17,35736,150
167,18,17548,6
167,19,20308,2
167,20,23264,2
167,21,32865,1
167,22,35989,38
167,23,17483,1
167,24,39690,1
167,25,38177,801
167,26,20776,62
167,27,22132,3
167,28,33445,12
167,29,12324,1
167,30,18731,2
167,31,14861,1
167,32,2757,85
167,33,19529,1
167,34,33236,1
167,35,3736,1
167,36,22712,1
167,37,33062,4
167,38,29925,27
167,39,27590,1
167,40,12499,1
167,41,33545,34
167,42,4229,2264
167,43,34578,4
167,44,13463,1
167,45,8090,1
167,46,9532,10
167,47,31915,13
167,48,4478,44
167,49,36700,4
167,50,29899,135
167,51,18057,3
167,52,34728,1
167,53,17042,16
167,54,21158,25
167,55,37089,54
167,56,10141,5
167,57,18622,2
167,58,36367,22
167,59,12851,3
167,60,5566,2
167,61,11908,1
167,62,7248,51
167,63,577,57
167,64,28045,8
167,65,18606,95
167,66,6293,1
167,67,35482,100
167,68,17301,0
167,69,38985,50
167,70,10851,6
167,71,8788,285
167,72,30136,59
167,73,35692,99
167,74,33849,3
167,75,24535,1
167,76,25363,2
167,77,3480,16
167,78,8642,1
167,79,10838,16
167,80,18128,1
167,81,6651,3406
167,82,29299,285
167,83,35417,23
167,84,839,1761
167,85,20559,22
167,86,35463,171
167,87,31542,25
167,88,1873,58
167,89,2079,114
167,90,30229,0
167,91,21855,1
167,92,34092,2
167,93,19626,6
167,94,25610,1
167,95,10324,1
167,96,26564,3
167,97,22624,6
167,98,35913,9
167,99,28537,151
168,0,30311,22
168,1,28510,10
168,2,26711,1
168,3,30591,2584
168,4,39848,1
168,5,14598,12
168,6,30206,1
168,7,2489,2
168,8,24592,3
168,9,4715,1125
168,10,32023,34
168,11,9833,11
168,12,3278,86
168,13,2312,964
168,14,3439,6
168,15,39900,29
168,16,7240,56
168,17,38076,9
168,18,34325,277
168,19,21004,146
168,20,30780,2273
168,21,19142,65
168,22,16273,3
168,23,6892,11
168,24,6152,0
168,25,20319,165
168,26,22452,5128
168,27,15249,16
168,28,14469,3
168,29,6772,1
168,30,9675,18
168,31,22908,14
168,32,15629,691
168,33,6271,50
168,34,2989,39
168,35,16904,5933
168,36,5533,1414
168,37,37953,2
168,38,21556,73
168,39,32236,21
168,40,38422,34
168,41,38622,7
168,42,1544,2
168,43,7854,2
168,44,39454,16
168,45,32596,2452
168,46,13910,11
168,47,35621,1
168,48,16419,3896
168,49,18585,5
168,50,1504,822
168,51,18985,2
168,52,1023,8
168,53,33681,2
168,54,1455,22
168,55,3033,6
168,56,37943,466
168,57,23785,2215
168,58,39523,340
168,59,34888,14
168,60,8926,10
168,61,12371,3
168,62,1451,5
168,63,8645,3
168,64,18583,3
168,65,25054,4081
168,66,18575,7
168,67,15813,12
168,68,18488,90
168,69,22385,8
168,70,29162,3225
168,71,24303,62
168,72,11337,2
168,73,19172,83
168,74,27830,6109
168,75,3012,29
168,76,9835,19
168,77,5178,5
168,78,33920,124
168,79,31017,4205
168,80,1173,6
168,81,21951,119
168,82,15866,2
168,83,30611,5497
168,84,16442,290
168,85,21498,1
168,86,22063,67
168,87,37454,29
168,88,33863,14
168,89,14928,5
168,90,849,6
168,91,8938,41
168,92,3976,19
168,93,4213,11
168,94,21294,1
168,95,37186,2376
168,96,34986,2722
168,97,29519,3
168,98,7361,1
168,99,37226,4
172,0,20813,2
172,1,34014,65
172,2,1985,121
172,3,9702,1
172,4,10100,2
172,5,33650,16
172,6,33625,4
172,7,22573,13
172,8,25984,323
172,9,3936,1076
172,10,21286,2016
172,11,36663,1
172,12,7357,1416
172,13,37609,14
172,14,21305,15
172,15,16756,2
172,16,25625,7
172,17,37029,7
172,18,39746,4595
172,19,33184,6626
172,20,12064,31
172,21,33623,46
172,22,31771,8794
172,23,39149,5321
172,24,38239,7
172,25,10411,2
172,26,22334,6
172,27,13390,40
172,28,32746,11
172,29,3790,2
172,30,27159,7
172,31,13346,4
172,32,35386,8490
172,33,20394,6
172,34,9333,13
172,35,1979,15
172,36,23790,11
172,37,11325,4
172,38,29402,6
172,39,33035,3
172,40,39538,3657
172,41,19413,4
172,42,33585,106
172,43,38827,1
172,44,7869,6
172,45,23850,3
172,46,26143,50
172,47,5127,1
172,48,29620,64
172,49,32471,4
172,50,4978,1
172,51,28456,1
172,52,22060,1924
172,53,18615,244
172,54,30070,116
172,55,21599,1
172,56,33293,4374
172,57,10456,11
172,58,12966,1
172,59,31435,3
172,60,21073,1258
172,61,33823,5
172,62,33920,8246
172,63,33288,5270
172,64,18284,2356
172,65,36024,1
172,66,36401,3
172,67,26996,1078
172,68,4166,2
172,69,16375,42
172,70,26352,1
172,71,30175,9
172,72,1379,77
172,73,36496,82
172,74,2663,3
172,75,16334,1
172,76,29412,4
172,77,13807,102
172,78,16331,11
172,79,16620,207
172,80,34151,6901
172,81,25461,1046
172,82,35660,34
172,83,2766,13
172,84,39113,4511
172,85,1873,4
172,86,36072,243
172,87,15265,1652
172,88,13643,6
172,89,36854,1
172,90,34075,61
172,91,33523,5221
172,92,38802,2
172,93,25342,2
172,94,1841,4
172,95,22298,7794
172,96,15560,2
172,97,27035,37
172,98,17979,47
172,99,21637,46
169,0,37937,180
169,1,10798,36
169,2,529,57
169,3,8105,1
169,4,20587,144
169,5,28449,128
169,6,149,1
169,7,39334,46
169,8,5852,4
169,9,17256,2345
169,10,31163,3308
169,11,19277,92
169,12,32474,31
169,13,9312,3
169,14,17905,3
169,15,32290,20
169,16,22748,10
169,17,37814,10
169,18,5680,0
169,19,2225,49
169,20,17013,1626
169,21,30938,3828
169,22,17411,2158
169,23,4044,2
169,24,24174,426
169,25,19666,478
169,26,24247,92
169,27,17520,98
169,28,17214,1468
169,29,7851,13
169,30,26782,3929
169,31,518,2
169,32,12392,4
169,33,18890,52
169,34,2751,108
169,35,4997,81
169,36,10097,134
169,37,29472,308
169,38,1693,5
169,39,32436,12
169,40,30525,2
169,41,22908,21
169,42,10466,55
169,43,26509,15
169,44,9733,71
169,45,29498,12
169,46,6057,7
169,47,26173,3132
169,48,18807,1554
169,49,33881,2
169,50,13285,37
169,51,10441,47
169,52,26283,7
169,53,18090,259
169,54,432,2
169,55,26762,20
169,56,37693,61
169,57,2277,8
169,58,32884,6
169,59,24025,1
169,60,3787,3
169,61,27734,2546
169,62,10480,34
169,63,35717,4
169,64,9420,5
169,65,16884,82
169,66,13032,2891
169,67,28609,17
169,68,33995,30
169,69,11794,6
169,70,6636,3
169,71,37595,301
169,72,38848,11
169,73,21679,90
169,74,10626,21
169,75,8167,29
169,76,14729,16
169,77,38248,14
169,78,434,2
169,79,29242,457
169,80,31242,23
169,81,33741,3458
169,82,22639,3
169,83,13650,27
169,84,13022,2413
169,85,34768,3310
169,86,34653,90
169,87,21907,44
169,88,9720,2
169,89,9497,345
169,90,18243,2281
169,91,15084,119
169,92,22683,68
169,93,7671,15
169,94,36431,20
169,95,31640,31
169,96,30130,124
169,97,38898,3
169,98,11840,6
169,99,25153,2497
170,0,15060,1
170,1,27582,1
170,2,2721,1
170,3,2859,1
170,4,34722,1
170,5,26895,1
170,6,6672,1
170,7,12446,1
170,8,25721,1
170,9,26929,1
170,10,1040,1
170,11,38242,1
170,12,21239,1
170,13,24663,1
170,14,10857,1
170,15,11472,1
170,16,16223,1
170,17,34951,1
170,18,11614,1
170,19,11267,1
170,20,18314,1
170,21,31902,1
170,22,6700,1
170,23,8940,1
170,24,13756,1
170,25,28922,1
170,26,22511,1
170,27,18002,1
170,28,5330,1
170,29,8263,1
170,30,22756,1
170,31,27689,1
170,32,25751,1
170,33,17385,1
170,34,39817,1
170,35,4366,1
170,36,36405,1
170,37,11267,1
170,38,13985,1
170,39,31837,1
170,40,21512,1
170,41,26402,1
170,42,27348,1
170,43,10544,1
170,44,11598,1
170,45,38794,1
170,46,29618,1
170,47,10868,1
170,48,11643,1
170,49,35290,1
170,50,21592,1
170,51,36073,1
170,52,30505,1
170,53,17566,1
170,54,10795,1
170,55,31926,1
170,56,2093,1
170,57,30449,1
170,58,12802,1
170,59,16614,1
170,60,26501,1
170,61,21645,1
170,62,27040,1
170,63,38147,1
170,64,36909,1
170,65,37745,1
170,66,29662,1
170,67,33869,1
170,68,23824,119
170,69,3565,1
170,70,30568,1
170,71,1367,1
170,72,36316,1
170,73,6861,1
170,74,22238,1
170,75,36351,1
170,76,46,1
170,77,19040,1
170,78,24538,1
170,79,38216,0
170,80,24685,1
170,81,38372,1
170,82,5969,1
170,83,24534,1
170,84,26930,1
170,85,27663,0
170,86,36882,1
170,87,28549,1
170,88,5797,1
170,89,25788,1
170,90,6060,1
170,91,293,1
170,92,6563,1669
170,93,33649,1
170,94,31021,1
170,95,982,1
170,96,8347,1
170,97,10761,1
170,98,2052,1
170,99,28669,1
171,0,22686,1
171,1,9870,1
171,2,12892,1
171,3,16725,1
171,4,19109,1
171,5,746,1
171,6,20263,1
171,7,9291,8243
171,8,6981,7487
171,9,35822,1267
171,10,36532,24
171,11,4037,1
171,12,14083,13
171,13,35311,167
171,14,28972,18
171,15,3862,6464
171,16,31731,1
171,17,34689,71
171,18,22969,5
171,19,36135,12
171,20,4547,7336
171,21,7346,7597
171,22,11486,11
171,23,9740,5299
171,24,28130,16
171,25,24620,4
171,26,20658,1
171,27,16625,8
171,28,11723,9067
171,29,9342,6638
171,30,36215,378
171,31,5299,8023
171,32,22514,10
171,33,33652,1
171,34,39579,38
171,35,32459,10
171,36,969,77
171,37,6434,10
171,38,37770,508
171,39,32037,12300
171,40,9967,2
171,41,14336,7370
171,42,32622,38
171,43,29199,7
171,44,25526,2
171,45,35695,115
171,46,21764,112
171,47,1421,384
171,48,14031,3
171,49,6938,7562
171,50,33372,6
171,51,27529,5
171,52,15764,104
171,53,5624,361
171,54,6125,8497
171,55,15655,57
171,56,1842,164
171,57,5293,1
171,58,6162,11404
171,59,5751,11219
171,60,17713,8527
171,61,37008,112
171,62,36069,18
171,63,21572,18
171,64,27746,16
171,65,33224,63
171,66,24119,2
171,67,3017,2
171,68,2980,6
171,69,32975,1
171,70,8041,36
171,71,14659,155
171,72,23826,19
171,73,13016,73
171,74,5034,112
171,75,37858,5
171,76,4941,11208
171,77,12109,11071
171,78,31053,2498
171,79,36441,1
171,80,14753,38
171,81,10161,8802
171,82,9093,13495
171,83,7572,10957
171,84,23510,3
171,85,4581,11425
171,86,9473,9339
171,87,13001,13
171,88,21654,4497
171,89,20358,97
171,90,23454,3460
171,91,2792,9041
171,92,25270,4488
171,93,37107,344
171,94,6157,8052
171,95,39084,1
171,96,3490,3
171,97,20140,9
171,98,6531,10
171,99,12947,8373
173,0,28439,3
173,1,16302,1
173,2,12156,1
173,3,23568,2
173,4,30839,30
173,5,11149,7
173,6,3568,7
173,7,15770,4
173,8,7243,2490
173,9,12829,384
173,10,16777,1
173,11,2459,43
173,12,36553,34
173,13,4610,2057
173,14,35772,5
173,15,9146,159
173,16,1133,13
173,17,36767,1
173,18,11101,5
173,19,18053,2
173,20,38296,1
173,21,5419,2960
173,22,36557,7
173,23,36301,72
173,24,16261,1903
173,25,6110,1
173,26,24129,12
173,27,12014,101
173,28,35492,857
173,29,1221,2896
173,30,618,1923
173,31,30956,212
173,32,28501,18
173,33,33013,76
173,34,9094,386
173,35,30072,1
173,36,28354,251
173,37,2844,2702
173,38,13187,4
173,39,33235,18
173,40,27993,1
173,41,3698,145
173,42,38859,6
173,43,17482,2279
173,44,21797,1
173,45,20751,2
173,46,18289,2
173,47,39327,57
173,48,32008,19
173,49,4119,3
173,50,16758,6
173,51,19912,163
173,52,7319,34
173,53,6672,10
173,54,25399,1
173,55,5328,39
173,56,29394,28
173,57,28948,7
173,58,6327,16
173,59,20572,8
173,60,12286,21
173,61,12834,3144
173,62,39301,22
173,63,16712,4
173,64,5473,18
173,65,31502,1999
173,66,30858,5
173,67,39792,111
173,68,19674,832
173,69,5785,877
173,70,3825,2557
173,71,3467,19
173,72,28890,1
173,73,39003,846
173,74,25459,17
173,75,21489,1226
173,76,34307,607
173,77,6877,106
173,78,19198,2
173,79,14845,133
173,80,24219,5
173,81,37251,2
173,82,2433,25
173,83,25805,8
173,84,35692,1882
173,85,18790,3
173,86,8663,38
173,87,39718,4
173,88,25852,12
173,89,31424,10
173,90,11469,42
173,91,39669,3
173,92,17509,86
173,93,28800,0
173,94,20625,7
173,95,20400,1
173,96,7056,439
173,97,36414,258
173,98,22458,16
173,99,9563,4
174,0,5562,29
174,1,33086,4
174,2,14348,140
174,3,21971,1
174,4,4974,5
174,5,5948,2
174,6,10091,1779
174,7,32531,33
174,8,27112,25
174,9,26149,24
174,10,26654,11
174,11,25072,48
174,12,25318,11
174,13,19961,2
174,14,32372,31
174,15,28328,3
174,16,34608,2
174,17,37552,6
174,18,17035,1
174,19,27094,2
174,20,3246,14
174,21,6382,17
174,22,22198,1515
174,23,1196,13
174,24,2195,1
174,25,15365,2
174,26,22393,1094
174,27,16143,20
174,28,23607,2007
174,29,5281,996
174,30,241,13
174,31,18127,4
174,32,5507,61
174,33,31508,40
174,34,6161,17
174,35,29442,2
174,36,14662,27
174,37,24639,65
174,38,25479,5
174,39,32636,202
174,40,18980,1793
174,41,7193,1
174,42,15741,6
174,43,1516,73
174,44,23661,2
174,45,26399,1681
174,46,1851,59
174,47,20374,1617
174,48,21196,1551
174,49,5528,6
174,50,25065,2
174,51,1896,1303
174,52,11542,5
174,53,6148,3
174,54,35762,2
174,55,10492,10
174,56,33794,2
174,57,17121,15
174,58,26245,26
174,59,13161,1
174,60,35000,2
174,61,3097,163
174,62,19509,1
174,63,19142,9
174,64,36610,2
174,65,12363,20
174,66,7488,196
174,67,1405,3
174,68,13151,34
174,69,1204,1
174,70,27757,14
174,71,7239,6
174,72,26358,11
174,73,27834,47
174,74,33422,37
174,75,9673,2
174,76,19624,1846
174,77,27669,23
174,78,3301,2
174,79,23819,2261
174,80,17662,3
174,81,1882,382
174,82,25763,18
174,83,36689,1267
174,84,9601,6
174,85,11685,1899
174,86,7244,40
174,87,6360,16
174,88,25577,9
174,89,7715,362
174,90,39286,417
174,91,21230,2142
174,92,1389,7
174,93,14778,1
174,94,11567,9
174,95,29742,4
174,96,25273,7
174,97,8277,620
174,98,12670,476
174,99,9431,3
175,0,13188,2
175,1,15374,3
175,2,28167,1
175,3,35837,76
175,4,25713,52
175,5,19799,2
175,6,20034,5115
175,7,25728,1
175,8,4724,1
175,9,35043,2
175,10,22146,7
175,11,30868,19
175,12,14513,261
175,13,26961,67
175,14,6839,3
175,15,20718,1
175,16,10117,212
175,17,37291,4
175,18,28391,747
175,19,11963,1
175,20,29479,5
175,21,18179,190
175,22,26984,1166
175,23,38348,2
175,24,20217,14
175,25,11064,7456
175,26,24188,6
175,27,14767,2
175,28,26353,2
175,29,6360,34
175,30,13700,4152
175,31,35737,17
175,32,2270,2636
175,33,4127,5
175,34,5923,20
175,35,17535,11
175,36,19226,1
175,37,16158,3
175,38,9264,6696
175,39,32835,5
175,40,7435,12
175,41,35127,23
175,42,24663,2
175,43,20171,970
175,44,37589,854
175,45,26948,16
175,46,33997,137
175,47,10926,6
175,48,23584,61
175,49,17176,2
175,50,33197,45
175,51,33352,16
175,52,36801,290
175,53,30557,41
175,54,31092,2
175,55,37869,143
175,56,33543,63
175,57,35612,7
175,58,19605,14
175,59,2298,229
175,60,26213,18
175,61,18460,5636
175,62,24890,3494
175,63,6215,15
175,64,27447,4
175,65,4193,653
175,66,1945,103
175,67,14200,2
175,68,28658,19
175,69,26966,8
175,70,5230,57
175,71,20531,4
175,72,13869,7572
175,73,30341,26
175,74,16218,14
175,75,14828,6
175,76,24518,60
175,77,20738,10
175,78,9816,7
175,79,22043,13
175,80,7730,5
175,81,13672,8188
175,82,32536,4
175,83,19727,16
175,84,2533,1
175,85,28603,4
175,86,19834,41
175,87,30813,14
175,88,37786,635
175,89,2285,5935
175,90,16680,6407
175,91,27376,970
175,92,20096,7625
175,93,18236,5715
175,94,26704,5048
175,95,27844,16
175,96,20417,9
175,97,17656,6672
175,98,17149,9
175,99,37358,7
176,0,7298,12
176,1,39134,1241
176,2,29656,4
176,3,3220,23
176,4,25629,3
176,5,20281,19
176,6,13336,588
176,7,5628,7
176,8,27189,1
176,9,27630,20
176,10,34688,7
176,11,23443,7
176,12,26102,4
176,13,34175,6
176,14,8943,2736
176,15,22412,3
176,16,38688,214
176,17,33413,23
176,18,1797,2
176,19,9688,4
176,20,12136,6
176,21,23201,12
176,22,39637,8
176,23,17000,1
176,24,28219,2
176,25,14362,62
176,26,23161,98
176,27,37344,46
176,28,32098,62
176,29,28312,12
176,30,32063,74
176,31,281,7
176,32,24384,17
176,33,5180,47
176,34,4928,2707
176,35,26451,4
176,36,12345,2520
176,37,8666,9
176,38,39889,8
176,39,20150,6
176,40,9965,18
176,41,33876,2
176,42,16595,14
176,43,11075,7
176,44,7074,26
176,45,16020,21
176,46,24166,11
176,47,14940,3133
176,48,31808,6
176,49,33509,932
176,50,27962,31
176,51,13100,24
176,52,31157,221
176,53,29487,95
176,54,4357,202
176,55,692,34
176,56,4089,10
176,57,16461,12
176,58,9809,45
176,59,22899,9
176,60,30635,13
176,61,32717,63
176,62,28525,11
176,63,28081,46
176,64,24026,2
176,65,28291,2
176,66,31619,4
176,67,39657,5
176,68,20769,7
176,69,14794,17
176,70,9674,7
176,71,25425,4
176,72,20138,9
176,73,27928,31
176,74,33426,0
176,75,32135,46
176,76,16019,1
176,77,33405,8
176,78,30396,7
176,79,37401,1
176,80,39661,4
176,81,37240,8
176,82,6156,4301
176,83,37681,83
176,84,4065,1
176,85,4662,3
176,86,28951,2
176,87,6940,2462
176,88,6125,1398
176,89,17960,2
176,90,5142,1822
176,91,36021,8
176,92,5964,1
176,93,4736,2731
176,94,14365,167
176,95,31922,717
176,96,13428,49
176,97,4423,5
176,98,23653,1
176,99,18058,4
177,0,14923,1019
177,1,21422,1
177,2,3475,1595
177,3,17085,1
177,4,6368,2787
177,5,34133,1
177,6,23279,1
177,7,2473,1556
177,8,8449,1
177,9,36523,1
177,10,30180,1
177,11,29238,1
177,12,15298,1
177,13,4824,1
177,14,27058,1
177,15,18450,1
177,16,14196,1
177,17,33152,1
177,18,13152,1
177,19,34556,1
177,20,38368,42
177,21,34997,1
177,22,4424,1
177,23,14152,1
177,24,6241,1
177,25,10061,1
177,26,21307,1
177,27,35967,15
177,28,34843,1
177,29,25743,1
177,30,5522,1
177,31,17891,1
177,32,17500,1
177,33,17799,1
177,34,8338,1
177,35,10896,1
177,36,16909,1
177,37,185,1
177,38,23675,1
177,39,20349,1
177,40,2068,1439
177,41,18162,1
177,42,21869,1
177,43,29730,2976
177,44,17354,1
177,45,12921,1
177,46,16312,1
177,47,5492,1
177,48,37844,1
177,49,5157,1
177,50,36094,1
177,51,4556,1
177,52,16416,1
177,53,17544,1
177,54,39687,1607
177,55,24421,1
177,56,3838,1
177,57,31305,1
177,58,3169,1
177,59,12036,1
177,60,21848,1
177,61,8080,1
177,62,33906,1
177,63,11506,1
177,64,14864,1
177,65,20122,1
177,66,26076,1
177,67,12453,1
177,68,36276,3949
177,69,4204,0
177,70,27147,1
177,71,38717,1
177,72,11296,1
177,73,34084,1
177,74,16222,1
177,75,37290,1
177,76,20913,1
177,77,22826,635
177,78,33263,1
177,79,31978,1
177,80,29729,696
177,81,9030,1
177,82,9281,1
177,83,20720,1076
177,84,644,1
177,85,17932,1
177,86,1541,1
177,87,31392,1
177,88,21982,96
177,89,12530,1
177,90,26185,1
177,91,2167,1
177,92,24671,1
177,93,8194,1
177,94,29502,1
177,95,26376,1
177,96,4924,1
177,97,13802,864
177,98,28132,1435
177,99,5985,1
178,0,32047,4323
178,1,34558,1
178,2,5667,1
178,3,11840,1
178,4,20503,1
178,5,28931,1
178,6,29803,1
178,7,15586,1
178,8,28318,1
178,9,9843,1
178,10,57,1
178,11,11852,1
178,12,4063,1
178,13,16527,1
178,14,20010,1
178,15,37632,1
178,16,7671,1
178,17,33937,1
178,18,19086,0
178,19,3598,1
178,20,39670,1
178,21,35961,1
178,22,30064,1
178,23,19048,1
178,24,32175,1
178,25,19317,1
178,26,23220,1
178,27,97,1
178,28,22959,1
178,29,29804,1
178,30,1496,1
178,31,5062,1
178,32,34506,1
178,33,16295,1
178,34,1757,1
178,35,10265,1
178,36,3216,1
178,37,21980,1
178,38,35967,1
178,39,16102,1
178,40,33055,1
178,41,25305,1
178,42,38751,1
178,43,13765,1
178,44,19218,1
178,45,22217,1
178,46,39874,1
178,47,30187,1
178,48,27031,1
178,49,6566,1
178,50,4402,1
178,51,26540,5110
178,52,20639,1
178,53,17020,1
178,54,10050,1
178,55,29585,1
178,56,8238,1
178,57,23126,1
178,58,23087,1
178,59,4625,1
178,60,4562,1
178,61,1991,1
178,62,10466,1
178,63,13936,1
178,64,2352,1
178,65,982,1
178,66,2706,1
178,67,17713,1
178,68,29754,1
178,69,39623,1
178,70,11079,1
178,71,2489,1
178,72,5116,1
178,73,19266,1
178,74,24185,1
178,75,25474,1
178,76,9878,1
178,77,7267,1
178,78,17367,1
178,79,4600,1
178,80,23172,1
178,81,13661,1
178,82,36259,1
178,83,27956,1
178,84,14553,1
178,85,10827,1
178,86,122,1
178,87,38034,1
178,88,18059,1
178,89,28821,1
178,90,10354,1
178,91,23729,1
178,92,8551,1
178,93,34171,5390
178,94,24092,1
178,95,35718,1
178,96,23141,1
178,97,25665,1
178,98,18344,1
178,99,5853,1
179,0,39672,2
179,1,16846,1
179,2,15837,1
179,3,25706,2613
179,4,1242,12
179,5,2782,303
179,6,39746,1
179,7,12431,1
179,8,9577,1
179,9,18736,52
179,10,35549,1
179,11,17647,663
179,12,33259,0
179,13,27175,287
179,14,34477,1
179,15,30022,1
179,16,23180,41
179,17,33675,1
179,18,30442,1
179,19,24819,1
179,20,25903,67
179,21,7757,1
179,22,34851,1
179,23,19848,62
179,24,10197,1
179,25,18664,1
179,26,21366,74
179,27,38720,1
179,28,25704,3640
179,29,27234,0
179,30,18603,29
179,31,22672,1
179,32,27621,1
179,33,28913,3615
179,34,5166,2
179,35,38358,1
179,36,7781,1
179,37,13499,1
179,38,19752,86
179,39,19950,38
179,40,21510,1
179,41,9590,1
179,42,7673,10
179,43,32420,120
179,44,33146,60
179,45,19119,3394
179,46,32020,1
179,47,20739,3773
179,48,29420,1
179,49,21862,1
179,50,16182,79
179,51,21644,498
179,52,5898,1
179,53,1429,219
179,54,9028,1
179,55,13314,4
179,56,4339,1
179,57,37969,1
179,58,16448,59
179,59,33762,52
179,60,35775,1
179,61,17354,75
179,62,19495,1
179,63,1009,2
179,64,33189,2
179,65,32813,1
179,66,37163,1032
179,67,30509,1
179,68,5261,14
179,69,25384,1
179,70,28552,2
179,71,15781,71
179,72,32627,1
179,73,25421,1
179,74,10629,1
179,75,30629,1
179,76,11124,1
179,77,336,1
179,78,23882,66
179,79,39177,52
179,80,13241,110
179,81,25451,1
179,82,39384,2
179,83,10994,66
179,84,7485,1
179,85,27745,1
179,86,12712,37
179,87,22487,215
179,88,33916,79
179,89,23390,1
179,90,27748,1
179,91,29875,1
179,92,27258,1
179,93,37629,1
179,94,39228,8
179,95,33820,70
179,96,18284,1
179,97,35044,1
179,98,22823,17
179,99,33780,21
180,0,37800,1
180,1,4638,2078
180,2,4930,2
180,3,18683,1
180,4,32233,1
180,5,39334,1
180,6,13108,2171
180,7,25713,80
180,8,28580,2502
180,9,23203,535
180,10,20303,1
180,11,6625,1
180,12,30181,3066
180,13,29473,1
180,14,30458,1
180,15,39268,1
180,16,20721,1
180,17,32366,26
180,18,7218,144
180,19,25515,21
180,20,33419,1
180,21,34034,1
180,22,15135,1
180,23,9257,1
180,24,16658,2
180,25,806,2
180,26,23043,1
180,27,35485,1
180,28,6728,2327
180,29,25330,1
180,30,9547,135
180,31,30719,1
180,32,493,19
180,33,19303,1
180,34,11272,5020
180,35,11526,21
180,36,34250,1
180,37,18390,1
180,38,11383,19
180,39,20948,1
180,40,11081,1
180,41,14667,7312
180,42,4988,1
180,43,2047,1
180,44,19137,1
180,45,7273,1
180,46,36398,1
180,47,24445,1
180,48,5008,1
180,49,3747,15
180,50,27787,2
180,51,18923,1
180,52,12193,1
180,53,18069,5426
180,54,29324,1
180,55,19258,767
180,56,35790,11
180,57,3133,2128
180,58,23252,2143
180,59,19447,12
180,60,39135,1
180,61,17817,1
180,62,17346,1
180,63,9077,1
180,64,23727,0
180,65,39261,1
180,66,9445,1
180,67,10840,5106
180,68,6447,3920
180,69,8785,1
180,70,3215,1
180,71,31297,15
180,72,13828,1
180,73,5253,2
180,74,4610,1
180,75,9105,3034
180,76,35596,103
180,77,2034,1
180,78,9160,1
180,79,23004,340
180,80,32638,1
180,81,751,1
180,82,25951,1
180,83,9836,3458
180,84,26735,1
180,85,25036,1
180,86,39312,1
180,87,24751,1
180,88,25905,1
180,89,39887,1
180,90,38368,1
180,91,16958,1
180,92,37142,1
180,93,22216,453
180,94,38560,1
180,95,17034,1
180,96,30354,1
180,97,1939,1
180,98,34271,1
180,99,2469,1
184,0,28302,1
184,1,10142,1
184,2,16557,1
184,3,37794,1
184,4,2486,1
184,5,18387,1
184,6,16527,1
184,7,5797,1
184,8,26324,1
184,9,18775,1
184,10,5917,1
184,11,33456,1
184,12,30612,1
184,13,24770,1
184,14,8324,1
184,15,16124,1
184,16,2755,1
184,17,34967,1
184,18,12640,1
184,19,1342,1
184,20,18350,1
184,21,8515,7604
184,22,30633,1
184,23,37865,1
184,24,8746,1
184,25,30897,1
184,26,22924,1
184,27,29979,1
184,28,25005,1
184,29,22348,1
184,30,23384,1
184,31,21157,1
184,32,20250,1
184,33,29778,1
184,34,17615,1
184,35,36602,0
184,36,12506,1
184,37,31762,1
184,38,22877,1
184,39,21747,1
184,40,8549,1
184,41,35458,1
184,42,37029,1
184,43,36668,1
184,44,31201,1
184,45,34879,1
184,46,8630,1
184,47,33951,1
184,48,14561,1
184,49,13985,1
184,50,31260,0
184,51,28395,1
184,52,33230,1
184,53,3002,1
184,54,17939,1
184,55,1472,1
184,56,27491,1
184,57,29804,1
184,58,33047,1
184,59,12346,1
184,60,11282,1
184,61,39268,1
184,62,6167,1
184,63,33720,1
184,64,23428,1
184,65,13879,45
184,66,27271,1
184,67,18376,1
184,68,32126,1
184,69,2775,1
184,70,405,1
184,71,816,1
184,72,3871,8051
184,73,26225,1
184,74,15795,1
184,75,22427,1
184,76,15173,1
184,77,10663,1
184,78,31571,1
184,79,8607,1
184,80,25616,1
184,81,4261,5397
184,82,9393,1
184,83,21991,1
184,84,9406,1
184,85,9058,1
184,86,13321,1
184,87,2562,1
184,88,2038,1
184,89,18165,1
184,90,31594,1
184,91,1543,1
184,92,31968,1
184,93,3345,1
184,94,19107,1
184,95,5794,1
184,96,7281,1
184,97,39455,1
184,98,4889,1
184,99,26880,1
181,0,5426,1
181,1,23278,1
181,2,15101,1
181,3,36197,1
181,4,16620,1
181,5,13185,1
181,6,26699,1
181,7,18910,1
181,8,9840,1
181,9,32096,1
181,10,15794,1
181,11,16069,1
181,12,19377,1
181,13,36473,1
181,14,4924,1
181,15,35306,1
181,16,36230,1
181,17,32105,1
181,18,18574,1
181,19,10384,0
181,20,19652,1
181,21,5830,1
181,22,19922,1
181,23,6409,1
181,24,34680,1
181,25,153,1
181,26,21189,0
181,27,34108,1
181,28,13121,1
181,29,22761,1
181,30,23006,1
181,31,8329,1
181,32,37256,1
181,33,31922,1
181,34,14682,1
181,35,35971,1
181,36,38814,1
181,37,13557,1
181,38,35169,1
181,39,21148,1
181,40,39536,1
181,41,38953,1
181,42,13910,1
181,43,20703,1
181,44,29417,1
181,45,4175,1
181,46,28544,1
181,47,14998,1
181,48,7396,1
181,49,19043,1
181,50,39568,1
181,51,10379,1
181,52,37453,1
181,53,2478,1
181,54,28302,1
181,55,2988,1
181,56,35539,1
181,57,21624,1
181,58,12964,1
181,59,8583,1
181,60,33995,1
181,61,33179,1
181,62,22727,1
181,63,36149,1
181,64,10916,1
181,65,34739,1
181,66,3902,1
181,67,23636,1
181,68,25603,1
181,69,38194,1
181,70,24336,1
181,71,4589,0
181,72,1339,1
181,73,11408,1
181,74,27406,1
181,75,10612,1
181,76,490,1
181,77,31455,1
181,78,15674,1
181,79,17581,1
181,80,22707,1
181,81,12540,2607
181,82,32723,1
181,83,32875,1
181,84,23315,1
181,85,1954,1
181,86,11902,1
181,87,9203,1
181,88,38114,1
181,89,34456,1
181,90,15763,1
181,91,23104,1
181,92,15849,1
181,93,29323,1
181,94,13697,1
181,95,15136,1
181,96,25498,1
181,97,11318,1
181,98,38750,1
181,99,26748,1
182,0,22549,7398
182,1,62,20
182,2,17293,7493
182,3,30951,31
182,4,30755,15
182,5,7984,41
182,6,33222,14
182,7,35670,7
182,8,29709,123
182,9,5416,101
182,10,25672,88
182,11,35034,6
182,12,8142,106
182,13,11824,197
182,14,1524,341
182,15,10840,781
182,16,29705,1
182,17,32890,9
182,18,24508,7383
182,19,19425,10
182,20,24601,193
182,21,6793,2
182,22,5562,45
182,23,11304,7039
182,24,24263,19
182,25,9408,1411
182,26,23102,4
182,27,34590,1
182,28,1237,5
182,29,26821,5
182,30,18981,6505
182,31,35500,128
182,32,10615,1567
182,33,30418,51
182,34,8100,43
182,35,38988,14
182,36,25121,17
182,37,31704,2
182,38,7460,12
182,39,20549,6869
182,40,30523,3
182,41,6096,22
182,42,30792,11
182,43,8385,6
182,44,31282,14
182,45,9823,363
182,46,12106,7936
182,47,39692,7
182,48,232,2
182,49,20452,8
182,50,7875,1
182,51,36011,1
182,52,1675,3
182,53,1954,440
182,54,38665,2
182,55,8151,19
182,56,39939,1169
182,57,9797,4
182,58,36530,9551
182,59,1173,28
182,60,13061,62
182,61,23443,12
182,62,2935,474
182,63,38579,26
182,64,2053,30
182,65,15600,2
182,66,20532,7457
182,67,25249,2
182,68,15432,2
182,69,33613,20
182,70,4620,1066
182,71,8361,48
182,72,38807,1
182,73,36591,13
182,74,39018,3
182,75,2444,2
182,76,25807,538
182,77,15896,7491
182,78,39778,22
182,79,30203,4
182,80,16150,1
182,81,17172,6591
182,82,16053,35
182,83,3759,88
182,84,33576,223
182,85,34849,2
182,86,14131,6878
182,87,15845,9
182,88,37839,0
182,89,7099,44
182,90,3579,14
182,91,4665,72
182,92,3377,2
182,93,15300,160
182,94,4638,2
182,95,24478,4049
182,96,67,8
182,97,23181,6773
182,98,28962,6825
182,99,30264,2
183,0,30175,1
183,1,22350,1
183,2,31112,1
183,3,4817,1
183,4,11494,1
183,5,21835,1
183,6,3165,4
183,7,28868,1
183,8,7321,1
183,9,14309,5060
183,10,24811,1
183,11,830,1
183,12,37337,1
183,13,18825,1
183,14,15991,1
183,15,6878,1
183,16,5213,1
183,17,32628,1
183,18,35863,1
183,19,646,1
183,20,10834,1
183,21,22238,1
183,22,10349,1
183,23,8456,1
183,24,38636,7
183,25,5107,25
183,26,21248,1
183,27,36862,1
183,28,3982,1
183,29,24252,1
183,30,32440,1
183,31,13110,1
183,32,7378,1
183,33,3037,1
183,34,11510,1
183,35,23433,1
183,36,29685,1
183,37,26871,1
183,38,27598,1
183,39,20749,1
183,40,18978,1
183,41,30381,1
183,42,39714,7
183,43,27040,1
183,44,5209,1
183,45,6724,1
183,46,4252,1
183,47,30245,1
183,48,2620,1
183,49,32100,1
183,50,19655,6544
183,51,27467,1
183,52,26934,1
183,53,30011,1
183,54,33995,1
183,55,35528,8
183,56,39689,1
183,57,28289,2
183,58,29891,1
183,59,30310,1
183,60,7922,6434
183,61,38806,1
183,62,8316,7091
183,63,25652,1
183,64,32890,44
183,65,7431,1
183,66,14989,1
183,67,38045,1
183,68,30940,1
183,69,19375,1
183,70,25742,1
183,71,21653,5
183,72,26318,1
183,73,2746,1
183,74,21814,1
183,75,3951,1
183,76,30702,1
183,77,8965,1
183,78,6293,2
183,79,24779,1
183,80,6218,1
183,81,28961,14
183,82,22826,1
183,83,26797,1
183,84,30156,1
183,85,11767,1
183,86,26722,1
183,87,298,1
183,88,10048,111
183,89,1669,1
183,90,20974,1
183,91,10812,1
183,92,18436,1
183,93,18758,0
183,94,19775,1
183,95,22580,1
183,96,35211,1
183,97,32560,246
183,98,33441,1
183,99,18190,0
188,0,18805,17
188,1,15646,363
188,2,28183,32
188,3,16905,1
188,4,12738,1
188,5,37439,15
188,6,19947,0
188,7,25882,3
188,8,27715,1524
188,9,17996,1
188,10,31532,2345
188,11,16638,307
188,12,34690,27
188,13,20068,4
188,14,26191,9
188,15,32980,1
188,16,21140,7
188,17,33921,1958
188,18,18061,37
188,19,13522,1
188,20,39634,1
188,21,19348,1
188,22,6131,1
188,23,30122,2301
188,24,37185,1
188,25,17341,18
188,26,22806,4666
188,27,28120,5826
188,28,3283,4
188,29,15718,1
188,30,869,161
188,31,11595,3
188,32,7,1
188,33,3902,1
188,34,23959,16
188,35,21677,3
188,36,30763,5
188,37,1485,20
188,38,30723,5843
188,39,26193,163
188,40,6018,1
188,41,16249,502
188,42,29070,4564
188,43,27640,2926
188,44,3264,3
188,45,26132,69
188,46,20862,7
188,47,3456,3
188,48,24113,28
188,49,27871,5817
188,50,34733,2518
188,51,34218,10
188,52,14266,8
188,53,31584,1
188,54,2906,4
188,55,20038,5269
188,56,22840,10
188,57,20123,14
188,58,6490,1
188,59,8893,1
188,60,19781,6
188,61,24368,137
188,62,34988,1
188,63,18363,55
188,64,19481,1470
188,65,24849,3472
188,66,5097,1
188,67,29559,169
188,68,21452,1
188,69,413,1
188,70,37594,12
188,71,6688,4
188,72,37561,1
188,73,3550,1
188,74,30628,2837
188,75,39398,1
188,76,34751,3
188,77,19292,60
188,78,10334,1
188,79,34209,59
188,80,22241,3
188,81,7772,2
188,82,29187,34
188,83,34146,1433
188,84,32077,178
188,85,33080,8
188,86,23683,1
188,87,20373,1
188,88,21818,2
188,89,36444,18
188,90,24820,3282
188,91,22479,41
188,92,26794,13
188,93,24474,26
188,94,39654,37
188,95,34554,15
188,96,24207,1
188,97,36971,1
188,98,15507,1
188,99,7642,30
185,0,35928,1
185,1,28782,30
185,2,30375,864
185,3,11660,1
185,4,26873,92
185,5,32238,3267
185,6,30118,1
185,7,38995,1
185,8,7583,96
185,9,27669,4216
185,10,1409,7
185,11,39251,2
185,12,23455,9
185,13,31771,997
185,14,22791,24
185,15,8514,1
185,16,18263,2
185,17,34706,1
185,18,23995,1
185,19,22563,3
185,20,4583,18
185,21,20311,832
185,22,35420,3863
185,23,38665,19
185,24,26768,2
185,25,26596,11
185,26,21071,51
185,27,28602,3963
185,28,31399,1
185,29,19779,3
185,30,491,1
185,31,38766,141
185,32,17013,1
185,33,6045,3
185,34,21025,25
185,35,21047,1
185,36,17070,1
185,37,23281,5
185,38,3014,25
185,39,21946,84
185,40,37004,5
185,41,19744,208
185,42,5951,87
185,43,15323,151
185,44,1480,1
185,45,31780,3
185,46,776,1
185,47,28151,15
185,48,16949,619
185,49,29281,4320
185,50,3041,349
185,51,19851,1
185,52,18489,73
185,53,31060,4087
185,54,13269,1
185,55,25202,10
185,56,27240,2
185,57,8296,18
185,58,26408,159
185,59,1483,1
185,60,2495,1
185,61,14631,1
185,62,11548,4
185,63,20793,1
185,64,10617,1
185,65,5709,1
185,66,21728,216
185,67,31171,1
185,68,11281,1
185,69,32185,2034
185,70,21526,12
185,71,10460,10
185,72,31381,1
185,73,28733,3
185,74,2239,112
185,75,27582,416
185,76,20068,1
185,77,3732,157
185,78,38086,1
185,79,3183,41
185,80,15684,1
185,81,16051,1
185,82,12517,1
185,83,5030,32
185,84,2338,145
185,85,25976,123
185,86,25912,7
185,87,27015,2
185,88,17895,1
185,89,12735,30
185,90,8988,1
185,91,4041,122
185,92,10675,1
185,93,10452,1
185,94,34243,3806
185,95,3896,2
185,96,2424,1
185,97,8834,1
185,98,9368,1
185,99,11158,1
190,0,3553,1
190,1,11070,1
190,2,4194,2
190,3,29174,1
190,4,7612,1
190,5,6089,1
190,6,61,1
190,7,35840,1
190,8,28843,1
190,9,36562,1
190,10,549,1
190,11,5047,1
190,12,12651,1
190,13,2419,1
190,14,37258,1
190,15,4552,1
190,16,33771,1
190,17,34444,1
190,18,35350,1
190,19,7432,1
190,20,30816,1
190,21,32107,1
190,22,206,1
190,23,35818,1
190,24,1142,1
190,25,25943,1
190,26,22865,1
190,27,30873,1630
190,28,34144,1
190,29,20857,1
190,30,13950,1
190,31,16376,5473
190,32,10128,1
190,33,18664,1
190,34,20787,6415
190,35,9140,1
190,36,21635,1
190,37,18448,1
190,38,26800,51
190,39,25794,2
190,40,25459,1
190,41,7677,1
190,42,11225,1
190,43,33978,1
190,44,15408,1
190,45,28682,1
190,46,32922,1
190,47,18703,1
190,48,19337,1
190,49,928,1
190,50,14821,1
190,51,11306,1
190,52,3748,1
190,53,15469,1
190,54,8599,1
190,55,8931,1
190,56,26989,4078
190,57,26788,4068
190,58,19768,4619
190,59,30620,1
190,60,33707,1
190,61,29994,1
190,62,20577,1
190,63,7865,1
190,64,1454,1
190,65,1188,1
190,66,16184,1
190,67,3967,1
190,68,26789,6843
190,69,21594,59
190,70,38999,1
190,71,23752,7327
190,72,18892,1
190,73,34888,1
190,74,25035,1
190,75,29089,1
190,76,24962,4079
190,77,33153,1
190,78,952,1
190,79,1408,1
190,80,2104,1
190,81,27840,1
190,82,19290,1
190,83,28069,513
190,84,38918,1
190,85,39245,18
190,86,38502,1
190,87,11467,4
190,88,33752,1
190,89,7305,1
190,90,26383,1
190,91,10187,1
190,92,29381,1
190,93,13910,14
190,94,9380,1
190,95,38350,1
190,96,33920,1
190,97,18213,1
190,98,10198,1
190,99,35437,1
186,0,13051,77
186,1,5566,3
186,2,28920,1
186,3,10062,1
186,4,37360,1
186,5,27036,2277
186,6,36642,1
186,7,15755,3
186,8,27452,8
186,9,989,303
186,10,11286,1
186,11,21864,213
186,12,8572,4073
186,13,7122,2
186,14,19391,1
186,15,27696,1
186,16,11738,5185
186,17,35491,1
186,18,29929,1
186,19,31605,5
186,20,5885,1
186,21,21274,1
186,22,24708,1
186,23,3561,498
186,24,12702,1
186,25,35852,1
186,26,22983,1
186,27,32732,1
186,28,15867,63
186,29,23839,1
186,30,36466,1
186,31,25938,1
186,32,30372,1
186,33,4541,1
186,34,14443,89
186,35,24064,1
186,36,3378,4073
186,37,5076,1
186,38,15306,4
186,39,21347,50
186,40,27991,1
186,41,26887,1
186,42,22832,2
186,43,39358,23
186,44,3345,1
186,45,1076,12
186,46,24338,1
186,47,9198,26
186,48,9785,1
186,49,30690,1
186,50,11348,9
186,51,5483,6
186,52,22712,1
186,53,30535,1
186,54,23632,1
186,55,30365,1
186,56,31640,179
186,57,36468,1
186,58,6325,3
186,59,37720,1
186,60,25208,4
186,61,8542,4818
186,62,31756,1
186,63,23222,1
186,64,1754,6
186,65,26570,1
186,66,38358,2
186,67,36432,2
186,68,1110,1
186,69,27604,1050
186,70,1810,1
186,71,17881,1
186,72,28850,1
186,73,17563,4591
186,74,10203,49
186,75,15766,4679
186,76,5385,1
186,77,24524,1
186,78,22189,1
186,79,15805,1
186,80,9127,4277
186,81,24330,1
186,82,39496,1
186,83,15914,1
186,84,16247,1
186,85,18871,1
186,86,24493,1
186,87,33656,79
186,88,13971,5282
186,89,29026,1
186,90,36805,611
186,91,29250,2383
186,92,34555,220
186,93,32781,472
186,94,28833,2170
186,95,13238,1
186,96,16994,1
186,97,20697,20
186,98,39580,420
186,99,14674,1
187,0,20677,6
187,1,27854,1
187,2,2738,1
187,3,23928,15
187,4,21747,2
187,5,4536,1
187,6,6585,75
187,7,8952,95
187,8,8712,1
187,9,9882,2
187,10,10426,1
187,11,27660,7
187,12,1416,6
187,13,14122,26
187,14,33858,1
187,15,20086,1
187,16,27246,5
187,17,35229,1
187,18,1284,854
187,19,16474,1
187,20,32118,9
187,21,33070,873
187,22,25847,61
187,23,713,1
187,24,30724,12
187,25,31550,2
187,26,21130,1
187,27,31355,77
187,28,22260,28
187,29,21270,60
187,30,9925,19
187,31,3548,33
187,32,27135,38
187,33,17160,15
187,34,17853,7
187,35,8509,37
187,36,7942,17
187,37,36595,1
187,38,39091,3178
187,39,21547,1
187,40,16446,2849
187,41,11172,93
187,42,28107,30
187,43,18013,2995
187,44,17273,10
187,45,37978,99
187,46,16484,9
187,47,3398,3
187,48,12173,66
187,49,2338,1
187,50,19480,23
187,51,36939,7
187,52,7971,5
187,53,14945,8
187,54,18961,170
187,55,14095,1
187,56,31390,1235
187,57,14960,2
187,58,39686,3324
187,59,26857,11
187,60,16421,2730
187,61,23905,1
187,62,37137,86
187,63,10295,1
187,64,32591,328
187,65,18400,2679
187,66,32815,2
187,67,5580,18
187,68,16618,2814
187,69,17013,2966
187,70,22931,21
187,71,27524,2
187,72,16360,27
187,73,20070,130
187,74,32999,7
187,75,20921,2
187,76,10279,3
187,77,17594,152
187,78,25056,25
187,79,10382,30
187,80,39195,32
187,81,32472,2816
187,82,2620,26
187,83,38952,19
187,84,12827,3029
187,85,32141,7
187,86,731,4
187,87,18109,5
187,88,29828,15
187,89,23596,903
187,90,14199,230
187,91,35396,6
187,92,13262,7
187,93,39887,3055
187,94,3970,406
187,95,7692,16
187,96,12137,35
187,97,30076,2433
187,98,4059,7
187,99,38953,239
189,0,26430,146
189,1,34286,1
189,2,2002,22
189,3,30771,1
189,4,33477,1
189,5,11291,1
189,6,29890,1
189,7,19079,353
189,8,8975,44
189,9,26890,1
189,10,30671,1
189,11,22433,18
189,12,23886,1
189,13,27068,1
189,14,658,1
189,15,25370,1
189,16,36648,1
189,17,33659,1
189,18,29416,5
189,19,38391,1
189,20,25867,1
189,21,34792,1
189,22,10918,1
189,23,27274,1
189,24,15207,1
189,25,16688,88
189,26,20953,1
189,27,26743,1
189,28,6029,1
189,29,16797,1
189,30,14328,1
189,31,29204,1
189,32,33122,1
189,33,16520,1
189,34,27369,1
189,35,6122,1
189,36,35327,2377
189,37,36652,1
189,38,14508,1
189,39,26393,27
189,40,34473,1
189,41,535,1
189,42,34344,1
189,43,6296,1
189,44,13544,1
189,45,23034,1
189,46,13008,1
189,47,37657,1
189,48,26502,1
189,49,39519,1
189,50,6514,1
189,51,29322,350
189,52,3173,87
189,53,15993,1
189,54,38236,1
189,55,3768,1
189,56,18941,1
189,57,34967,1
189,58,36203,1
189,59,38030,1
189,60,10994,5
189,61,39731,1
189,62,4017,1
189,63,5436,1
189,64,10318,1
189,65,20327,1
189,66,39554,64
189,67,2355,2
189,68,36960,2
189,69,26175,1
189,70,18715,1
189,71,16332,1
189,72,25072,1
189,73,6057,1
189,74,13424,1
189,75,904,1
189,76,39645,1
189,77,12361,1
189,78,16849,1
189,79,32434,1
189,80,8662,1
189,81,19561,1
189,82,35960,1
189,83,17185,1
189,84,25009,1
189,85,6350,1
189,86,36273,1
189,87,4826,1
189,88,34027,1
189,89,31014,2
189,90,2214,1
189,91,28626,116
189,92,1853,1
189,93,27933,1
189,94,14790,1
189,95,29008,18
189,96,19351,1
189,97,6350,1
189,98,19986,42
189,99,35569,1
191,0,11179,1
191,1,33358,2925
191,2,14365,1
191,3,3040,1
191,4,28351,1
191,5,23588,2
191,6,10004,1
191,7,29037,1392
191,8,6455,1598
191,9,9103,20
191,10,36040,455
191,11,10842,2855
191,12,5495,5
191,13,9419,232
191,14,11724,24
191,15,36942,2455
191,16,5632,2752
191,17,34182,2751
191,18,6705,2
191,19,32301,2
191,20,17049,6938
191,21,7551,17
191,22,1345,2046
191,23,32970,14
191,24,19163,1
191,25,21642,2037
191,26,21012,2
191,27,29497,2
191,28,36890,4
191,29,18288,3
191,30,27409,8
191,31,33985,2448
191,32,3243,1751
191,33,31283,730
191,34,24197,3
191,35,33584,60
191,36,26199,20
191,37,9967,1
191,38,6937,7
191,39,25993,129
191,40,17563,16
191,41,31963,12
191,42,20147,3
191,43,8985,1
191,44,29336,13
191,45,29231,101
191,46,28716,1
191,47,12904,1
191,48,21725,0
191,49,12576,1
191,50,22953,1
191,51,2762,2027
191,52,29007,2
191,53,3527,2138
191,54,7576,6
191,55,36309,3191
191,56,23091,2
191,57,1631,2565
191,58,13129,67
191,59,19757,3
191,60,28568,36
191,61,5357,1
191,62,25958,1
191,63,31290,1
191,64,32292,1
191,65,33018,2
191,66,10641,543
191,67,16763,27
191,68,2297,1
191,69,11004,1
191,70,20121,1
191,71,33396,3029
191,72,10051,620
191,73,37395,11
191,74,7832,3
191,75,34243,11
191,76,29856,19
191,77,26223,5
191,78,7467,2728
191,79,35985,2
191,80,32173,136
191,81,35982,3298
191,82,26063,79
191,83,11107,1
191,84,35498,620
191,85,16163,20
191,86,11092,2
191,87,35920,14
191,88,5961,2
191,89,1874,1
191,90,7425,2754
191,91,16333,1
191,92,8088,1
191,93,17368,1
191,94,24517,1
191,95,36452,1
191,96,29063,13
191,97,27592,36
191,98,14677,4
191,99,23364,1
192,0,13324,33
192,1,21533,1
192,2,23765,3
192,3,21611,151
192,4,14067,62
192,5,12562,2
192,6,7075,268
192,7,39349,3130
192,8,25644,1
192,9,25448,11
192,10,33006,53
192,11,39871,3
192,12,20454,1
192,13,10448,1
192,14,34286,19
192,15,13740,1
192,16,12143,1
192,17,39090,1
192,18,26852,1
192,19,28673,1
192,20,9425,1
192,21,18731,1
192,22,29261,1
192,23,36784,1
192,24,27732,116
192,25,26276,1
192,26,21744,1
192,27,36802,5
192,28,36839,1
192,29,25232,1
192,30,30935,1
192,31,1887,753
192,32,10521,1
192,33,7361,3
192,34,37402,1
192,35,11005,7
192,36,38722,3428
192,37,27240,1
192,38,39574,177
192,39,4323,554
192,40,30527,3
192,41,3367,1982
192,42,26493,1
192,43,985,2114
192,44,28185,639
192,45,9173,2044
192,46,3655,22
192,47,16302,1
192,48,1031,1
192,49,7309,1
192,50,18695,1
192,51,24870,1
192,52,10890,3
192,53,34227,1
192,54,2200,3
192,55,5374,1
192,56,35446,4
192,57,31109,1
192,58,29238,1
192,59,6876,536
192,60,30865,4
192,61,32025,1
192,62,18025,1
192,63,29208,1
192,64,13140,1
192,65,21817,27
192,66,1883,352
192,67,31969,43
192,68,16206,19
192,69,29975,4
192,70,8651,28
192,71,23181,190
192,72,38888,200
192,73,6767,2321
192,74,25882,1
192,75,13889,289
192,76,3651,1
192,77,16952,2
192,78,1091,247
192,79,28281,41
192,80,2685,267
192,81,6662,1
192,82,25576,142
192,83,23541,10
192,84,32467,1
192,85,34687,3
192,86,15175,1
192,87,27969,977
192,88,21601,21
192,89,11895,40
192,90,36555,2142
192,91,25503,1
192,92,5636,1
192,93,3691,2
192,94,28223,3
192,95,2450,98
192,96,20192,4
192,97,10967,1
192,98,31069,1
192,99,20042,1
193,0,20950,4
193,1,3821,42
193,2,37584,1
193,3,35476,5657
193,4,38454,7531
193,5,26413,13
193,6,17018,2
193,7,36194,48
193,8,3255,2391
193,9,34342,4
193,10,32145,193
193,11,5667,4662
193,12,13298,6119
193,13,17449,9
193,14,8753,4928
193,15,9778,44
193,16,27652,2
193,17,38828,7185
193,18,38208,3
193,19,13542,6
193,20,35658,6776
193,21,30527,2
193,22,34047,7344
193,23,33936,48
193,24,5754,784
193,25,25623,5811
193,26,23539,114
193,27,35425,6353
193,28,3233,598
193,29,26310,4
193,30,4394,14
193,31,19497,131
193,32,3637,257
193,33,19980,17
193,34,37164,9
193,35,35450,7361
193,36,3286,3998
193,37,22407,7799
193,38,23360,215
193,39,4523,5197
193,40,18982,3
193,41,27653,7414
193,42,35415,7718
193,43,19640,3
193,44,2113,5099
193,45,6074,10
193,46,39449,6142
193,47,6855,260
193,48,3419,10
193,49,18957,4
193,50,30475,7462
193,51,16325,166
193,52,36149,4
193,53,22285,24
193,54,37530,1608
193,55,29103,7637
193,56,31548,3
193,57,9601,2
193,58,22599,1
193,59,36013,5350
193,60,22078,105
193,61,7388,133
193,62,27054,7005
193,63,16280,5
193,64,329,4637
193,65,13647,6
193,66,36340,18
193,67,4765,55
193,68,31714,126
193,69,19385,1
193,70,26124,1
193,71,36473,6837
193,72,26399,2409
193,73,12922,5370
193,74,8678,21
193,75,15396,8
193,76,8546,8
193,77,10021,5
193,78,3958,10
193,79,22858,6625
193,80,32754,2551
193,81,18451,26
193,82,32348,57
193,83,6580,4924
193,84,25399,2453
193,85,11604,1
193,86,27765,2949
193,87,12422,1
193,88,37458,7140
193,89,10113,2
193,90,13950,2
193,91,31649,5692
193,92,20695,10
193,93,7149,7
193,94,3360,52
193,95,36904,7046
193,96,15336,3
193,97,20346,2
193,98,35548,15
193,99,4320,2
194,0,38073,516
194,1,16957,1
194,2,36128,23
194,3,33879,1
194,4,12589,1
194,5,21211,5329
194,6,27189,354
194,7,9307,3
194,8,23124,1
194,9,7662,1
194,10,2023,20
194,11,28280,452
194,12,38415,2
194,13,32799,1
194,14,5353,127
194,15,25312,5468
194,16,21127,44
194,17,39614,6
194,18,4142,6
194,19,22583,26
194,20,36959,283
194,21,31490,5
194,22,23336,81
194,23,38832,5
194,24,31689,2
194,25,34878,749
194,26,21803,15
194,27,35907,848
194,28,31348,2
194,29,26723,198
194,30,4016,1
194,31,6669,4
194,32,20643,4021
194,33,18476,4228
194,34,34230,301
194,35,38467,1
194,36,29593,2
194,37,4202,2
194,38,35651,294
194,39,3924,11
194,40,9968,2
194,41,31148,2
194,42,12297,8
194,43,7323,2
194,44,3978,24
194,45,15370,1
194,46,19363,5
194,47,31550,5
194,48,36254,48
194,49,20366,8
194,50,38782,3
194,51,1958,156
194,52,372,12
194,53,21760,21
194,54,7893,1
194,55,34267,7
194,56,39596,1
194,57,37773,4
194,58,2516,3
194,59,28602,1
194,60,4792,11
194,61,37651,126
194,62,3614,1
194,63,18710,33
194,64,31465,3
194,65,34508,282
194,66,16618,3543
194,67,10025,3
194,68,21543,2
194,69,11156,1
194,70,10056,4
194,71,245,6
194,72,23867,5257
194,73,38104,16
194,74,16642,4873
194,75,3580,2
194,76,33862,8
194,77,34461,2
194,78,28061,49
194,79,35480,1650
194,80,26197,10
194,81,23082,6231
194,82,15679,2
194,83,17464,4360
194,84,39308,41
194,85,4500,4
194,86,29994,37
194,87,19063,5351
194,88,33534,64
194,89,22756,505
194,90,38118,12
194,91,13210,6
194,92,8223,8
194,93,33126,19
194,94,37949,1
194,95,6246,1
194,96,33553,3
194,97,32209,3
194,98,25760,494
194,99,7836,1
195,0,5699,0
195,1,39245,10
195,2,9947,3
195,3,7745,26
195,4,33328,5
195,5,35063,1
195,6,37132,5
195,7,6152,256
195,8,4384,468
195,9,16555,4061
195,10,37514,48
195,11,34076,129
195,12,31259,6129
195,13,39800,2
195,14,19819,5391
195,15,21350,5
195,16,36635,4
195,17,39352,85
195,18,15497,49
195,19,7452,587
195,20,23192,168
195,21,3287,9
195,22,28122,5
195,23,39632,21
195,24,9711,1
195,25,30577,20
195,26,23598,140
195,27,38178,2
195,28,34094,605
195,29,27801,5
195,30,17476,30
195,31,24278,12
195,32,13758,4351
195,33,34743,10
195,34,33992,6
195,35,22912,14
195,36,34157,17
195,37,35721,12
195,38,15789,4167
195,39,4124,5
195,40,38424,959
195,41,15434,4251
195,42,21219,4286
195,43,25978,13
195,44,17905,4
195,45,12271,52
195,46,11509,30
195,47,22102,2
195,48,38643,2076
195,49,32014,2
195,50,6914,9
195,51,33414,574
195,52,25631,3686
195,53,6170,572
195,54,6870,1
195,55,17996,2106
195,56,35697,89
195,57,16265,237
195,58,35877,13
195,59,17739,50
195,60,36004,93
195,61,16662,4460
195,62,12643,5076
195,63,2135,8
195,64,22303,130
195,65,29986,12
195,66,11075,19
195,67,19173,3619
195,68,699,0
195,69,566,1
195,70,27530,4
195,71,13537,2
195,72,11377,3597
195,73,611,11
195,74,39438,789
195,75,8735,39
195,76,38757,46
195,77,23882,4
195,78,34576,1
195,79,30057,884
195,80,12617,4
195,81,34872,40
195,82,22451,125
195,83,503,1
195,84,35887,2116
195,85,21417,4497
195,86,2585,199
195,87,3516,3
195,88,9392,4271
195,89,17326,65
195,90,19161,4360
195,91,19357,3165
195,92,26930,2
195,93,233,54
195,94,13086,1
195,95,4348,167
195,96,28696,3
195,97,1588,2
195,98,30239,827
195,99,32115,56
196,0,3827,10884
196,1,27037,8481
196,2,35392,31
196,3,722,13
196,4,24319,18
196,5,31614,2
196,6,10494,23
196,7,19434,10149
196,8,23387,5
196,9,21021,10459
196,10,22268,12086
196,11,23054,2
196,12,24533,4
196,13,5746,3
196,14,12153,1
196,15,30596,27
196,16,34177,3374
196,17,1691,3
196,18,32274,15418
196,19,4500,6
196,20,34356,2848
196,21,29564,25
196,22,4759,140
196,23,29041,11489
196,24,16172,847
196,25,16368,2790
196,26,21626,10526
196,27,31295,11396
196,28,15117,13
196,29,22250,11894
196,30,8419,12192
196,31,32325,9
196,32,30278,10775
196,33,21485,9897
196,34,3745,12
196,35,36081,1
196,36,16978,29
196,37,612,2
196,38,11068,1
196,39,8770,734
196,40,27995,3
196,41,24158,24
196,42,18534,91
196,43,35606,3
196,44,249,6
196,45,426,10756
196,46,15888,11310
196,47,25808,65
196,48,10583,1
196,49,17547,4
196,50,22168,568
196,51,34341,14414
196,52,31926,14190
196,53,22809,8564
196,54,27167,4
196,55,23940,29
196,56,27147,2
196,57,17780,291
196,58,2681,5
196,59,3424,9969
196,60,39364,67
196,61,13477,1
196,62,10494,2
196,63,13851,8541
196,64,12841,8846
196,65,36434,13
196,66,19709,2
196,67,3152,3
196,68,1885,1
196,69,23966,167
196,70,5840,12400
196,71,29053,11860
196,72,32579,12940
196,73,24091,11317
196,74,37067,8971
196,75,27211,297
196,76,23229,13424
196,77,25581,89
196,78,19854,10291
196,79,13884,1
196,80,35663,1535
196,81,10172,3
196,82,9018,2
196,83,35696,9119
196,84,15138,85
196,85,18709,1
196,86,29184,35
196,87,5780,990
196,88,1381,1744
196,89,33822,196
196,90,29781,47
196,91,6440,7935
196,92,36814,915
196,93,24820,195
196,94,8770,1281
196,95,27562,475
196,96,766,51
196,97,8483,39
196,98,1687,1
196,99,804,11226
197,0,11452,1
197,1,9325,1
197,2,9211,63
197,3,14588,1
197,4,8706,2
197,5,5466,2
197,6,20437,1
197,7,12631,707
197,8,4647,4
197,9,33562,2030
197,10,17760,20
197,11,28849,1
197,12,13729,170
197,13,12746,1
197,14,26619,1
197,15,22986,28
197,16,9685,4
197,17,1430,2617
197,18,3629,2466
197,19,29369,1356
197,20,16941,23
197,21,5008,2230
197,22,9545,1
197,23,26193,2
197,24,34194,1
197,25,12066,30
197,26,23420,1
197,27,29919,1
197,28,21510,2
197,29,23328,1
197,30,21879,0
197,31,9935,3
197,32,23393,3
197,33,34103,157
197,34,3507,1
197,35,20526,98
197,36,21542,2
197,37,32131,38
197,38,31205,55
197,39,8969,1
197,40,16450,1
197,41,8444,83
197,42,27456,1
197,43,14261,49
197,44,14176,0
197,45,37327,144
197,46,8034,2
197,47,20008,21
197,48,12971,1
197,49,29195,56
197,50,33948,1504
197,51,25797,1
197,52,17185,1
197,53,7218,3371
197,54,26145,1
197,55,7669,461
197,56,26897,1
197,57,36272,1134
197,58,36042,143
197,59,32560,1137
197,60,34225,110
197,61,28840,6
197,62,15875,1
197,63,37276,20
197,64,30,1890
197,65,28265,1
197,66,14166,1
197,67,15948,1
197,68,17392,3
197,69,13375,1
197,70,23314,1
197,71,2345,110
197,72,20089,1
197,73,30246,1
197,74,19863,1
197,75,32366,133
197,76,24475,1
197,77,18650,1
197,78,26369,1689
197,79,12109,187
197,80,25731,1
197,81,21962,1
197,82,12143,1
197,83,18735,3
197,84,8070,9
197,85,35626,67
197,86,1775,3
197,87,30233,1
197,88,13590,1
197,89,28392,1
197,90,7175,1
197,91,12586,1
197,92,15520,1
197,93,28278,1
197,94,23906,87
197,95,25664,1
197,96,32262,1
197,97,17862,1
197,98,6166,1
197,99,28731,1
200,0,34329,1
200,1,32541,1
200,2,10666,145
200,3,19833,35
200,4,34572,2
200,5,10667,117
200,6,13914,2
200,7,39519,11
200,8,24778,65
200,9,20242,325
200,10,7883,104
200,11,9884,12
200,12,28612,3
200,13,37395,3
200,14,30019,1
200,15,7452,4
200,16,12562,5216
200,17,644,1
200,18,37695,31
200,19,20328,1
200,20,15640,3
200,21,4044,1
200,22,23905,1
200,23,17649,9
200,24,8259,9
200,25,2811,7
200,26,25156,4
200,27,29437,1
200,28,33395,42
200,29,19268,7
200,30,25904,2
200,31,22763,23
200,32,6387,4832
200,33,31960,1
200,34,10089,55
200,35,21156,1
200,36,35235,1
200,37,13983,12
200,38,18914,1
200,39,9568,4735
200,40,25463,1
200,41,1301,66
200,42,10575,4665
200,43,26578,27
200,44,12312,1
200,45,28032,6
200,46,28120,1
200,47,35314,1
200,48,23784,1
200,49,27785,2
200,50,25641,1
200,51,165,2
200,52,12963,5146
200,53,7742,5167
200,54,15782,4674
200,55,6154,4955
200,56,18849,200
200,57,8099,3
200,58,12476,1
200,59,36323,11
200,60,11511,1
200,61,38577,3
200,62,39315,24
200,63,34846,0
200,64,8893,239
200,65,7404,2012
200,66,37535,84
200,67,10687,207
200,68,27563,2
200,69,17956,2
200,70,3030,4
200,71,38573,443
200,72,22621,26
200,73,1416,16
200,74,8252,6
200,75,4182,5050
200,76,39158,131
200,77,34209,13
200,78,2265,1
200,79,39487,9
200,80,28640,1
200,81,13683,15
200,82,28813,7
200,83,7851,1
200,84,34161,1
200,85,2731,4929
200,86,39546,31
200,87,23591,49
200,88,17513,1
200,89,12100,1
200,90,19359,4
200,91,31024,1
200,92,31640,1
200,93,2301,14
200,94,32965,6
200,95,16322,1
200,96,17693,5
200,97,5999,5266
200,98,12305,8
200,99,25215,6
198,0,28575,110
198,1,22461,7
198,2,11403,100
198,3,12990,1
198,4,19193,0
198,5,264,1
198,6,26961,35
198,7,29391,3998
198,8,24515,1
198,9,3235,1
198,10,27637,1
198,11,11462,1
198,12,2494,1
198,13,28097,1
198,14,23219,1
198,15,2168,1
198,16,3160,3759
198,17,2215,1
198,18,9563,2217
198,19,38411,1
198,20,21890,1
198,21,2323,242
198,22,38834,1
198,23,31088,1
198,24,20128,1
198,25,21322,0
198,26,21685,1
198,27,34048,1
198,28,5978,3650
198,29,23741,2
198,30,21501,1
198,31,37106,57
198,32,400,1
198,33,32599,4455
198,34,574,1
198,35,23543,44
198,36,7850,1
198,37,13926,614
198,38,3497,1
198,39,4723,1
198,40,7437,6
198,41,11939,3828
198,42,4338,2941
198,43,38295,1
198,44,16041,1
198,45,6623,1
198,46,31595,1
198,47,1055,1
198,48,5807,1
198,49,30604,1
198,50,38607,1
198,51,11429,1
198,52,21408,1
198,53,6694,422
198,54,36508,1
198,55,12833,17
198,56,31297,0
198,57,24444,1
198,58,15959,1
198,59,25150,98
198,60,13291,1
198,61,22751,1
198,62,32435,1
198,63,39705,1
198,64,31166,4185
198,65,9126,157
198,66,30796,3970
198,67,17560,99
198,68,7222,1
198,69,5146,3642
198,70,7246,1
198,71,6117,52
198,72,13909,3
198,73,15429,1
198,74,31475,1
198,75,20550,104
198,76,13440,128
198,77,3090,24
198,78,10473,3
198,79,21083,1
198,80,19174,1
198,81,26593,4627
198,82,35473,1
198,83,29619,40
198,84,21979,1
198,85,28522,2
198,86,4004,1
198,87,36874,1
198,88,13315,1
198,89,4683,504
198,90,31344,3805
198,91,34147,4038
198,92,39401,12
198,93,14255,1
198,94,18496,1
198,95,35006,1
198,96,10479,911
198,97,29725,4449
198,98,36378,4522
198,99,28599,1
201,0,1954,5
201,1,11181,39
201,2,24485,10
201,3,33699,40
201,4,15311,8
201,5,24518,0
201,6,23857,3
201,7,32716,11
201,8,2390,96
201,9,29135,21
201,10,3374,1270
201,11,15680,5
201,12,17807,22
201,13,8043,117
201,14,4486,52
201,15,39842,14
201,16,28070,227
201,17,383,9
201,18,9050,1
201,19,1549,4
201,20,1872,32
201,21,15841,29
201,22,25043,2
201,23,18449,21
201,24,22633,1304
201,25,38510,8
201,26,23302,16
201,27,28060,37
201,28,36140,2
201,29,20346,4
201,30,39363,19
201,31,373,139
201,32,3150,27
201,33,8226,8
201,34,9851,2
201,35,5601,518
201,36,39799,11
201,37,5502,1349
201,38,2699,131
201,39,9768,23
201,40,13918,54
201,41,29235,7
201,42,19497,1
201,43,5233,3
201,44,26240,592
201,45,24933,6
201,46,20266,26
201,47,29514,0
201,48,26172,177
201,49,3081,18
201,50,33773,21
201,51,35268,183
201,52,38222,72
201,53,35800,3
201,54,11112,1427
201,55,29883,25
201,56,18598,4
201,57,22943,1
201,58,5837,20
201,59,25460,6
201,60,2724,31
201,61,13939,40
201,62,4696,1
201,63,21919,6
201,64,39731,1
201,65,39235,1
201,66,31992,91
201,67,23483,12
201,68,3071,74
201,69,7366,1
201,70,20503,10
201,71,8217,12
201,72,10132,110
201,73,7571,14
201,74,31048,146
201,75,5688,194
201,76,4052,18
201,77,27279,28
201,78,5132,13
201,79,37711,3
201,80,18709,2
201,81,25472,18
201,82,35585,1
201,83,30890,104
201,84,30741,4
201,85,16000,1
201,86,15784,5
201,87,8044,1
201,88,33370,195
201,89,6670,23
201,90,401,24
201,91,33523,1
201,92,10346,30
201,93,9407,620
201,94,8101,926
201,95,14424,10
201,96,9188,2
201,97,15378,1
201,98,16784,5
201,99,9493,2
202,0,19078,1
202,1,27965,4
202,2,23029,5
202,3,28454,3758
202,4,29446,20
202,5,19317,6
202,6,30380,8
202,7,9476,0
202,8,22258,1
202,9,2456,3
202,10,13252,0
202,11,34645,104
202,12,6572,6763
202,13,23394,1
202,14,1086,22
202,15,19024,2
202,16,25193,9
202,17,1168,6
202,18,14984,5814
202,19,10590,63
202,20,3174,100
202,21,16804,4
202,22,14332,4313
202,23,23345,10
202,24,12216,4
202,25,7765,6826
202,26,25215,1
202,27,32190,1
202,28,24256,2
202,29,20759,5295
202,30,35338,1
202,31,27544,13
202,32,20156,25
202,33,6722,5648
202,34,6917,5358
202,35,8618,5
202,36,26107,5
202,37,27297,3618
202,38,14991,5928
202,39,9169,5764
202,40,4905,56
202,41,32730,3563
202,42,32730,12
202,43,32916,405
202,44,28104,3870
202,45,34229,1
202,46,3828,3
202,47,10561,5980
202,48,15360,5892
202,49,4490,35
202,50,2080,38
202,51,17253,1
202,52,2445,1
202,53,35276,3521
202,54,21475,2
202,55,35047,5
202,56,22998,1
202,57,14764,6319
202,58,25754,3
202,59,18049,1
202,60,25438,1
202,61,4203,1
202,62,24904,55
202,63,24348,15
202,64,30867,16
202,65,20095,3
202,66,8622,10
202,67,28744,1
202,68,36548,1
202,69,2785,2
202,70,4435,9
202,71,11989,13
202,72,7600,3
202,73,32753,2
202,74,2659,5
202,75,33872,3456
202,76,29369,2
202,77,11719,6286
202,78,29236,1
202,79,6685,2
202,80,12152,5494
202,81,33751,4
202,82,18915,4
202,83,1774,6581
202,84,4650,1
202,85,8896,1
202,86,14365,6782
202,87,14685,0
202,88,29447,79
202,89,22961,4162
202,90,24570,1
202,91,18732,6
202,92,34227,5
202,93,35384,2
202,94,39043,6
202,95,23766,3
202,96,27405,8
202,97,27241,1
202,98,6996,29
202,99,13009,60
199,0,36201,1
199,1,4749,3
199,2,25221,311
199,3,26856,77
199,4,3580,1
199,5,17763,1
199,6,552,1
199,7,22589,24
199,8,2127,1
199,9,12128,2
199,10,23129,38
199,11,17258,64
199,12,31689,4015
199,13,35097,3308
199,14,37686,3915
199,15,34558,1
199,16,18668,3
199,17,1953,2
199,18,20918,3
199,19,19632,687
199,20,8123,5
199,21,17767,3
199,22,3620,1
199,23,28240,272
199,24,38150,1
199,25,17021,183
199,26,23479,40
199,27,32672,1
199,28,12372,3
199,29,24819,750
199,30,34960,0
199,31,14716,2668
199,32,33515,3502
199,33,5218,16
199,34,336,2
199,35,7988,23
199,36,12414,5
199,37,9093,1731
199,38,27283,2
199,39,8570,2
199,40,35892,3675
199,41,36225,1
199,42,9612,21
199,43,16951,1
199,44,29969,1
199,45,3525,3
199,46,23741,2
199,47,35256,6
199,48,8195,1
199,49,5900,1902
199,50,10388,22
199,51,2885,1291
199,52,6667,1
199,53,34751,7
199,54,31837,122
199,55,210,12
199,56,27398,14
199,57,2936,1
199,58,9320,1
199,59,14287,25
199,60,8151,1
199,61,38114,4306
199,62,1464,1529
199,63,26778,161
199,64,22003,61
199,65,956,3
199,66,25253,1545
199,67,30356,1
199,68,26377,1
199,69,34556,1
199,70,24719,3213
199,71,19409,12
199,72,1420,14
199,73,21584,143
199,74,14271,1
199,75,22057,60
199,76,18334,5
199,77,32511,4493
199,78,13339,70
199,79,15659,16
199,80,9243,17
199,81,38382,25
199,82,2246,192
199,83,12658,1
199,84,18558,18
199,85,1791,7
199,86,16594,19
199,87,21327,119
199,88,25524,5
199,89,39252,40
199,90,8739,2
199,91,293,1648
199,92,18107,274
199,93,17714,383
199,94,33633,10
199,95,33108,3568
199,96,5623,1
199,97,39104,4352
199,98,857,2434
199,99,16525,108
203,0,26703,7771
203,1,10253,7892
203,2,36848,4
203,3,5967,2
203,4,10185,6
203,5,36816,12
203,6,3971,11
203,7,2673,92
203,8,3518,44
203,9,11349,2
203,10,12391,18
203,11,4088,2
203,12,35768,3
203,13,30395,2
203,14,15553,6
203,15,11414,82
203,16,37054,5
203,17,906,14
203,18,26340,30
203,19,35459,3
203,20,29407,36
203,21,28600,85
203,22,19118,8139
203,23,20497,7634
203,24,30238,6
203,25,7112,35
203,26,23361,1
203,27,30813,9
203,28,27001,50
203,29,21837,27
203,30,8797,3
203,31,5154,41
203,32,13272,7476
203,33,19341,14
203,34,6679,7857
203,35,33063,3
203,36,30671,2
203,37,18816,111
203,38,35128,1
203,39,9369,61
203,40,37008,10
203,41,17016,19
203,42,1653,4
203,43,7923,70
203,44,2032,3
203,45,31130,11
203,46,35974,8
203,47,4761,120
203,48,21396,1
203,49,16138,50
203,50,13861,7601
203,51,8709,185
203,52,27704,8771
203,53,23333,2
203,54,16804,1
203,55,18776,3
203,56,22747,1
203,57,29608,4
203,58,19115,8415
203,59,7186,9
203,60,16651,7909
203,61,23214,30
203,62,30285,14
203,63,11421,12
203,64,21704,8291
203,65,15574,1
203,66,3079,3
203,67,37892,1
203,68,12056,7833
203,69,28547,9
203,70,21908,8182
203,71,25281,7984
203,72,35111,24
203,73,38908,1
203,74,25456,4
203,75,39027,2
203,76,34264,45
203,77,4788,18
203,78,35751,2
203,79,4910,86
203,80,2220,25
203,81,1893,1
203,82,25688,1
203,83,24813,7
203,84,1229,42
203,85,25813,3
203,86,26955,16
203,87,39138,398
203,88,5304,170
203,89,17531,7934
203,90,1964,1
203,91,24878,120
203,92,12933,7
203,93,38842,26
203,94,17828,147
203,95,18220,1
203,96,22549,9
203,97,36620,60
203,98,11475,6990
203,99,936,641
204,0,24831,43
204,1,38045,1
204,2,22293,4323
204,3,38944,8
204,4,4824,20
204,5,29720,75
204,6,17333,1
204,7,19603,13
204,8,22521,9038
204,9,15815,8
204,10,33497,0
204,11,33066,9
204,12,29042,108
204,13,32692,4
204,14,7886,1
204,15,20660,54
204,16,34595,43
204,17,3245,3
204,18,3116,365
204,19,36155,2
204,20,571,40
204,21,14877,16
204,22,39403,3
204,23,9906,3946
204,24,36699,0
204,25,29255,30
204,26,25038,6
204,27,23930,8029
204,28,11673,1
204,29,16286,1
204,30,39741,6
204,31,13201,3
204,32,26144,3947
204,33,6083,2
204,34,16432,23
204,35,6232,3
204,36,13492,22
204,37,23707,9261
204,38,30407,12
204,39,10367,3379
204,40,22931,7331
204,41,22092,4780
204,42,2616,126
204,43,21199,1
204,44,24375,1
204,45,19285,3541
204,46,352,51
204,47,8467,3
204,48,33336,18
204,49,38023,0
204,50,25466,36
204,51,9636,6
204,52,37647,2
204,53,36324,36
204,54,749,72
204,55,24720,3629
204,56,10550,7751
204,57,34771,3
204,58,25919,4053
204,59,32870,1
204,60,20010,3
204,61,20028,2
204,62,28136,7
204,63,19489,8202
204,64,8594,43
204,65,22022,22
204,66,15361,57
204,67,21871,311
204,68,13242,1
204,69,11947,8975
204,70,36571,224
204,71,4444,25
204,72,12664,42
204,73,22388,28
204,74,23084,3869
204,75,17504,13
204,76,18735,124
204,77,2838,1
204,78,21029,1
204,79,25089,8591
204,80,21618,3
204,81,17193,4
204,82,12255,0
204,83,20006,2
204,84,16832,5
204,85,23105,4257
204,86,13555,1
204,87,1402,2
204,88,37293,24
204,89,34027,14
204,90,12584,63
204,91,11961,3816
204,92,22818,12
204,93,23430,46
204,94,13511,2
204,95,5082,3
204,96,34619,187
204,97,3515,3835
204,98,22923,3699
204,99,9625,5
209,0,18941,2
209,1,21805,1815
209,2,27430,21
209,3,2679,7
209,4,1092,4
209,5,30202,3693
209,6,6988,1873
209,7,35855,4296
209,8,4987,826
209,9,8402,41
209,10,2392,4
209,11,25641,3973
209,12,631,1
209,13,39907,10
209,14,13638,1741
209,15,26002,3437
209,16,23167,5721
209,17,39368,4799
209,18,16523,6
209,19,33880,2
209,20,23228,35
209,21,19900,5
209,22,12055,1
209,23,28557,2
209,24,4700,5
209,25,32553,4985
209,26,24011,3174
209,27,10155,1
209,28,13770,4
209,29,38239,3066
209,30,18103,4
209,31,21394,5611
209,32,8258,8
209,33,7136,16
209,34,15438,6
209,35,15148,3
209,36,10259,4
209,37,16215,594
209,38,21033,3867
209,39,37681,1
209,40,25461,1
209,41,24489,0
209,42,30900,8
209,43,8454,85
209,44,33860,2939
209,45,8357,9
209,46,30521,11
209,47,8833,3
209,48,1561,161
209,49,14357,3
209,50,20231,18
209,51,25735,8
209,52,28355,5409
209,53,31606,4776
209,54,14014,857
209,55,27543,5629
209,56,21095,11
209,57,15619,122
209,58,16122,2
209,59,13471,3
209,60,20785,5633
209,61,34285,184
209,62,28122,209
209,63,1356,2
209,64,5174,6
209,65,2472,66
209,66,8684,2
209,67,7327,17
209,68,9000,651
209,69,39775,6313
209,70,1015,1
209,71,9338,6
209,72,22581,7
209,73,19976,5832
209,74,36644,2
209,75,38459,5
209,76,13884,8
209,77,15505,2
209,78,1609,3
209,79,447,42
209,80,17196,203
209,81,761,394
209,82,25875,12
209,83,37960,5792
209,84,18363,1298
209,85,39164,133
209,86,19024,3431
209,87,17529,7
209,88,5632,28
209,89,9703,1
209,90,4695,68
209,91,20606,1611
209,92,8687,3
209,93,9929,42
209,94,1172,753
209,95,9160,7
209,96,27630,3764
209,97,33930,16
209,98,33076,5
209,99,30326,5453
206,0,9580,78
206,1,33469,4942
206,2,34656,4050
206,3,7565,1
206,4,39698,13
206,5,38369,5
206,6,33800,5976
206,7,29561,67
206,8,23650,5135
206,9,38029,6611
206,10,2514,1
206,11,21475,1
206,12,7003,10874
206,13,15044,6153
206,14,18952,3
206,15,32232,6496
206,16,3579,4
206,17,121,1
206,18,20406,98
206,19,26418,26
206,20,28105,3
206,21,31285,11832
206,22,29830,44
206,23,15602,9074
206,24,655,237
206,25,37857,3930
206,26,25097,8
206,27,26683,11
206,28,2534,1
206,29,17777,6
206,30,12822,4870
206,31,17982,30
206,32,36265,3943
206,33,20845,3
206,34,13261,2
206,35,33694,3916
206,36,4363,1
206,37,37021,11128
206,38,22837,292
206,39,9967,59
206,40,6021,1022
206,41,13521,1
206,42,24771,1
206,43,23888,90
206,44,167,1
206,45,25482,11
206,46,12412,4244
206,47,20066,83
206,48,28560,1
206,49,14728,1
206,50,5553,2
206,51,26724,2
206,52,27129,1
206,53,23857,7548
206,54,6441,71
206,55,13613,1
206,56,14699,5507
206,57,1435,8502
206,58,39197,37
206,59,14597,460
206,60,33937,20
206,61,29302,29
206,62,13725,1
206,63,8992,652
206,64,30568,5
206,65,34713,2
206,66,26448,2
206,67,36279,3664
206,68,22226,22
206,69,36775,12
206,70,37976,4
206,71,21508,6
206,72,37642,3866
206,73,13726,2
206,74,17492,3340
206,75,10843,3869
206,76,8947,1
206,77,20348,1
206,78,11647,15
206,79,32288,7016
206,80,5129,1
206,81,37262,3579
206,82,38710,1
206,83,13929,1
206,84,27320,1
206,85,32918,110
206,86,28374,21
206,87,32497,2
206,88,9227,7916
206,89,1240,1236
206,90,17796,251
206,91,39669,4200
206,92,25405,6
206,93,12865,11982
206,94,23238,4235
206,95,8878,1
206,96,4332,1
206,97,24757,1
206,98,17614,4768
206,99,37420,7
210,0,36064,223
210,1,38590,2
210,2,25974,2
210,3,1082,3
210,4,15227,46
210,5,25001,352
210,6,13511,2821
210,7,12616,2824
210,8,24855,11
210,9,21722,4
210,10,12269,137
210,11,8255,5
210,12,29396,4
210,13,15258,330
210,14,10238,103
210,15,1536,18
210,16,16642,325
210,17,36505,0
210,18,22457,11
210,19,2921,2
210,20,24529,13
210,21,17215,8
210,22,37696,1
210,23,33453,7
210,24,30635,1
210,25,1808,30
210,26,22275,21
210,27,10637,23
210,28,1885,9
210,29,2299,2
210,30,17726,6
210,31,8565,2344
210,32,25264,3
210,33,5631,1
210,34,8856,7
210,35,14517,3840
210,36,32918,118
210,37,34363,26
210,38,36972,4
210,39,37082,16
210,40,16448,2378
210,41,27984,3
210,42,7781,1884
210,43,36137,2
210,44,35725,22
210,45,17652,45
210,46,14083,2883
210,47,29879,1
210,48,34396,78
210,49,15766,3458
210,50,28538,1
210,51,11368,82
210,52,32578,171
210,53,31082,9
210,54,24377,3
210,55,32706,47
210,56,29143,6
210,57,3792,1
210,58,36040,13
210,59,9709,6040
210,60,3499,0
210,61,28197,8
210,62,8330,2962
210,63,3785,2600
210,64,36310,1
210,65,23333,2
210,66,25314,1
210,67,12588,3844
210,68,38829,3
210,69,35194,5
210,70,21298,2
210,71,16759,20
210,72,16401,2478
210,73,5158,2305
210,74,8255,1
210,75,26643,10
210,76,39201,33
210,77,39946,2
210,78,25712,0
210,79,9421,36
210,80,10639,4
210,81,9041,1
210,82,9206,127
210,83,8844,6
210,84,32272,11
210,85,35708,27
210,86,21253,16
210,87,24171,4
210,88,1709,3
210,89,25994,660
210,90,28863,0
210,91,2167,2262
210,92,36215,2
210,93,32259,30
210,94,35762,89
210,95,18502,199
210,96,2199,46
210,97,5793,2
210,98,23288,2
210,99,33842,8
205,0,32456,11603
205,1,16685,12
205,2,36111,9179
205,3,12810,115
205,4,25563,1
205,5,3571,185
205,6,27276,8635
205,7,12801,32
205,8,3781,15
205,9,24708,8408
205,10,28989,1
205,11,38862,18
205,12,21886,7868
205,13,3341,570
205,14,22352,9
205,15,16698,9425
205,16,10104,15
205,17,2984,1
205,18,14472,9473
205,19,17376,4
205,20,23156,2
205,21,30321,10046
205,22,4189,1
205,23,7058,3
205,24,14721,429
205,25,28601,2
205,26,23184,0
205,27,26202,8
205,28,14418,170
205,29,17364,1
205,30,16848,3
205,31,30810,1
205,32,22907,8314
205,33,22350,2
205,34,16194,37
205,35,30677,9624
205,36,18056,7
205,37,18874,12130
205,38,10545,41
205,39,14214,85
205,40,11386,1
205,41,10026,2
205,42,7890,9229
205,43,39854,10
205,44,38303,8210
205,45,16186,1
205,46,32498,7939
205,47,39020,13
205,48,35725,6478
205,49,13319,284
205,50,37246,80
205,51,1092,258
205,52,22906,1
205,53,24382,1
205,54,39727,12
205,55,8450,1
205,56,10299,8330
205,57,13262,8228
205,58,19280,9094
205,59,22007,1
205,60,11223,4
205,61,35391,96
205,62,33517,7623
205,63,6562,10
205,64,39431,30
205,65,13852,13
205,66,9818,37
205,67,34667,4
205,68,32397,8
205,69,1356,259
205,70,17693,8803
205,71,14088,14
205,72,174,23
205,73,24895,8939
205,74,5881,101
205,75,22658,1
205,76,23630,14
205,77,35908,10085
205,78,27543,2
205,79,23314,8714
205,80,11686,523
205,81,28983,1
205,82,15379,1
205,83,3045,6
205,84,13412,8
205,85,22,1
205,86,26145,5
205,87,25855,2
205,88,9503,82
205,89,28597,23
205,90,29979,3
205,91,18107,352
205,92,1524,82
205,93,30536,8774
205,94,28648,82
205,95,39536,49
205,96,29763,65
205,97,12894,10244
205,98,27402,1
205,99,33904,8136
207,0,17205,2
207,1,15757,2
207,2,8474,82
207,3,21431,6
207,4,20437,4
207,5,15869,44
207,6,3743,1941
207,7,22758,5
207,8,4909,17
207,9,6922,8
207,10,38006,3032
207,11,27271,5
207,12,39847,1
207,13,25692,5
207,14,33419,2855
207,15,28270,2
207,16,19087,11
207,17,3507,45
207,18,31761,2926
207,19,11287,1
207,20,14338,33
207,21,3081,358
207,22,34616,3295
207,23,12754,7
207,24,18677,3
207,25,33556,9
207,26,23243,5
207,27,25307,25
207,28,5279,50
207,29,18855,0
207,30,26282,6
207,31,35591,3130
207,32,33028,2609
207,33,33464,36
207,34,13023,30
207,35,18139,12
207,36,8928,139
207,37,32188,561
207,38,6622,9
207,39,10167,11
207,40,34476,86
207,41,37807,2962
207,42,33693,22
207,43,2544,1
207,44,10447,4
207,45,22384,1
207,46,8206,25
207,47,14267,2
207,48,30948,3193
207,49,26376,61
207,50,17334,5
207,51,18180,25
207,52,12388,1
207,53,8267,11
207,54,5419,11
207,55,990,1818
207,56,14448,4
207,57,19927,16
207,58,32558,6
207,59,3734,37
207,60,28798,88
207,61,4665,45
207,62,19106,1236
207,63,32416,2
207,64,17757,1
207,65,26544,3
207,66,20905,6
207,67,9075,71
207,68,37734,123
207,69,26185,226
207,70,19098,1
207,71,31152,2973
207,72,25153,6
207,73,16233,22
207,74,288,3
207,75,12349,6
207,76,13841,2
207,77,13417,1
207,78,18162,2
207,79,30513,2
207,80,35197,8
207,81,9051,1
207,82,5482,118
207,83,36968,3715
207,84,23900,2
207,85,9835,2
207,86,965,2112
207,87,16949,53
207,88,21436,1
207,89,35809,1
207,90,35190,3394
207,91,5815,34
207,92,4111,6
207,93,19971,15
207,94,38375,3001
207,95,6980,85
207,96,39475,10
207,97,34136,19
207,98,22093,7
207,99,21699,24
211,0,3690,1708
211,1,17229,1
211,2,39793,1
211,3,14948,1
211,4,35966,7351
211,5,38852,1
211,6,23454,1493
211,7,5813,1
211,8,6115,1
211,9,30616,1
211,10,11408,1
211,11,14050,1
211,12,18592,1
211,13,22258,1
211,14,24705,1
211,15,37574,7519
211,16,32150,7150
211,17,36244,1
211,18,33812,1
211,19,27790,1
211,20,10762,1
211,21,32659,1
211,22,2482,2277
211,23,30605,1
211,24,8657,1
211,25,1155,1
211,26,24070,1
211,27,9260,1
211,28,4631,1
211,29,39730,1
211,30,31185,1
211,31,26175,1
211,32,18379,1
211,33,18250,1
211,34,12266,1
211,35,2610,9
211,36,37482,8387
211,37,29530,1
211,38,17110,1
211,39,37282,9777
211,40,8551,1
211,41,15918,1
211,42,16704,1
211,43,14792,1
211,44,9652,0
211,45,14554,1
211,46,6229,1
211,47,24080,1
211,48,36784,1
211,49,31062,1
211,50,36670,1
211,51,2824,1
211,52,17837,1
211,53,19139,1
211,54,19707,5
211,55,16435,1
211,56,25244,160
211,57,22284,1
211,58,29401,1
211,59,35198,1
211,60,38360,1
211,61,3559,1
211,62,13711,1
211,63,30858,1
211,64,27148,1
211,65,18811,1
211,66,19771,1
211,67,21736,1
211,68,14337,1
211,69,24604,1
211,70,2420,1201
211,71,26403,1
211,72,7559,1
211,73,11313,1
211,74,31051,1
211,75,28150,6
211,76,4095,2081
211,77,29367,1
211,78,32227,1
211,79,7646,1
211,80,708,2479
211,81,17182,1
211,82,12330,1
211,83,31882,1
211,84,25204,1
211,85,8977,3
211,86,33843,10110
211,87,8624,49
211,88,17566,1
211,89,20563,1
211,90,9906,1
211,91,8313,1
211,92,11274,1
211,93,39365,1
211,94,10899,1
211,95,12956,1
211,96,37343,1
211,97,15172,1
211,98,27767,1
211,99,18121,1
208,0,11316,2
208,1,39517,4
208,2,13612,9380
208,3,28814,7806
208,4,16705,160
208,5,12703,8
208,6,37045,8
208,7,2658,1
208,8,27375,24
208,9,39509,1
208,10,6900,1
208,11,19846,7593
208,12,7788,1
208,13,32907,4
208,14,39172,6
208,15,29964,199
208,16,7658,1
208,17,39630,16
208,18,5167,16
208,19,9011,1
208,20,36995,55
208,21,4456,2
208,22,7269,1
208,23,27757,6205
208,24,26679,5016
208,25,36854,8
208,26,22216,1
208,27,11532,11
208,28,7376,87
208,29,808,2
208,30,4644,1
208,31,3784,1
208,32,15142,163
208,33,30869,8810
208,34,12028,1
208,35,27055,30
208,36,2047,13
208,37,21049,5918
208,38,895,6
208,39,37481,28
208,40,37006,2
208,41,204,4
208,42,21978,49
208,43,33447,249
208,44,19932,1645
208,45,11455,9369
208,46,38375,5
208,47,14632,86
208,48,39172,25
208,49,2709,19
208,50,8451,2
208,51,34280,51
208,52,3096,20
208,53,7196,1
208,54,15037,239
208,55,3813,14
208,56,24994,44
208,57,776,2
208,58,22761,11
208,59,24334,6989
208,60,29573,6
208,61,18922,120
208,62,22741,7011
208,63,14283,59
208,64,14337,31
208,65,10642,5
208,66,14227,1350
208,67,34532,38
208,68,29844,3
208,69,10366,5
208,70,19893,3525
208,71,39695,3
208,72,35070,405
208,73,13821,578
208,74,13847,3
208,75,33304,4
208,76,8990,110
208,77,22436,104
208,78,35094,4
208,79,5871,1
208,80,27128,3
208,81,28972,5
208,82,19103,13
208,83,14921,1
208,84,21784,1
208,85,25895,6945
208,86,6434,4
208,87,33076,4
208,88,29775,187
208,89,15133,42
208,90,27300,1
208,91,14460,20
208,92,29980,63
208,93,2823,7
208,94,26036,4
208,95,11058,2
208,96,32487,59
208,97,24551,1010
208,98,28597,58
208,99,6047,5
213,0,9443,33
213,1,27309,4398
213,2,39057,1
213,3,21791,7
213,4,11344,2
213,5,9255,63
213,6,10407,2
213,7,15940,2
213,8,6378,8586
213,9,3975,3156
213,10,31654,19
213,11,12472,12
213,12,4710,4
213,13,35204,7
213,14,31505,4106
213,15,39210,146
213,16,5200,53
213,17,38321,300
213,18,21944,10
213,19,9707,861
213,20,4511,3371
213,21,30733,8
213,22,27553,2
213,23,17166,37
213,24,33140,18
213,25,22645,89
213,26,23893,4
213,27,4649,44
213,28,32047,1
213,29,35257,14
213,30,35588,1
213,31,8183,8
213,32,28014,4
213,33,17611,1
213,34,21781,9
213,35,223,9
213,36,28516,2985
213,37,25939,4
213,38,32526,3
213,39,38480,151
213,40,22929,36
213,41,5280,8
213,42,22941,11
213,43,3075,1
213,44,5923,25
213,45,39610,53
213,46,2753,2812
213,47,18338,2
213,48,11113,4
213,49,24595,1
213,50,20056,5
213,51,35207,1
213,52,13040,22
213,53,20187,1
213,54,38981,564
213,55,6109,2978
213,56,16444,2
213,57,5939,2852
213,58,29565,1
213,59,10019,81
213,60,32932,28
213,61,15737,37
213,62,16943,6
213,63,25999,6
213,64,4875,1
213,65,17090,6724
213,66,26510,546
213,67,18511,2955
213,68,34679,1
213,69,33766,3
213,70,38204,101
213,71,15210,218
213,72,12623,152
213,73,37300,2169
213,74,7828,1
213,75,11781,13
213,76,29813,13
213,77,24134,234
213,78,24020,5
213,79,26050,5
213,80,10174,41
213,81,4272,1
213,82,5670,30
213,83,10115,3
213,84,1034,20
213,85,23186,0
213,86,33033,4
213,87,35340,106
213,88,21765,3
213,89,31629,5
213,90,37920,5845
213,91,1543,3039
213,92,3513,2946
213,93,27410,2
213,94,21719,5403
213,95,34272,8
213,96,4557,3168
213,97,31446,3
213,98,3694,159
213,99,14736,14
214,0,26567,65
214,1,4093,13
214,2,37601,22
214,3,16545,68
214,4,21831,53
214,5,4053,15
214,6,16930,2839
214,7,32700,3
214,8,26246,19
214,9,17295,4074
214,10,1531,31
214,11,31437,61
214,12,29827,110
214,13,10555,3
214,14,28105,10
214,15,18392,37
214,16,38675,5
214,17,39106,2
214,18,27878,1
214,19,18749,70
214,20,9461,13
214,21,31696,0
214,22,13194,2
214,23,25710,3
214,24,22722,4080
214,25,31900,3
214,26,22157,4
214,27,8778,1
214,28,16515,3392
214,29,39317,11
214,30,31562,6
214,31,39003,57
214,32,5021,29
214,33,19755,19
214,34,15200,10
214,35,39593,1
214,36,14823,12
214,37,7734,139
214,38,4818,17
214,39,37881,5
214,40,13916,3482
214,41,8775,8
214,42,39822,5
214,43,27109,13
214,44,7788,0
214,45,5258,1
214,46,22667,14
214,47,39385,1220
214,48,3949,2
214,49,26004,190
214,50,28363,90
214,51,17191,3
214,52,13615,15
214,53,19663,4471
214,54,9344,33
214,55,11272,3
214,56,20844,4
214,57,34111,107
214,58,9483,3
214,59,2608,2
214,60,15646,67
214,61,9648,19
214,62,37151,12
214,63,28428,1
214,64,36011,12
214,65,37950,160
214,66,3140,174
214,67,20123,22
214,68,24508,18
214,69,29185,3
214,70,18488,3836
214,71,22630,2
214,72,10091,4
214,73,22483,34
214,74,19440,16
214,75,39966,5
214,76,18778,1
214,77,8575,4
214,78,8124,204
214,79,38672,11
214,80,3617,5
214,81,12551,6
214,82,29000,1
214,83,20999,12
214,84,14943,38
214,85,16082,4217
214,86,31614,1
214,87,1982,54
214,88,21490,2
214,89,4272,1
214,90,22089,114
214,91,26752,4
214,92,27393,80
214,93,13388,20
214,94,16309,3804
214,95,3614,3
214,96,19126,3667
214,97,3309,1
214,98,33906,2
214,99,18252,154
212,0,1818,1
212,1,5021,1
212,2,25238,1
212,3,7925,1
212,4,26957,1
212,5,31756,1
212,6,36816,1
212,7,22743,1
212,8,25118,1
212,9,35082,1
212,10,32514,1
212,11,6676,1
212,12,11866,1
212,13,24556,1
212,14,17038,1
212,15,6820,1
212,16,29692,1
212,17,38583,1
212,18,10589,1
212,19,24839,1
212,20,21926,1
212,21,18936,1
212,22,22767,1
212,23,20014,1
212,24,18766,1
212,25,23298,1
212,26,22098,1
212,27,6025,1
212,28,25654,1
212,29,37826,1
212,30,22129,1
212,31,30574,1
212,32,34899,1
212,33,4992,1
212,34,18372,1
212,35,12131,1
212,36,23951,1
212,37,34420,1
212,38,8741,1
212,39,38280,1
212,40,34474,1
212,41,20995,1
212,42,14019,1
212,43,24420,1
212,44,31995,1
212,45,2709,1
212,46,10607,1
212,47,24138,1
212,48,8725,1
212,49,12947,1
212,50,11924,1
212,51,3751,1
212,52,27781,1
212,53,32130,1
212,54,3651,1
212,55,22379,1
212,56,16695,1
212,57,27447,1
212,58,36204,1
212,59,20882,1
212,60,1720,1
212,61,374,1
212,62,11562,1
212,63,38926,1
212,64,14038,1
212,65,21611,1
212,66,32053,1
212,67,5715,1
212,68,15523,1
212,69,4356,1
212,70,17083,1
212,71,5566,1
212,72,25113,1
212,73,31145,1
212,74,25032,1
212,75,6627,1
212,76,24919,1
212,77,31065,1
212,78,17505,1
212,79,31473,1
212,80,23753,1
212,81,32482,1
212,82,2545,1
212,83,27076,1
212,84,4455,1
212,85,6269,7071
212,86,20443,1
212,87,10888,1
212,88,9556,1
212,89,33411,1
212,90,16878,1
212,91,39044,1
212,92,24806,1
212,93,23952,1
212,94,6582,1
212,95,39818,1
212,96,9413,1
212,97,22067,1
212,98,39215,1
212,99,30458,1
217,0,39945,2
217,1,32813,3
217,2,10683,3
217,3,902,175
217,4,17949,3464
217,5,28307,114
217,6,10179,29
217,7,36025,14
217,8,4121,1
217,9,3196,13
217,10,17269,20
217,11,35654,26
217,12,5141,1776
217,13,30502,3874
217,14,9372,749
217,15,16066,2
217,16,23585,2402
217,17,922,657
217,18,27365,25
217,19,21887,1
217,20,29443,1
217,21,5213,1
217,22,3051,5
217,23,9423,22
217,24,25227,28
217,25,9088,7
217,26,23775,3644
217,27,2790,2
217,28,6677,7
217,29,32274,2
217,30,13073,0
217,31,38621,6
217,32,7771,6
217,33,31734,287
217,34,28125,31
217,35,25299,1
217,36,6772,3
217,37,39311,2744
217,38,4020,2
217,39,2926,1735
217,40,24045,7
217,41,26071,3
217,42,14982,2945
217,43,34047,58
217,44,17987,3587
217,45,27215,2
217,46,14985,3171
217,47,27844,95
217,48,20666,2
217,49,38481,4472
217,50,23529,6
217,51,1030,7
217,52,34076,3249
217,53,8769,390
217,54,23948,3287
217,55,28323,30
217,56,8145,11
217,57,32610,6
217,58,39360,306
217,59,6566,513
217,60,1432,6
217,61,837,4
217,62,9412,7
217,63,6994,1
217,64,4576,2587
217,65,28060,2
217,66,4336,1975
217,67,26046,3
217,68,20357,3418
217,69,27756,14
217,70,35393,1
217,71,21082,3
217,72,2666,37
217,73,14625,7
217,74,22661,42
217,75,25103,2
217,76,9391,2894
217,77,32763,124
217,78,2783,142
217,79,11653,5
217,80,3151,650
217,81,7782,67
217,82,29112,3503
217,83,22270,32
217,84,23705,10
217,85,7208,1
217,86,3395,13
217,87,13151,31
217,88,1545,1760
217,89,9908,1
217,90,27498,1
217,91,26127,1
217,92,34691,3836
217,93,8539,1
217,94,2266,1
217,95,23032,1430
217,96,21483,1
217,97,28962,1
217,98,14312,1
217,99,39147,2860
218,0,17069,1
218,1,9597,989
218,2,12875,1
218,3,35657,1
218,4,32084,1
218,5,23106,7
218,6,20350,1
218,7,9137,1
218,8,23990,1
218,9,12868,1
218,10,27146,1
218,11,18267,1
218,12,33906,1
218,13,2205,1
218,14,5972,1
218,15,35248,1
218,16,20708,1
218,17,38059,1
218,18,33299,1
218,19,30928,39
218,20,30744,1
218,21,6177,1803
218,22,32340,1
218,23,17966,1
218,24,11162,1
218,25,18343,1
218,26,22039,29
218,27,3272,1
218,28,34793,1
218,29,36335,1
218,30,9047,3524
218,31,25793,1
218,32,21129,1
218,33,33878,1
218,34,21543,1
218,35,24668,1
218,36,33080,1
218,37,21106,1
218,38,16312,1
218,39,38679,1
218,40,15032,1
218,41,29566,1
218,42,31863,1
218,43,21730,1
218,44,19851,4715
218,45,36511,1
218,46,34899,94
218,47,8890,1
218,48,13501,1
218,49,39890,1
218,50,31836,1
218,51,26663,1
218,52,38299,1
218,53,8245,4123
218,54,34311,1
218,55,33486,1
218,56,12545,1
218,57,20783,1
218,58,19278,1
218,59,39156,1
218,60,24145,1
218,61,34748,1
218,62,25972,1
218,63,9424,3885
218,64,35712,1
218,65,8920,1
218,66,20966,1
218,67,31306,1
218,68,10186,1789
218,69,23175,1
218,70,15677,1
218,71,28502,1
218,72,134,1
218,73,39807,400
218,74,34272,1
218,75,16936,1
218,76,34708,16
218,77,17203,5141
218,78,26887,1
218,79,24275,1
218,80,242,1
218,81,16062,197
218,82,12442,4932
218,83,33154,1
218,84,33966,1
218,85,104,1
218,86,5624,4127
218,87,19793,905
218,88,37622,80
218,89,26199,1
218,90,15315,1
218,91,7689,1
218,92,22219,1
218,93,34516,1
218,94,36856,1
218,95,32374,1
218,96,36052,4
218,97,825,130
218,98,4524,1
218,99,39015,1
215,0,34192,1
215,1,22733,1
215,2,11419,15
215,3,34059,3060
215,4,6218,18192
215,5,17904,9700
215,6,26873,31
215,7,25898,10563
215,8,3858,5015
215,9,26188,64
215,10,37023,19
215,11,881,11
215,12,22671,12
215,13,17556,9
215,14,2572,9821
215,15,14430,1
215,16,14183,1
215,17,38845,4813
215,18,39233,115
215,19,39970,704
215,20,35694,19390
215,21,3492,14622
215,22,17980,54
215,23,22862,52
215,24,744,1
215,25,27599,1
215,26,23952,4
215,27,7402,19
215,28,22908,10097
215,29,36748,13917
215,30,8670,13524
215,31,16612,44
215,32,38136,6
215,33,32373,80
215,34,18610,183
215,35,27686,40
215,36,19387,6
215,37,39253,15
215,38,28604,19
215,39,38080,2
215,40,6019,1
215,41,33061,1
215,42,5096,1
215,43,5764,1
215,44,21716,1
215,45,5807,1
215,46,18461,1
215,47,33585,1
215,48,6337,1
215,49,1300,1
215,50,143,1
215,51,12295,1
215,52,2522,1
215,53,7721,1
215,54,4674,1
215,55,38650,1
215,56,16946,1
215,57,8955,1
215,58,2844,1
215,59,31745,1
215,60,6859,1
215,61,25011,1
215,62,2532,1
215,63,11853,1
215,64,26848,1
215,65,29781,1
215,66,37597,1
215,67,32919,1
215,68,15,1
215,69,18594,1
215,70,39609,1
215,71,32274,1
215,72,37602,1
215,73,28638,1
215,74,2236,1
215,75,5120,1
215,76,20025,1
215,77,37996,1
215,78,10991,1
215,79,33249,1
215,80,33685,1
215,81,24341,1
215,82,35772,1
215,83,4037,1
215,84,7875,1
215,85,32999,1
215,86,4205,1
215,87,26435,1
215,88,33699,1
215,89,38842,1
215,90,39484,1
215,91,32898,1
215,92,6100,1
215,93,20494,1
215,94,31446,1
215,95,1716,1
215,96,14269,1
215,97,12688,1
215,98,38385,1
215,99,2531,1
220,0,22822,2795
220,1,16029,205
220,2,12139,51
220,3,2499,3571
220,4,7462,1
220,5,33509,1
220,6,3655,14
220,7,19264,5266
220,8,24252,3837
220,9,29875,1
220,10,7391,2
220,11,13041,1
220,12,16376,275
220,13,15151,4118
220,14,12771,3453
220,15,36884,1
220,16,30110,1
220,17,137,3
220,18,21431,3279
220,19,12846,1
220,20,28141,34
220,21,4250,6
220,22,13763,51
220,23,4527,3
220,24,35645,2347
220,25,39833,4
220,26,21862,31
220,27,38660,1031
220,28,22209,4396
220,29,31862,290
220,30,13450,1
220,31,11450,1
220,32,30765,2286
220,33,33238,412
220,34,31058,5654
220,35,25930,1
220,36,20465,34
220,37,17516,297
220,38,28081,11
220,39,3525,3545
220,40,29410,7
220,41,22577,2470
220,42,38100,91
220,43,10013,1
220,44,16122,478
220,45,21567,65
220,46,31423,4475
220,47,6797,1
220,48,31478,30
220,49,37071,1290
220,50,15222,14
220,51,19046,6736
220,52,29854,22
220,53,9293,33
220,54,13585,91
220,55,23159,2659
220,56,3745,3464
220,57,4437,2
220,58,19443,3
220,59,10329,48
220,60,18718,486
220,61,6925,254
220,62,29204,197
220,63,4564,2
220,64,13439,6
220,65,10847,1
220,66,27705,1
220,67,24433,2
220,68,30528,1
220,69,35985,3
220,70,11461,2
220,71,17310,2
220,72,8846,22
220,73,29442,380
220,74,11050,9
220,75,36919,1
220,76,24074,25
220,77,8323,3031
220,78,18680,27
220,79,2679,130
220,80,9708,1
220,81,3151,2760
220,82,5782,3759
220,83,11386,161
220,84,9796,56
220,85,14313,1613
220,86,4814,2
220,87,6510,37
220,88,5468,1
220,89,33617,2
220,90,3329,1
220,91,918,3
220,92,10810,1
220,93,22562,481
220,94,7676,44
220,95,13690,1045
220,96,3266,1
220,97,17099,1
220,98,20451,4137
220,99,35631,171
216,0,32320,1
216,1,10525,1
216,2,36865,1
216,3,27036,1
216,4,37210,1
216,5,14456,1
216,6,236,1
216,7,39180,1
216,8,26509,1
216,9,34303,1
216,10,21777,1
216,11,29859,1
216,12,15945,1
216,13,19853,1
216,14,34905,1
216,15,23676,1
216,16,11725,1
216,17,37536,1
216,18,16010,1
216,19,666,1
216,20,3210,1
216,21,29769,1
216,22,38265,1
216,23,12271,1
216,24,7206,1
216,25,13389,1
216,26,21980,1
216,27,4167,1
216,28,3932,1
216,29,34844,1
216,30,39613,1
216,31,21012,1
216,32,11008,1
216,33,19115,1
216,34,24715,1
216,35,37206,1
216,36,2208,1
216,37,4144,1
216,38,20235,1
216,39,2726,1
216,40,31942,1
216,41,1786,1
216,42,6059,1
216,43,19040,1
216,44,4059,1
216,45,30314,1
216,46,22839,1
216,47,37291,1
216,48,18278,1
216,49,23185,1
216,50,11749,1
216,51,9575,1
216,52,8817,1
216,53,20712,1
216,54,28618,1
216,55,4593,1
216,56,8396,1
216,57,14118,1
216,58,6000,1
216,59,17429,1
216,60,10219,1
216,61,25474,1
216,62,383,1
216,63,23569,1
216,64,13738,15
216,65,36229,41
216,66,9879,15238
216,67,13250,11359
216,68,4849,15749
216,69,1994,4220
216,70,14272,15019
216,71,11438,38
216,72,15155,14359
216,73,12118,14317
216,74,39865,187
216,75,23597,125
216,76,4496,442
216,77,39694,846
216,78,36269,5
216,79,17076,12664
216,80,16731,33
216,81,39641,120
216,82,22339,4
216,83,39231,13
216,84,27125,8
216,85,30291,6
216,86,30804,1
216,87,28699,79
216,88,25688,7
216,89,15338,137
216,90,10104,11931
216,91,19981,4
216,92,15984,4409
216,93,5081,2
216,94,27129,2150
216,95,24930,76
216,96,26339,40
216,97,19583,3889
216,98,9833,13595
216,99,11220,15460
219,0,24694,1
219,1,28237,1
219,2,26694,1
219,3,9522,1
219,4,12823,1
219,5,36957,1
219,6,30293,1
219,7,5982,1
219,8,5249,1
219,9,25409,1
219,10,22637,1
219,11,24063,1
219,12,23101,1
219,13,12853,1
219,14,20438,1
219,15,27638,1
219,16,36217,1
219,17,37798,1
219,18,4654,1
219,19,15797,1
219,20,16977,1
219,21,17973,1
219,22,33478,1
219,23,15118,1
219,24,29184,1
219,25,14042,1
219,26,23834,1
219,27,5543,1
219,28,1186,1
219,29,33766,1
219,30,22506,1
219,31,3402,1
219,32,17893,4432
219,33,6496,1
219,34,24953,1
219,35,12761,1
219,36,37644,1
219,37,12625,1
219,38,36449,1
219,39,38879,1
219,40,3487,1
219,41,13852,1
219,42,37137,1
219,43,385,1
219,44,33779,1
219,45,33413,1
219,46,27045,1
219,47,3091,1
219,48,15889,4773
219,49,11538,1
219,50,3616,1
219,51,18119,3564
219,52,23558,1
219,53,32654,1
219,54,33289,1
219,55,17216,1
219,56,12295,29
219,57,39274,1
219,58,12639,1
219,59,28292,1
219,60,19006,1
219,61,10111,1
219,62,35001,1
219,63,36496,1
219,64,22901,1
219,65,4399,1
219,66,15423,1
219,67,454,1
219,68,25694,1
219,69,12585,1
219,70,36799,1
219,71,38146,1
219,72,27644,1
219,73,5962,1
219,74,17069,1
219,75,18442,1
219,76,39602,1
219,77,6625,1
219,78,33402,1
219,79,18851,1
219,80,26662,1
219,81,27851,1
219,82,15567,1
219,83,16192,1
219,84,30546,1
219,85,13373,1
219,86,18214,1
219,87,4246,1
219,88,13479,5084
219,89,20768,1
219,90,32709,1
219,91,13835,1
219,92,926,1
219,93,37975,1
219,94,11993,1
219,95,30476,1
219,96,31196,1
219,97,10204,1
219,98,9003,1
219,99,26942,1
225,0,24967,131
225,1,4204,1
225,2,21540,1
225,3,24719,6955
225,4,33178,1
225,5,22482,7262
225,6,726,1
225,7,29576,1
225,8,39793,1
225,9,9869,1
225,10,4357,1
225,11,2070,1
225,12,34983,1
225,13,16180,1
225,14,35333,1
225,15,13682,1
225,16,36622,1
225,17,5045,1
225,18,1578,1
225,19,12866,1
225,20,20517,1
225,21,15429,1
225,22,1679,1
225,23,8342,1
225,24,4214,1
225,25,4467,1
225,26,22594,71
225,27,5965,1
225,28,22159,25
225,29,38806,3
225,30,20623,1
225,31,23000,1
225,32,38042,80
225,33,9317,1
225,34,4264,1
225,35,39702,1
225,36,32988,1
225,37,34789,160
225,38,20718,5916
225,39,25503,6424
225,40,2374,175
225,41,30333,1
225,42,4446,1
225,43,2012,1
225,44,18619,107
225,45,5157,1
225,46,10011,101
225,47,10195,1
225,48,7135,1
225,49,28157,1
225,50,10963,1
225,51,1153,1
225,52,11736,1
225,53,39994,1
225,54,11857,1
225,55,32224,1
225,56,12453,1
225,57,33915,1
225,58,35551,8
225,59,37448,1
225,60,24663,1
225,61,33594,1
225,62,21270,6015
225,63,2482,974
225,64,34287,1
225,65,39645,6857
225,66,18948,1
225,67,39639,17
225,68,790,1
225,69,14956,1
225,70,39992,1
225,71,7095,1
225,72,37683,7697
225,73,35166,1
225,74,29100,1
225,75,16565,1
225,76,37869,1
225,77,39052,1
225,78,12304,1
225,79,31327,1
225,80,20221,1
225,81,10183,1
225,82,5295,1
225,83,27468,7552
225,84,3118,1
225,85,32837,1
225,86,8896,1
225,87,38558,1
225,88,21108,6932
225,89,3638,1
225,90,32459,5659
225,91,10088,1
225,92,8358,1
225,93,8885,1
225,94,15030,1
225,95,19689,1
225,96,34394,1
225,97,474,305
225,98,492,250
225,99,32309,8186
221,0,30448,1
221,1,38317,1
221,2,25958,1
221,3,20013,33
221,4,28201,18
221,5,7360,46
221,6,13598,0
221,7,16109,1
221,8,5512,14
221,9,38769,5074
221,10,2883,2381
221,11,22484,1
221,12,9219,1
221,13,25799,1
221,14,30886,11
221,15,32922,36
221,16,5618,1
221,17,39875,1
221,18,32786,4501
221,19,37714,1
221,20,10726,1
221,21,16046,1
221,22,18549,1
221,23,1679,19
221,24,13667,85
221,25,35532,143
221,26,23657,8
221,27,37284,1
221,28,24955,4641
221,29,29292,1
221,30,30557,3413
221,31,29059,1
221,32,27528,1
221,33,5857,1
221,34,30820,1
221,35,10374,1
221,36,25029,1
221,37,9035,10
221,38,11866,2458
221,39,3724,1
221,40,21513,3
221,41,6862,2285
221,42,3375,1
221,43,28668,1
221,44,30050,1
221,45,18469,1
221,46,27217,13
221,47,37349,37
221,48,33866,1
221,49,8719,23
221,50,27002,1
221,51,10502,7
221,52,15113,1
221,53,33703,1
221,54,12563,1
221,55,6889,2919
221,56,39846,1
221,57,19281,3
221,58,12803,1
221,59,39466,23
221,60,13579,1
221,61,22288,1
221,62,38233,1
221,63,31637,5
221,64,4276,2245
221,65,2677,1
221,66,22162,36
221,67,37229,1
221,68,6035,1
221,69,25394,1
221,70,28935,5249
221,71,30601,2
221,72,36356,2
221,73,31949,109
221,74,33846,1
221,75,2074,2
221,76,28968,2763
221,77,1392,9
221,78,25195,1
221,79,37255,1
221,80,36128,1
221,81,14941,24
221,82,8906,1
221,83,34425,1
221,84,2728,1
221,85,27582,1
221,86,17404,1
221,87,34611,347
221,88,17677,1
221,89,28186,188
221,90,20724,1
221,91,7064,2508
221,92,29517,1
221,93,29668,1
221,94,22813,1
221,95,11792,1
221,96,38409,1
221,97,22830,0
221,98,24930,75
221,99,19910,1
222,0,7571,1
222,1,15101,1
222,2,24502,1
222,3,14768,1
222,4,2336,1
222,5,2159,1
222,6,23770,1
222,7,29222,1
222,8,25381,1
222,9,12089,1
222,10,12760,1
222,11,1450,1
222,12,37984,1
222,13,37502,1
222,14,23838,5971
222,15,12104,1
222,16,39093,1
222,17,661,1
222,18,38720,1
222,19,6756,1
222,20,15676,1
222,21,17010,1
222,22,7838,1
222,23,10223,1
222,24,3249,1
222,25,4787,1
222,26,21921,1
222,27,1413,1
222,28,13071,1
222,29,33353,1
222,30,26532,1
222,31,16231,1
222,32,886,1
222,33,8001,1
222,34,27887,1
222,35,13392,1
222,36,11336,1
222,37,30830,7357
222,38,24158,1
222,39,3126,1
222,40,12500,1
222,41,10357,1
222,42,20256,1
222,43,12702,1
222,44,31914,1
222,45,27765,1
222,46,7131,1
222,47,22044,1
222,48,26702,1
222,49,10128,1
222,50,35309,1
222,51,32486,1
222,52,19335,1
222,53,33179,1
222,54,22926,1
222,55,12052,1
222,56,4247,1
222,57,11102,1
222,58,32721,1
222,59,32055,1
222,60,36292,75
222,61,16200,1
222,62,14793,1
222,63,34067,1
222,64,31765,1
222,65,23538,1
222,66,38792,0
222,67,38842,1
222,68,35865,1
222,69,17166,1
222,70,12867,1
222,71,34374,1
222,72,33824,1
222,73,20780,1
222,74,5457,1
222,75,30258,1
222,76,14285,1
222,77,25832,8517
222,78,9298,1
222,79,9877,1
222,80,33219,1
222,81,19572,1
222,82,32236,1
222,83,5309,1
222,84,16637,1
222,85,20478,1
222,86,15985,1
222,87,37604,1
222,88,17402,1
222,89,4477,1
222,90,8541,1
222,91,32274,1
222,92,13397,1
222,93,11997,1
222,94,17403,1
222,95,21134,1
222,96,16626,1
222,97,38341,1
222,98,15142,1
222,99,23426,9152
223,0,15197,1
223,1,33741,1
223,2,38320,1
223,3,28634,1
223,4,23075,1
223,5,16010,1
223,6,33712,1
223,7,26067,1
223,8,2993,1
223,9,20982,1
223,10,11900,1
223,11,7245,1
223,12,27180,1
223,13,8150,1
223,14,38305,1
223,15,4494,1
223,16,14602,1
223,17,399,1
223,18,10076,1
223,19,31625,1
223,20,1908,1
223,21,32454,1
223,22,8976,1
223,23,7375,1
223,24,21271,1
223,25,4134,1
223,26,23716,1
223,27,37,1
223,28,15816,1
223,29,30783,1
223,30,39991,1
223,31,33840,1
223,32,37649,1
223,33,20620,1
223,34,31297,1
223,35,37837,1
223,36,15901,1
223,37,25997,1
223,38,7943,1
223,39,3325,1
223,40,955,1
223,41,34643,1
223,42,29178,1
223,43,31357,1
223,44,5842,1
223,45,24666,1
223,46,39277,1
223,47,12596,1
223,48,29090,1
223,49,21776,1
223,50,7089,1
223,51,27590,1
223,52,4594,1
223,53,21236,1
223,54,18256,1
223,55,39430,1
223,56,3996,1
223,57,25946,1
223,58,26082,1
223,59,21192,1
223,60,27505,0
223,61,31563,1
223,62,23822,1
223,63,21140,1
223,64,22602,1
223,65,15368,1
223,66,33249,1
223,67,11638,1
223,68,11372,1
223,69,6575,1
223,70,30340,1
223,71,7666,1
223,72,21335,1
223,73,23287,0
223,74,28253,1
223,75,35412,1
223,76,19179,1
223,77,15254,1
223,78,12165,1
223,79,4454,1
223,80,19640,1
223,81,31362,1
223,82,39009,1
223,83,28348,1
223,84,13217,1
223,85,37395,1
223,86,32223,1
223,87,22057,1
223,88,29611,1
223,89,39047,1
223,90,25935,1
223,91,34772,1
223,92,32104,1
223,93,19104,1
223,94,32539,1
223,95,15588,1
223,96,8122,1
223,97,7720,1
223,98,19621,1
223,99,7704,1
224,0,17342,27
224,1,21916,1
224,2,7721,1
224,3,10853,1
224,4,8791,47
224,5,4983,1
224,6,30783,1
224,7,36379,1
224,8,22181,1
224,9,37327,1
224,10,8865,4
224,11,36274,4057
224,12,5788,217
224,13,5531,1
224,14,20867,1
224,15,21292,84
224,16,21114,53
224,17,5307,1
224,18,30223,1
224,19,27997,1
224,20,34284,4226
224,21,39985,1
224,22,36892,3829
224,23,7541,1
224,24,26192,0
224,25,8768,37
224,26,24448,1
224,27,7342,70
224,28,15765,51
224,29,37728,1
224,30,3516,3
224,31,5390,38
224,32,1279,3
224,33,36698,4679
224,34,4502,1
224,35,11609,315
224,36,28423,1
224,37,3270,1677
224,38,36932,1
224,39,21655,24
224,40,13919,412
224,41,6047,245
224,42,35524,4462
224,43,23357,1
224,44,4691,6
224,45,4608,1
224,46,17865,1
224,47,15995,48
224,48,4747,54
224,49,16510,885
224,50,39183,1
224,51,9697,4
224,52,26477,1
224,53,11937,3
224,54,12879,312
224,55,8495,1
224,56,16351,993
224,57,15423,4
224,58,2190,8
224,59,8311,2
224,60,29802,1
224,61,14583,41
224,62,15889,2
224,63,15409,124
224,64,3450,396
224,65,4167,1
224,66,24491,1
224,67,26843,1
224,68,25282,1
224,69,25547,1
224,70,22518,7
224,71,37451,4068
224,72,10172,1
224,73,32659,3639
224,74,6304,10
224,75,11411,3
224,76,32974,0
224,77,9631,40
224,78,5789,205
224,79,36751,1
224,80,30152,1
224,81,38393,1
224,82,38522,1
224,83,4429,382
224,84,10186,4
224,85,15919,451
224,86,36306,4720
224,87,14106,1945
224,88,5251,1120
224,89,9068,3
224,90,15065,6
224,91,3941,1
224,92,29652,1
224,93,5426,3
224,94,39893,4455
224,95,21587,1
224,96,2899,3
224,97,31095,4470
224,98,39661,3985
224,99,4382,1
226,0,2091,183
226,1,20989,3075
226,2,20084,37
226,3,19473,57
226,4,3665,2
226,5,17281,68
226,6,10897,1
226,7,6337,17
226,8,19661,84
226,9,19541,1
226,10,14234,4
226,11,24683,1
226,12,23748,4141
226,13,27883,4
226,14,31933,88
226,15,32864,45
226,16,30097,76
226,17,5830,1
226,18,7512,4
226,19,21907,1
226,20,21818,1398
226,21,16393,3497
226,22,30967,52
226,23,13237,6
226,24,30148,1
226,25,13722,70
226,26,24507,35
226,27,10095,9
226,28,6627,7
226,29,2867,1
226,30,16598,4015
226,31,10171,3424
226,32,11401,324
226,33,7813,1
226,34,1330,3
226,35,39072,1
226,36,19295,2
226,37,16584,3619
226,38,33009,6
226,39,21256,86
226,40,33361,47
226,41,37476,18
226,42,21327,12
226,43,26047,4
226,44,20484,2
226,45,10805,2
226,46,33572,1
226,47,31242,1
226,48,39971,1
226,49,29567,2
226,50,19271,4
226,51,23138,48
226,52,12311,0
226,53,39470,7
226,54,22220,1077
226,55,37388,23
226,56,16853,1
226,57,22087,0
226,58,19117,4
226,59,30038,1
226,60,3729,54
226,61,23857,4
226,62,37830,1
226,63,4911,1
226,64,25424,7
226,65,16858,11
226,66,35578,42
226,67,1252,1
226,68,30619,3
226,69,6727,43
226,70,23924,1
226,71,10867,1
226,72,35151,158
226,73,23996,4104
226,74,712,6
226,75,4750,2
226,76,23185,3081
226,77,23492,20
226,78,36407,1
226,79,3949,20
226,80,13664,1
226,81,18462,23
226,82,28625,34
226,83,38352,8
226,84,17027,1
226,85,25732,6
226,86,11125,35
226,87,5200,1
226,88,17185,3994
226,89,19929,1
226,90,20276,31
226,91,31649,1
226,92,32239,3
226,93,34862,1
226,94,5972,2
226,95,29031,56
226,96,12611,694
226,97,12337,1
226,98,34352,105
226,99,32177,1
227,0,9716,1
227,1,3277,33
227,2,33903,1
227,3,33339,1
227,4,28052,1
227,5,31132,1
227,6,20840,2971
227,7,39534,962
227,8,921,135
227,9,28434,7
227,10,9726,116
227,11,30479,4
227,12,12944,3626
227,13,38531,45
227,14,6400,1
227,15,25254,1
227,16,5605,67
227,17,5568,3
227,18,18867,2786
227,19,6776,1
227,20,8051,1
227,21,28189,1
227,22,35754,1
227,23,10389,1
227,24,8170,23
227,25,13069,1
227,26,22653,3234
227,27,8718,1
227,28,13020,1
227,29,297,69
227,30,30057,11
227,31,27781,1
227,32,8164,50
227,33,20431,3245
227,34,1092,42
227,35,27165,1
227,36,23859,1
227,37,11751,69
227,38,16795,1
227,39,21455,2
227,40,25464,2
227,41,21761,3561
227,42,30250,1
227,43,4702,4
227,44,30764,1
227,45,7706,1
227,46,25719,1
227,47,25443,3131
227,48,2359,1
227,49,1214,124
227,50,31051,20
227,51,18242,3050
227,52,37570,1
227,53,23879,1
227,54,17550,1
227,55,21117,3639
227,56,16602,18
227,57,36931,1
227,58,8830,4
227,59,19175,626
227,60,38589,1
227,61,39220,2
227,62,6859,13
227,63,31984,10
227,64,16261,2895
227,65,12337,2
227,66,30035,1
227,67,14047,1
227,68,9774,1
227,69,36137,6
227,70,1397,19
227,71,24159,23
227,72,22662,8
227,73,26503,1
227,74,23508,1
227,75,9904,2
227,76,28080,6
227,77,16562,2
227,78,39274,1
227,79,38526,933
227,80,3732,1
227,81,30252,1
227,82,35398,1
227,83,21391,4
227,84,13607,3146
227,85,2650,1
227,86,23715,1
227,87,29653,1
227,88,33042,23
227,89,14498,1
227,90,37671,2
227,91,37795,27
227,92,10945,4123
227,93,38320,543
227,94,21109,146
227,95,23485,15
227,96,7755,10
227,97,21716,2
227,98,35183,1
227,99,20104,2
228,0,7844,1
228,1,27420,172
228,2,19348,4663
228,3,26316,10206
228,4,19043,3273
228,5,27684,4
228,6,34203,4
228,7,16464,40
228,8,19924,19
228,9,36548,29
228,10,34480,11167
228,11,19457,54
228,12,6218,1
228,13,829,89
228,14,38733,15
228,15,38148,40
228,16,3147,4307
228,17,4260,12047
228,18,35644,47
228,19,3824,2
228,20,19215,3536
228,21,14466,2
228,22,12390,105
228,23,39798,9
228,24,14632,4849
228,25,35211,3
228,26,24330,2
228,27,5483,118
228,28,34043,61
228,29,34745,3
228,30,21001,3
228,31,35828,18
228,32,21036,3660
228,33,7173,151
228,34,10845,221
228,35,333,2
228,36,6680,7592
228,37,16642,1
228,38,8426,115
228,39,26102,973
228,40,11388,106
228,41,26838,4163
228,42,27565,3883
228,43,14330,23
228,44,16755,7160
228,45,35861,345
228,46,30097,420
228,47,29149,12343
228,48,17948,13
228,49,26748,10984
228,50,2656,327
228,51,15521,6
228,52,7514,3593
228,53,518,161
228,54,1494,4960
228,55,27061,3
228,56,8052,1
228,57,2094,242
228,58,15634,3382
228,59,4859,12339
228,60,1949,4791
228,61,39682,3
228,62,4710,4470
228,63,52,138
228,64,3151,5231
228,65,18785,9762
228,66,2317,37
228,67,38027,376
228,68,10960,5489
228,69,19537,4600
228,70,19708,2
228,71,3322,10806
228,72,3863,2
228,73,9983,93
228,74,17489,4
228,75,28381,2
228,76,12552,5673
228,77,18260,1
228,78,28200,2
228,79,22353,10092
228,80,23130,6589
228,81,5552,11891
228,82,21965,4581
228,83,16584,12224
228,84,32857,155
228,85,39941,2
228,86,6667,10
228,87,31917,9029
228,88,25031,16038
228,89,30995,6
228,90,8291,1811
228,91,28526,9370
228,92,24478,9
228,93,22907,77
228,94,20440,3462
228,95,10347,4382
228,96,19825,3416
228,97,28611,3919
228,98,10279,12865
228,99,28793,67
231,0,219,1
231,1,5132,1
231,2,5529,1
231,3,12450,758
231,4,34656,78
231,5,10185,1
231,6,24260,108
231,7,19619,7
231,8,2312,1
231,9,27655,26
231,10,38988,1
231,11,13661,86
231,12,17023,281
231,13,33828,3733
231,14,24267,1
231,15,2110,1
231,16,27639,6
231,17,4522,2
231,18,24289,1
231,19,18955,9
231,20,32983,5172
231,21,2670,1
231,22,11252,79
231,23,2646,65
231,24,258,1
231,25,39513,2
231,26,22535,6491
231,27,6860,1
231,28,27650,1
231,29,37315,1
231,30,7542,1
231,31,18219,5437
231,32,27921,2
231,33,34555,1
231,34,7435,23
231,35,12240,1
231,36,2116,1
231,37,21475,1
231,38,24640,1
231,39,25902,1
231,40,22933,4770
231,41,2552,3
231,42,18642,1
231,43,39323,5
231,44,2827,1
231,45,38960,1
231,46,37951,1
231,47,34948,2
231,48,15560,1
231,49,15100,1
231,50,30876,1
231,51,24065,3
231,52,22254,68
231,53,12461,1
231,54,2517,1
231,55,3331,2
231,56,8303,1
231,57,27251,1
231,58,22273,1
231,59,15722,1
231,60,7089,1
231,61,24320,4567
231,62,35680,3
231,63,12979,1
231,64,12314,1
231,65,23306,1
231,66,7861,119
231,67,25231,2764
231,68,35453,12
231,69,30128,1
231,70,38586,98
231,71,30031,3088
231,72,16352,3
231,73,7476,1
231,74,34693,2
231,75,23226,4780
231,76,7657,1
231,77,25190,1
231,78,21685,1
231,79,24129,2974
231,80,36709,35
231,81,33762,1
231,82,15192,239
231,83,33546,5697
231,84,36277,2
231,85,23024,1
231,86,34077,1
231,87,7464,1
231,88,9174,8
231,89,36425,1
231,90,30896,0
231,91,22380,3687
231,92,5771,1
231,93,19449,156
231,94,5304,1
231,95,12245,2
231,96,24681,1
231,97,19232,232
231,98,5801,1
231,99,866,1
232,0,38346,33
232,1,32924,63
232,2,30974,2
232,3,5427,4
232,4,29296,2
232,5,6737,8005
232,6,37622,5
232,7,32901,2
232,8,21315,107
232,9,32121,11
232,10,20094,234
232,11,6287,40
232,12,10297,8
232,13,36126,5
232,14,16600,7
232,15,11356,5960
232,16,21532,13
232,17,6861,293
232,18,1065,5
232,19,19652,4474
232,20,499,1
232,21,28947,5
232,22,31536,2
232,23,32055,1
232,24,6719,5348
232,25,25303,37
232,26,24212,200
232,27,39977,251
232,28,12321,8362
232,29,31763,17
232,30,38485,1
232,31,22618,4
232,32,793,7492
232,33,21296,166
232,34,17189,4
232,35,25408,468
232,36,24937,7887
232,37,26366,8630
232,38,16272,2777
232,39,26900,3853
232,40,8856,4761
232,41,7629,901
232,42,19606,3691
232,43,8950,1
232,44,28818,1
232,45,23467,4067
232,46,2329,41
232,47,38654,8
232,48,27500,92
232,49,36986,1
232,50,6129,8607
232,51,24992,8498
232,52,28550,4
232,53,25452,4940
232,54,26461,1670
232,55,9275,4694
232,56,39754,160
232,57,32414,1
232,58,25429,476
232,59,37758,150
232,60,10448,313
232,61,21134,264
232,62,33531,23
232,63,24695,2
232,64,2852,32
232,65,29755,1
232,66,20143,3241
232,67,5562,7748
232,68,36639,1
232,69,13528,3
232,70,13249,1
232,71,9194,5326
232,72,33905,1
232,73,27308,168
232,74,32321,101
232,75,1703,3
232,76,28481,7
232,77,26889,161
232,78,6963,4809
232,79,7956,8580
232,80,19755,8367
232,81,9062,4064
232,82,1759,5259
232,83,28739,1
232,84,15528,7805
232,85,23963,3550
232,86,20676,470
232,87,9728,7623
232,88,1164,5501
232,89,9273,437
232,90,1517,3
232,91,9463,5161
232,92,15656,4144
232,93,4036,91
232,94,987,8746
232,95,35459,1
232,96,36751,3
232,97,26127,499
232,98,20897,4
232,99,13203,1
233,0,5972,1
233,1,15212,2
233,2,4793,1
233,3,19293,10
233,4,10035,116
233,5,20588,524
233,6,7565,1
233,7,29746,6
233,8,38927,2
233,9,1014,32
233,10,19234,1
233,11,12083,1
233,12,39493,79
233,13,3126,1
233,14,31066,1674
233,15,7394,1
233,16,37041,10
233,17,6599,1
233,18,12420,1
233,19,872,1
233,20,26732,1
233,21,743,1
233,22,32675,1
233,23,29207,1
233,24,24741,30
233,25,21002,2502
233,26,26006,2641
233,27,38600,4
233,28,15066,1
233,29,32842,1
233,30,11945,0
233,31,227,12
233,32,33908,2207
233,33,33915,2
233,34,16951,1
233,35,9853,7
233,36,29501,16
233,37,17885,3
233,38,57,1
233,39,27100,3
233,40,959,30
233,41,31915,21
233,42,24880,12
233,43,27606,10
233,44,2746,10
233,45,24016,1
233,46,34475,79
233,47,29207,117
233,48,29889,3137
233,49,8633,9
233,50,17909,0
233,51,16448,378
233,52,13809,3
233,53,13509,1
233,54,21791,1
233,55,33005,1
233,56,39503,1
233,57,7257,5
233,58,18789,1
233,59,26895,2
233,60,1661,1
233,61,145,1
233,62,38912,3570
233,63,8120,1
233,64,33689,2622
233,65,25233,4990
233,66,14600,187
233,67,18358,59
233,68,12147,2
233,69,2937,1
233,70,34371,7
233,71,18838,31
233,72,21416,2736
233,73,33463,2
233,74,15118,1
233,75,6858,1
233,76,33375,245
233,77,16310,27
233,78,13478,0
233,79,2533,1
233,80,6176,151
233,81,17204,1
233,82,8532,3
233,83,11778,1
233,84,8460,26
233,85,37233,68
233,86,33267,3089
233,87,34181,3
233,88,17021,1635
233,89,3843,30
233,90,18911,1
233,91,15609,3
233,92,34362,1
233,93,7495,4
233,94,16124,11
233,95,33561,1
233,96,31895,2526
233,97,35505,376
233,98,21728,1
233,99,37482,499
229,0,15470,224
229,1,9708,4370
229,2,33166,261
229,3,3830,1
229,4,39782,1
229,5,1535,10
229,6,4146,1
229,7,9661,3685
229,8,1184,11
229,9,5441,84
229,10,29972,11
229,11,28900,113
229,12,39062,2
229,13,11477,3841
229,14,13200,127
229,15,30538,1
229,16,15007,1
229,17,3998,1
229,18,6999,0
229,19,28693,118
229,20,5448,4
229,21,26262,55
229,22,17177,3
229,23,36950,2
229,24,32654,384
229,25,34558,65
229,26,26124,1
229,27,4107,3671
229,28,36789,2
229,29,35824,1
229,30,34460,5
229,31,9789,6
229,32,14151,163
229,33,23440,170
229,34,10607,3
229,35,24778,2497
229,36,11244,119
229,37,8161,1
229,38,32211,1
229,39,26301,1
229,40,3491,12
229,41,11124,29
229,42,36487,24
229,43,32985,143
229,44,30683,3
229,45,32763,11
229,46,22243,1
229,47,19701,107
229,48,20336,19
229,49,38395,1
229,50,14436,1
229,51,6977,1
229,52,32773,32
229,53,24928,4
229,54,36824,13
229,55,10790,16
229,56,4154,1
229,57,20586,33
229,58,8994,1
229,59,33996,1
229,60,33162,45
229,61,15045,5361
229,62,10091,5191
229,63,27125,38
229,64,33988,2
229,65,10615,29
229,66,36774,3
229,67,10822,1166
229,68,26468,1
229,69,8947,2
229,70,37181,4
229,71,12966,11
229,72,31374,451
229,73,16138,74
229,74,285,1
229,75,29887,220
229,76,17446,3
229,77,7681,4576
229,78,31067,230
229,79,16930,18
229,80,13198,182
229,81,13693,4361
229,82,28737,312
229,83,39623,1
229,84,25789,2465
229,85,16859,7
229,86,22905,1
229,87,16370,728
229,88,37240,12
229,89,25564,2253
229,90,25685,20
229,91,31024,92
229,92,39536,4
229,93,30014,2
229,94,35577,41
229,95,4801,1
229,96,11321,59
229,97,37990,1
229,98,11110,4251
229,99,13072,271
230,0,32593,1
230,1,26492,18
230,2,31710,1
230,3,38584,90
230,4,13917,1
230,5,36334,1
230,6,10669,40
230,7,26421,1
230,8,21053,5
230,9,18762,21
230,10,39849,407
230,11,7865,7
230,12,24179,161
230,13,23180,1040
230,14,9800,6
230,15,9720,1
230,16,12130,0
230,17,4783,3163
230,18,12933,1
230,19,37734,10
230,20,6750,3
230,21,27226,1
230,22,6465,86
230,23,5494,1
230,24,22236,8
230,25,3814,59
230,26,24389,4
230,27,4589,57
230,28,24904,116
230,29,36236,61
230,30,34082,1235
230,31,609,26
230,32,31158,2
230,33,21936,295
230,34,7673,71
230,35,24147,433
230,36,37552,563
230,37,29956,13
230,38,4503,1
230,39,25702,165
230,40,34478,6
230,41,18266,1
230,42,13368,3026
230,43,20668,9
230,44,32547,49
230,45,2059,2
230,46,2157,260
230,47,4396,1
230,48,9524,1
230,49,39805,1
230,50,22744,43
230,51,32609,1
230,52,36995,1
230,53,24403,4
230,54,7187,3386
230,55,15954,299
230,56,12202,42
230,57,8759,1
230,58,28912,1
230,59,26585,12
230,60,15876,1
230,61,8957,2714
230,62,30299,5
230,63,29555,1
230,64,25125,1
230,65,31476,29
230,66,13404,3913
230,67,12435,20
230,68,16297,1
230,69,4366,3
230,70,21113,131
230,71,20387,2964
230,72,25194,1
230,73,1321,1
230,74,11896,1
230,75,18072,1
230,76,2763,1
230,77,32121,2
230,78,15170,3469
230,79,29552,6
230,80,6641,23
230,81,21972,2714
230,82,12067,2
230,83,10507,1
230,84,39698,1629
230,85,9754,1
230,86,21486,1
230,87,23011,1879
230,88,36965,1082
230,89,1855,3
230,90,13502,1
230,91,16234,1
230,92,27065,10
230,93,12343,11
230,94,30167,1
230,95,14143,2
230,96,29538,1
230,97,9853,1
230,98,4970,9
230,99,16588,3178
234,0,23095,64
234,1,31996,5857
234,2,6985,8868
234,3,17696,4743
234,4,24170,8439
234,5,15386,5722
234,6,14088,12
234,7,2858,6
234,8,22444,1
234,9,14335,2
234,10,29111,26
234,11,34696,4
234,12,28258,20
234,13,18477,3041
234,14,27667,126
234,15,22928,3
234,16,30516,51
234,17,7384,2393
234,18,18355,31
234,19,9914,2
234,20,28033,4575
234,21,1707,24
234,22,21963,3
234,23,37750,8741
234,24,10675,8
234,25,30257,69
234,26,24271,4573
234,27,2730,34
234,28,3182,8418
234,29,33254,16
234,30,7919,11
234,31,27399,5511
234,32,10914,1
234,33,36059,117
234,34,14017,25
234,35,12871,178
234,36,15808,38
234,37,39680,7
234,38,12349,6
234,39,26501,106
234,40,31946,6
234,41,39057,2
234,42,1761,2
234,43,11640,23
234,44,962,3338
234,45,29664,2
234,46,14389,26
234,47,13901,83
234,48,22724,16
234,49,10043,0
234,50,26217,2343
234,51,2081,3
234,52,18032,4999
234,53,12985,2
234,54,32154,5876
234,55,38168,6993
234,56,3903,2
234,57,39078,88
234,58,2355,1343
234,59,23133,4
234,60,24375,1827
234,61,30408,5166
234,62,19120,2
234,63,10550,2958
234,64,21177,4926
234,65,6094,0
234,66,31230,5667
234,67,19970,4
234,68,5624,2
234,69,38356,75
234,70,14655,57
234,71,26258,1
234,72,18884,207
234,73,18645,1
234,74,23081,5270
234,75,35042,187
234,76,22340,7
234,77,750,7742
234,78,37582,8393
234,79,15155,3469
234,80,3267,10
234,81,25483,131
234,82,31862,2
234,83,22662,5104
234,84,22369,4922
234,85,30128,238
234,86,35496,40
234,87,822,7
234,88,13097,4
234,89,20134,83
234,90,3080,4
234,91,37171,5364
234,92,18243,4854
234,93,33472,16
234,94,10714,5
234,95,2903,1
234,96,6464,2
234,97,7369,1
234,98,15588,8383
234,99,998,4
238,0,13597,16
238,1,37500,16
238,2,18611,261
238,3,36807,23
238,4,30774,82
238,5,34439,4
238,6,17508,144
238,7,22943,8
238,8,20187,6409
238,9,9908,11
238,10,14726,22
238,11,17878,834
238,12,32336,6460
238,13,13775,3
238,14,9181,98
238,15,39784,3
238,16,12549,6
238,17,6337,12
238,18,23776,7393
238,19,25741,6346
238,20,12965,3
238,21,12539,22
238,22,37461,1
238,23,30007,2
238,24,2763,96
238,25,16701,1
238,26,24153,7325
238,27,37224,33
238,28,17812,123
238,29,30272,7
238,30,25404,663
238,31,17837,2
238,32,30671,3
238,33,10182,54
238,34,20360,7548
238,35,37946,103
238,36,34065,2
238,37,13052,15
238,38,23842,2
238,39,27299,6549
238,40,29414,92
238,41,19848,10
238,42,33802,2
238,43,6261,1
238,44,13026,19
238,45,20917,1
238,46,26621,6
238,47,23407,1018
238,48,32277,1
238,49,23929,6146
238,50,26042,2
238,51,7904,22
238,52,39068,1
238,53,37919,30
238,54,20769,6202
238,55,16734,174
238,56,35604,10
238,57,25749,6978
238,58,12150,5
238,59,16032,68
238,60,36522,2
238,61,15508,16
238,62,7941,31
238,63,35193,8
238,64,20878,383
238,65,17063,1489
238,66,9056,4
238,67,31154,7025
238,68,31302,6691
238,69,32347,1
238,70,11844,84
238,71,32130,7539
238,72,8927,1
238,73,39618,5
238,74,37914,34
238,75,8364,3
238,76,38270,1
238,77,9379,173
238,78,19993,6141
238,79,757,3
238,80,36244,1
238,81,28993,5692
238,82,15304,765
238,83,34817,1
238,84,5040,41
238,85,14150,3
238,86,5857,1
238,87,18633,20
238,88,32878,10
238,89,38413,6
238,90,36305,19
238,91,21755,5153
238,92,13069,226
238,93,14601,1
238,94,31261,1
238,95,31663,35
238,96,23390,6982
238,97,4884,7
238,98,26206,312
238,99,21761,7103
235,0,30721,2
235,1,10636,467
235,2,17155,28
235,3,31561,5
235,4,4909,340
235,5,29237,1
235,6,27679,3
235,7,39703,2
235,8,56,1
235,9,23228,1
235,10,24603,339
235,11,491,4
235,12,21101,16
235,13,29126,29
235,14,2133,1
235,15,18966,58
235,16,6024,3080
235,17,7123,44
235,18,29710,12
235,19,34783,10
235,20,14266,2
235,21,13503,1
235,22,26750,2055
235,23,34903,199
235,24,28697,1
235,25,25956,1503
235,26,26065,1
235,27,1353,1
235,28,5928,2
235,29,34333,3
235,30,25026,38
235,31,5008,1767
235,32,4030,146
235,33,8678,15
235,34,13779,224
235,35,37316,36
235,36,20373,7
235,37,34847,0
235,38,36134,1
235,39,26700,1
235,40,20401,4
235,41,23343,2003
235,42,10683,8
235,43,30295,17
235,44,14890,351
235,45,26565,12
235,46,10183,834
235,47,4454,11
235,48,25112,183
235,49,25338,1101
235,50,34349,78
235,51,33537,250
235,52,3291,1800
235,53,1042,209
235,54,31131,90
235,55,21897,3
235,56,4,4
235,57,13922,48
235,58,32068,3
235,59,12269,442
235,60,19236,2
235,61,5771,144
235,62,24501,2
235,63,37623,12
235,64,12015,2384
235,65,37924,1
235,66,25687,7
235,67,32766,413
235,68,21131,1502
235,69,27766,485
235,70,35776,3
235,71,35902,116
235,72,6395,490
235,73,24800,2
235,74,9525,2
235,75,36548,190
235,76,27235,2
235,77,33819,29
235,78,4096,3746
235,79,9731,1
235,80,29687,24
235,81,37272,4
235,82,38634,17
235,83,5701,316
235,84,18948,177
235,85,7046,1582
235,86,8086,83
235,87,25275,1
235,88,28955,6
235,89,14704,844
235,90,24122,17
235,91,3317,7
235,92,36949,70
235,93,578,4
235,94,25850,1
235,95,1005,42
235,96,1608,120
235,97,16748,340
235,98,16419,2
235,99,25277,9
236,0,28849,322
236,1,38428,2409
236,2,6249,347
236,3,24538,2
236,4,35900,3257
236,5,25789,1
236,6,1042,6
236,7,12985,76
236,8,19059,4228
236,9,27694,172
236,10,9357,4
236,11,29469,51
236,12,14376,2
236,13,31423,4481
236,14,38114,2757
236,15,28212,60
236,16,3566,56
236,17,5814,1
236,18,6486,419
236,19,35479,41
236,20,25430,2530
236,21,39780,89
236,22,7034,207
236,23,24311,2
236,24,35159,2886
236,25,11746,31
236,26,24094,410
236,27,38118,7
236,28,26951,7
236,29,28781,2
236,30,15970,1
236,31,13056,1450
236,32,20550,3
236,33,35420,1808
236,34,23532,161
236,35,10484,11
236,36,3194,22
236,37,39738,2718
236,38,27765,54
236,39,31347,1065
236,40,9972,7
236,41,28420,4442
236,42,7998,1
236,43,39923,2737
236,44,881,176
236,45,14720,28
236,46,14561,1
236,47,8160,6
236,48,37053,3530
236,49,7224,4
236,50,9602,1
236,51,30816,33
236,52,9586,0
236,53,14034,117
236,54,15076,25
236,55,27841,5053
236,56,31455,1648
236,57,19085,164
236,58,38872,40
236,59,34306,2266
236,60,18948,39
236,61,6234,1485
236,62,22352,5
236,63,5691,52
236,64,2553,1281
236,65,4372,2
236,66,37969,121
236,67,16745,3
236,68,22317,16
236,69,7518,56
236,70,10439,96
236,71,15066,63
236,72,23948,6
236,73,8280,1511
236,74,3506,207
236,75,15025,496
236,76,8058,2
236,77,35517,2970
236,78,29374,8
236,79,33559,24
236,80,12733,11
236,81,12572,4
236,82,25201,5
236,83,894,1735
236,84,34551,2641
236,85,4337,593
236,86,34686,2774
236,87,27539,81
236,88,20944,5
236,89,27552,28
236,90,34742,2353
236,91,30400,1
236,92,10482,4
236,93,25165,6
236,94,21534,22
236,95,24219,0
236,96,13678,3
236,97,23642,767
236,98,31515,45
236,99,33966,5
237,0,36474,4913
237,1,20716,16
237,2,16419,158
237,3,38404,105
237,4,20287,30
237,5,39640,5136
237,6,10985,15
237,7,9831,2
237,8,318,3635
237,9,36587,8
237,10,4848,72
237,11,35265,4556
237,12,3571,18
237,13,38424,72
237,14,12581,4
237,15,20602,65
237,16,19074,12
237,17,5552,1
237,18,17842,66
237,19,16700,5
237,20,11663,2
237,21,15224,39
237,22,11821,13
237,23,21464,3
237,24,13180,9
237,25,7445,38
237,26,25888,9
237,27,36742,43
237,28,33344,2
237,29,29860,4488
237,30,29429,4969
237,31,30665,3844
237,32,13665,30
237,33,8038,22
237,34,23294,2
237,35,34929,51
237,36,7758,1
237,37,31257,3
237,38,11551,7
237,39,31546,2
237,40,38427,25
237,41,12706,4058
237,42,16921,53
237,43,18578,2827
237,44,14809,3
237,45,11621,68
237,46,6707,3590
237,47,2360,15
237,48,39441,4802
237,49,22519,1
237,50,17734,1
237,51,22272,2
237,52,34845,4052
237,53,38443,4176
237,54,10406,1
237,55,11571,3
237,56,31204,25
237,57,37577,27
237,58,32233,4880
237,59,23443,56
237,60,13808,294
237,61,21597,3137
237,62,31381,29
237,63,32763,1
237,64,29742,1
237,65,36203,4
237,66,32426,20
237,67,29541,2
237,68,1473,4057
237,69,36928,63
237,70,31560,3
237,71,28358,5
237,72,15107,112
237,73,10787,1
237,74,26302,29
237,75,20180,2508
237,76,12953,15
237,77,24939,7
237,78,32241,3
237,79,31783,10
237,80,39153,4
237,81,24362,2510
237,82,31974,2
237,83,23933,4
237,84,31131,3
237,85,21255,2
237,86,7276,3482
237,87,11992,4
237,88,33153,1
237,89,25769,2685
237,90,12137,13
237,91,36546,1
237,92,29188,98
237,93,28623,2
237,94,36671,4183
237,95,22321,3
237,96,8821,4
237,97,33021,198
237,98,32346,1
237,99,21893,3
239,0,21223,3
239,1,16140,1
239,2,32430,6
239,3,10673,1
239,4,15161,1980
239,5,8290,1
239,6,27451,36
239,7,19788,6
239,8,1447,242
239,9,18801,2
239,10,10217,468
239,11,23674,3
239,12,21532,108
239,13,20775,1
239,14,23648,47
239,15,35822,1
239,16,28057,55
239,17,6076,0
239,18,35131,3221
239,19,10610,34
239,20,39197,1
239,21,27984,5
239,22,2248,2
239,23,27159,6
239,24,17137,12
239,25,16048,1
239,26,25947,181
239,27,39495,1
239,28,24205,0
239,29,31351,1
239,30,38863,409
239,31,35446,542
239,32,23786,2
239,33,22801,10
239,34,20122,57
239,35,22391,7
239,36,38629,7
239,37,4571,4
239,38,3980,8
239,39,27499,41
239,40,17869,1
239,41,4134,48
239,42,2724,1
239,43,24916,43
239,44,26953,109
239,45,17819,19
239,46,18767,405
239,47,13959,2210
239,48,34665,701
239,49,35576,82
239,50,37822,2
239,51,39360,3335
239,52,24327,80
239,53,25976,8
239,54,16098,1
239,55,4112,5
239,56,35353,2930
239,57,4241,493
239,58,5511,7
239,59,5169,1
239,60,27735,3474
239,61,30871,2
239,62,13322,42
239,63,22266,176
239,64,11715,0
239,65,8894,1
239,66,3513,15
239,67,3949,99
239,68,6810,18
239,69,21756,2084
239,70,32965,2944
239,71,1774,2
239,72,36437,7
239,73,2125,300
239,74,20710,1
239,75,13519,11
239,76,3164,5
239,77,2448,2
239,78,22860,2
239,79,38982,8
239,80,22664,15
239,81,783,3
239,82,18429,24
239,83,17856,20
239,84,1619,97
239,85,31068,2
239,86,18447,2
239,87,3086,1
239,88,5087,1
239,89,32982,27
239,90,13700,1
239,91,24254,11
239,92,31775,28
239,93,18059,18
239,94,6397,2
239,95,26117,8
239,96,18534,2
239,97,14263,1
239,98,27037,20
239,99,9687,0
241,0,22959,5225
241,1,22189,5103
241,2,7738,35
241,3,31922,4683
241,4,35816,36
241,5,22624,2217
241,6,30696,41
241,7,32885,31
241,8,1524,21
241,9,20281,61
241,10,18251,6
241,11,25692,2
241,12,22317,6550
241,13,38638,18
241,14,219,7
241,15,29906,10
241,16,32137,6106
241,17,1937,2
241,18,19893,331
241,19,33204,1434
241,20,8087,2
241,21,1154,22
241,22,19687,289
241,23,39315,1027
241,24,3160,90
241,25,15045,24
241,26,23066,15
241,27,20695,14
241,28,32696,93
241,29,10734,1
241,30,30685,48
241,31,21248,61
241,32,39015,69
241,33,32825,14
241,34,22538,2
241,35,19400,10
241,36,39961,2
241,37,28598,5120
241,38,22039,2404
241,39,15013,1
241,40,12502,60
241,41,30817,1569
241,42,39931,9
241,43,30826,2
241,44,10366,8883
241,45,3792,77
241,46,4730,14
241,47,8525,1
241,48,5277,4
241,49,23557,37
241,50,719,92
241,51,10563,2247
241,52,3943,39
241,53,9315,1
241,54,24693,3
241,55,30664,25
241,56,2000,2
241,57,39934,394
241,58,29075,25
241,59,14907,34
241,60,23370,5145
241,61,20491,3
241,62,25986,1
241,63,27557,6260
241,64,39132,6
241,65,28470,4
241,66,27644,4
241,67,2202,207
241,68,18076,19
241,69,35347,5197
241,70,14882,1
241,71,19960,6511
241,72,33865,122
241,73,5868,0
241,74,17065,24
241,75,35980,282
241,76,3207,207
241,77,4536,18
241,78,6307,1
241,79,8917,62
241,80,4663,1
241,81,32493,24
241,82,38822,1
241,83,15200,5
241,84,36082,234
241,85,24045,4
241,86,155,16
241,87,3666,1
241,88,29283,3
241,89,6875,1
241,90,23205,1567
241,91,39044,23
241,92,36350,226
241,93,8017,279
241,94,9195,213
241,95,28296,11
241,96,6689,15
241,97,10410,15
241,98,38020,25
241,99,18315,717
240,0,15333,19
240,1,3549,13
240,2,33919,223
240,3,14408,1506
240,4,11429,450
240,5,8772,1
240,6,17105,3
240,7,36040,2
240,8,23912,1
240,9,11388,6
240,10,19112,2
240,11,16249,75
240,12,33121,4953
240,13,27990,112
240,14,25752,50
240,15,37516,24
240,16,16629,983
240,17,2198,9
240,18,8537,2
240,19,8335,4
240,20,21854,3
240,21,29358,4737
240,22,14900,4
240,23,2163,4
240,24,25138,9
240,25,19346,16
240,26,24920,2
240,27,22072,1
240,28,26302,2
240,29,13304,1
240,30,17225,1647
240,31,3639,9
240,32,5900,7
240,33,20206,1
240,34,19128,10
240,35,31307,10
240,36,35396,4394
240,37,37079,5
240,38,38253,1
240,39,14813,765
240,40,20399,51
240,41,2883,8
240,42,31009,55
240,43,12171,5
240,44,36438,12
240,45,6890,1
240,46,12584,12
240,47,17973,529
240,48,2889,12
240,49,11909,3
240,50,28939,4722
240,51,19107,2
240,52,18684,2
240,53,24906,3
240,54,29364,4447
240,55,6934,12
240,56,5899,18
240,57,25090,2
240,58,35714,2
240,59,29418,8
240,60,28510,2
240,61,5128,3
240,62,16957,20
240,63,4132,1
240,64,8295,1
240,65,32992,4347
240,66,33187,3
240,67,29406,27
240,68,38920,2
240,69,5937,2
240,70,33761,5158
240,71,10316,8
240,72,6354,8
240,73,39713,1
240,74,34269,41
240,75,30826,13
240,76,38313,18
240,77,11467,70
240,78,3440,4
240,79,10692,8
240,80,18243,4
240,81,24351,2
240,82,32049,1
240,83,32161,3752
240,84,39503,22
240,85,7127,9
240,86,27564,4290
240,87,19213,9
240,88,13426,292
240,89,12306,1
240,90,5810,25
240,91,32898,28
240,92,17644,8
240,93,4559,2
240,94,34058,9
240,95,30194,5061
240,96,11545,5
240,97,1031,12
240,98,37189,4473
240,99,30388,4420
242,0,82,1
242,1,38973,1
242,2,9930,1
242,3,26676,1
242,4,6303,1
242,5,21070,1
242,6,37219,1
242,7,5998,1
242,8,21393,1
242,9,33601,1
242,10,28128,1
242,11,4658,1
242,12,11082,1
242,13,10341,1
242,14,36819,1
242,15,9088,1
242,16,25612,1
242,17,2722,1
242,18,25827,1
242,19,2245,1
242,20,9389,1
242,21,2118,1
242,22,5327,1
242,23,7858,1
242,24,32743,1
242,25,24300,1
242,26,24979,1
242,27,24825,1
242,28,17163,1
242,29,14795,1
242,30,30307,1
242,31,8420,1
242,32,16022,1
242,33,34968,1
242,34,15956,1
242,35,18770,1
242,36,22620,1
242,37,10393,1
242,38,34330,1
242,39,14414,1
242,40,3489,1
242,41,34312,1
242,42,16812,1
242,43,14861,1
242,44,12231,1
242,45,13088,1
242,46,24644,1
242,47,33220,1
242,48,38113,1
242,49,24966,1
242,50,9026,1
242,51,32548,1
242,52,8165,1
242,53,8791,1
242,54,35056,1
242,55,35827,1
242,56,10048,1
242,57,28106,1
242,58,12641,1
242,59,11144,1
242,60,6084,1
242,61,10754,1
242,62,2546,1
242,63,29987,1
242,64,30269,1
242,65,5683,1
242,66,4274,1
242,67,3814,1
242,68,7905,1
242,69,30766,1
242,70,35166,1
242,71,27380,1
242,72,31333,1
242,73,31050,1
242,74,28677,1
242,75,24165,1
242,76,28524,1
242,77,28977,1
242,78,34058,1
242,79,17891,1
242,80,1754,1
242,81,772,1
242,82,22152,1
242,83,26084,1
242,84,9991,1
242,85,16940,1
242,86,38736,1
242,87,10308,1
242,88,25360,1
242,89,23166,1
242,90,11021,1
242,91,24254,1
242,92,20231,1
242,93,33994,1
242,94,3785,1
242,95,37638,1
242,96,21258,1
242,97,22273,1
242,98,28232,1
242,99,21831,1
243,0,7708,31
243,1,21261,218
243,2,23749,38
243,3,542,17
243,4,30690,2
243,5,34921,3
243,6,7162,14
243,7,2843,1
243,8,2653,1905
243,9,2495,92
243,10,23620,3
243,11,10453,5
243,12,277,299
243,13,20989,14
243,14,11286,46
243,15,5126,311
243,16,1120,123
243,17,2460,1562
243,18,37182,30
243,19,27114,2
243,20,35622,2624
243,21,17562,3
243,22,10114,5
243,23,5011,3
243,24,10764,48
243,25,19999,10
243,26,23125,5
243,27,23448,2
243,28,23557,3
243,29,12225,1179
243,30,3766,2
243,31,26029,18
243,32,12785,2
243,33,7587,3
243,34,19366,3
243,35,6862,1766
243,36,27184,0
243,37,1912,89
243,38,18116,52
243,39,14614,35
243,40,31944,5
243,41,18597,2
243,42,25734,4
243,43,33516,10
243,44,22511,6
243,45,9989,21
243,46,16790,1
243,47,23772,0
243,48,501,17
243,49,36614,2349
243,50,20807,1
243,51,24004,2
243,52,33424,1
243,53,36848,2703
243,54,30386,1
243,55,19557,10
243,56,6150,4
243,57,6598,6
243,58,2353,14
243,59,281,9
243,60,37297,38
243,61,26117,2
243,62,7927,7
243,63,17060,100
243,64,17458,9
243,65,1161,72
243,66,38731,71
243,67,16610,26
243,68,23413,19
243,69,20175,7
243,70,16287,15
243,71,37024,2580
243,72,18844,15
243,73,33557,33
243,74,11473,130
243,75,29319,1
243,76,33418,3242
243,77,22046,24
243,78,36925,2
243,79,16115,33
243,80,28175,1
243,81,12562,3
243,82,28925,1
243,83,9123,33
243,84,2923,69
243,85,30209,35
243,86,11326,8
243,87,34760,6
243,88,1217,12
243,89,17736,92
243,90,28416,2792
243,91,30400,2
243,92,38937,134
243,93,37452,2688
243,94,18921,38
243,95,35740,108
243,96,16402,4
243,97,31652,32
243,98,32711,2
243,99,6109,76
244,0,5835,1
244,1,9053,1
244,2,9194,1
244,3,33519,1
244,4,21681,4900
244,5,27825,1
244,6,20525,1
244,7,16125,1
244,8,21656,8
244,9,10609,1
244,10,8374,1
244,11,3079,1
244,12,37200,1
244,13,23287,4880
244,14,7267,1
244,15,14372,1
244,16,38662,5120
244,17,4800,1
244,18,13959,1
244,19,24162,1
244,20,6786,1
244,21,3839,1
244,22,30398,630
244,23,34419,1
244,24,17226,1
244,25,5790,1
244,26,24802,1
244,27,16565,1
244,28,4580,1
244,29,10322,250
244,30,34710,64
244,31,34077,1
244,32,25657,1
244,33,34329,1
244,34,25471,3
244,35,16383,1
244,36,13653,1
244,37,6803,3
244,38,9747,106
244,39,15612,55
244,40,17867,1
244,41,23674,1
244,42,23049,39
244,43,6792,1
244,44,8502,1
244,45,38144,1
244,46,24816,3
244,47,27478,3
244,48,12442,17
244,49,22147,1
244,50,32412,1
244,51,24931,1
244,52,39720,4
244,53,9840,1
244,54,14331,1
244,55,25500,5
244,56,37600,20
244,57,11761,1
244,58,9157,1
244,59,22317,5
244,60,657,1
244,61,26580,1
244,62,5778,1
244,63,25127,6277
244,64,7996,1
244,65,7610,1
244,66,11013,1
244,67,589,1
244,68,28247,1
244,69,3575,2
244,70,30950,1
244,71,16188,1
244,72,36397,1
244,73,17037,71
244,74,9102,1
244,75,7796,1
244,76,17890,1
244,77,20096,5616
244,78,22203,17
244,79,36295,5790
244,80,11220,1
244,81,27862,1
244,82,15491,1
244,83,4316,1
244,84,22174,1
244,85,31149,1
244,86,37926,1
244,87,37024,6
244,88,33206,1
244,89,30584,17
244,90,39036,1
244,91,17483,5722
244,92,8822,1
244,93,22040,1
244,94,14605,1
244,95,18954,1
244,96,28472,24
244,97,38547,1
244,98,7807,1
244,99,14799,1
245,0,13461,1
245,1,27693,1
245,2,23012,1
245,3,7385,12972
245,4,2420,1
245,5,1676,1
245,6,34115,1
245,7,12970,1
245,8,2915,70
245,9,19502,1
245,10,3866,1
245,11,8875,14942
245,12,26395,1
245,13,30287,1
245,14,21734,1
245,15,6762,1
245,16,14170,1
245,17,4538,1
245,18,25314,1
245,19,9031,1
245,20,29371,1
245,21,15635,1
245,22,35185,1
245,23,31572,1
245,24,35248,1
245,25,1488,1
245,26,22948,1
245,27,18837,1
245,28,7326,1
245,29,7752,12780
245,30,8169,2
245,31,11686,13942
245,32,18772,1
245,33,6948,1
245,34,28881,1
245,35,4476,5
245,36,18217,1
245,37,1970,1
245,38,29884,1
245,39,15811,1
245,40,9970,2179
245,41,11608,12528
245,42,31972,1
245,43,25447,1
245,44,22429,1
245,45,35045,1
245,46,16962,1
245,47,18031,1
245,48,18478,1
245,49,33795,1
245,50,4192,1
245,51,16387,1
245,52,24979,1
245,53,37897,1
245,54,9660,8167
245,55,9230,12336
245,56,33701,1
245,57,30253,833
245,58,2518,1
245,59,11454,1
245,60,31870,1
245,61,1943,1
245,62,14807,1
245,63,12200,3
245,64,35185,1
245,65,39440,1
245,66,5470,13813
245,67,13385,1
245,68,3754,1
245,69,29337,1
245,70,12071,12204
245,71,29480,1
245,72,23907,8599
245,73,23192,1
245,74,31898,1
245,75,9303,1
245,76,22784,1
245,77,13165,11796
245,78,28718,1
245,79,34519,1
245,80,37641,1
245,81,39651,1
245,82,18616,1
245,83,27355,1
245,84,18753,1
245,85,4419,1
245,86,10516,1
245,87,21477,1
245,88,5415,6719
245,89,25154,1
245,90,16430,1
245,91,23629,15401
245,92,27528,1
245,93,29146,1
245,94,29742,10
245,95,17056,13945
245,96,23615,1
245,97,7926,1
245,98,8638,1
245,99,2725,1
247,0,38210,1729
247,1,26765,129
247,2,35375,16
247,3,19653,0
247,4,942,35
247,5,13974,5897
247,6,10582,5356
247,7,22928,737
247,8,4044,2
247,9,1715,2
247,10,9234,121
247,11,37284,4
247,12,4356,6644
247,13,12639,14
247,14,29152,2863
247,15,18334,5638
247,16,23153,8071
247,17,1413,6
247,18,2603,72
247,19,39293,7
247,20,20553,4
247,21,28395,17
247,22,25612,2
247,23,37267,21
247,24,39204,120
247,25,10091,2480
247,26,23007,2
247,27,17942,9061
247,28,1835,1
247,29,9243,2
247,30,21251,4
247,31,16467,7
247,32,28894,319
247,33,21710,6041
247,34,25709,27
247,35,31938,3
247,36,9089,478
247,37,15284,10
247,38,25962,106
247,39,15412,3
247,40,29412,5
247,41,39388,556
247,42,14127,9110
247,43,28137,2233
247,44,34574,657
247,45,1242,1345
247,46,29022,4
247,47,33278,3029
247,48,10053,1743
247,49,10500,3138
247,50,20632,66
247,51,33475,161
247,52,14461,16
247,53,25430,7
247,54,19001,16
247,55,1771,26
247,56,37851,314
247,57,33269,81
247,58,15796,17
247,59,33180,359
247,60,9444,1062
247,61,11217,6
247,62,396,98
247,63,1703,3
247,64,17159,4255
247,65,12131,44
247,66,16557,4
247,67,27793,2
247,68,9091,1589
247,69,14166,5308
247,70,13477,2
247,71,6544,7054
247,72,8886,2437
247,73,14530,6234
247,74,26306,2471
247,75,2642,197
247,76,12996,4767
247,77,30675,17
247,78,19336,13
247,79,1718,3
247,80,21152,7005
247,81,16072,3
247,82,8719,11095
247,83,21278,8
247,84,25594,2
247,85,14232,6
247,86,25335,3602
247,87,12572,4534
247,88,17349,5496
247,89,36015,1753
247,90,21641,1
247,91,11337,5230
247,92,30115,2731
247,93,18581,7
247,94,39468,6
247,95,20852,0
247,96,33328,2290
247,97,29168,16
247,98,3329,14
247,99,30520,3052
248,0,36338,1
248,1,10909,1
248,2,20820,2582
248,3,12630,5520
248,4,31934,1
248,5,6878,1
248,6,23944,1
248,7,36210,1
248,8,23047,1
248,9,6182,1
248,10,33989,1
248,11,26262,1
248,12,37630,1
248,13,18585,1
248,14,25134,1
248,15,27580,1
248,16,17047,2
248,17,3753,1
248,18,19380,1
248,19,39990,1
248,20,28069,1
248,21,14672,1
248,22,5896,0
248,23,26676,1
248,24,5665,1
248,25,32233,1
248,26,24684,1
248,27,14707,1
248,28,22858,1
248,29,7340,1
248,30,12195,1
248,31,24514,1
248,32,5414,2
248,33,8452,1
248,34,31815,1
248,35,1458,1
248,36,31910,1
248,37,20175,1
248,38,17593,1
248,39,20058,1
248,40,18983,1
248,41,4465,1
248,42,15090,1
248,43,37764,1
248,44,20565,1
248,45,25749,1
248,46,33400,1
248,47,36984,1
248,48,25642,1
248,49,32385,1
248,50,35885,1
248,51,34402,1
248,52,20756,1
248,53,38421,1
248,54,39298,1
248,55,7714,1
248,56,29301,1
248,57,38432,1
248,58,18952,1
248,59,18865,1
248,60,9156,1
248,61,11679,1
248,62,34599,1
248,63,9771,1
248,64,7697,1
248,65,18579,1
248,66,28839,1
248,67,8125,1
248,68,13925,1
248,69,37566,1
248,70,28140,1
248,71,22059,1
248,72,30087,1
248,73,34362,1
248,74,20287,1
248,75,21118,1
248,76,33819,1
248,77,28725,1
248,78,4614,4206
248,79,25545,1
248,80,4198,1331
248,81,31372,1
248,82,35286,1
248,83,16471,1
248,84,4845,1
248,85,11523,1
248,86,11935,1
248,87,18483,1
248,88,9338,1
248,89,12511,1
248,90,32262,1
248,91,38420,1
248,92,3648,1
248,93,3168,1
248,94,35152,1
248,95,7714,1
248,96,5398,3
248,97,36063,1
248,98,18425,3896
248,99,39209,1
249,0,3963,1
249,1,33197,1
249,2,34639,1
249,3,26496,1
249,4,12673,1
249,5,24377,1
249,6,33887,1
249,7,33055,1
249,8,658,1
249,9,15075,1
249,10,29480,1
249,11,32057,1
249,12,30474,0
249,13,25585,1
249,14,39600,1
249,15,23618,1
249,16,32555,1
249,17,3491,1
249,18,30735,1
249,19,21211,1
249,20,14302,1
249,21,30116,1
249,22,10683,0
249,23,23828,1
249,24,23687,1
249,25,31580,1
249,26,22830,1
249,27,13330,1
249,28,25603,1
249,29,4770,1
249,30,25654,1
249,31,2124,1
249,32,38529,1
249,33,21071,1
249,34,35225,1
249,35,29551,1
249,36,36474,1
249,37,11694,1
249,38,1378,1
249,39,20258,1
249,40,7438,1
249,41,32399,1
249,42,20364,1
249,43,16419,1
249,44,34493,1
249,45,26298,1
249,46,29194,1
249,47,31184,1
249,48,28030,1
249,49,4033,1
249,50,4017,1
249,51,25858,1
249,52,6015,1
249,53,22831,1
249,54,38275,1
249,55,31444,1
249,56,29050,1
249,57,16924,1
249,58,12313,1
249,59,8001,1
249,60,4017,1
249,61,27042,1
249,62,3628,1
249,63,36843,1
249,64,34886,1
249,65,14058,1
249,66,23296,1
249,67,20920,1
249,68,29433,1
249,69,26975,1
249,70,5613,1
249,71,35351,1
249,72,17598,1
249,73,517,1
249,74,3083,1
249,75,26273,1
249,76,38714,1
249,77,21794,1
249,78,11129,1
249,79,20122,1
249,80,30618,1
249,81,3162,1
249,82,2058,1
249,83,39510,1
249,84,1424,1
249,85,28441,1
249,86,24525,1
249,87,2936,1
249,88,25195,1
249,89,7081,1
249,90,9656,1
249,91,4566,1
249,92,22354,1
249,93,10275,1
249,94,10289,1
249,95,2169,1
249,96,542,1
249,97,5442,1
249,98,19256,1
249,99,23488,1
246,0,30584,11
246,1,4477,4
246,2,21557,20
246,3,5787,44
246,4,16555,2
246,5,123,2
246,6,639,9
246,7,26082,12
246,8,22784,615
246,9,29174,21
246,10,13743,275
246,11,31488,2214
246,12,15160,40
246,13,5638,12
246,14,14686,1
246,15,25944,95
246,16,7645,125
246,17,1675,49
246,18,31248,1
246,19,18073,62
246,20,34320,2
246,21,16598,5
246,22,20825,6357
246,23,115,1
246,24,21182,278
246,25,10744,4
246,26,24861,3671
246,27,19318,5185
246,28,35441,6124
246,29,11813,75
246,30,7792,19
246,31,38858,90
246,32,35779,14
246,33,9091,15
246,34,22300,4872
246,35,3845,27
246,36,4525,8
246,37,23765,5
246,38,2176,2
246,39,15212,171
246,40,957,16
246,41,15103,211
246,42,8853,8
246,43,9482,443
246,44,24294,2026
246,45,4341,71
246,46,36876,7
246,47,2726,3
246,48,7665,502
246,49,35204,2
246,50,12499,111
246,51,2019,4
246,52,29202,13
246,53,37373,9
246,54,20023,5856
246,55,14393,34
246,56,1749,52
246,57,18426,6844
246,58,22436,2691
246,59,4044,25
246,60,14583,3
246,61,35854,6644
246,62,31367,1
246,63,14630,6665
246,64,26321,8281
246,65,20301,7889
246,66,22100,2
246,67,14998,3
246,68,33583,3
246,69,24756,123
246,70,32355,8
246,71,33252,1985
246,72,21375,11
246,73,8375,16
246,74,39862,2
246,75,1135,3
246,76,8101,1
246,77,37606,771
246,78,12821,5635
246,79,3493,2
246,80,34732,2
246,81,4283,4
246,82,5594,1
246,83,38239,4
246,84,32662,3
246,85,37314,2
246,86,12745,101
246,87,28119,9293
246,88,5140,15
246,89,1445,76
246,90,599,10
246,91,5190,42
246,92,15057,14
246,93,15123,9
246,94,24332,7877
246,95,26398,82
246,96,1832,8
246,97,19789,739
246,98,2498,0
246,99,2593,866
252,0,26840,3
252,1,16413,2
252,2,32447,22
252,3,31741,1309
252,4,38538,1
252,5,25930,19
252,6,27364,1
252,7,16294,1
252,8,20790,1
252,9,1754,7366
252,10,19603,1
252,11,13092,76
252,12,1709,6133
252,13,13882,1
252,14,3000,1
252,15,4436,125
252,16,39080,802
252,17,2706,3
252,18,24801,0
252,19,15817,82
252,20,13001,6
252,21,29152,1
252,22,21394,0
252,23,18933,1
252,24,37753,1401
252,25,22324,7
252,26,24566,26
252,27,12848,1
252,28,37488,136
252,29,4358,5863
252,30,29679,1
252,31,14952,134
252,32,21523,119
252,33,22575,7
252,34,38158,456
252,35,26534,6
252,36,10167,1
252,37,29898,1
252,38,29086,1
252,39,20857,50
252,40,16451,54
252,41,25256,153
252,42,3483,6284
252,43,32385,1
252,44,32628,1
252,45,17002,46
252,46,5632,10
252,47,6489,1
252,48,35195,3
252,49,2623,21
252,50,39358,8
252,51,226,1
252,52,1793,3662
252,53,23355,1
252,54,27912,1
252,55,26281,51
252,56,21002,1
252,57,28752,1
252,58,32395,1
252,59,11764,10
252,60,21303,249
252,61,33131,1
252,62,23420,2
252,63,34414,3
252,64,3749,6623
252,65,33197,1
252,66,6665,7
252,67,19308,140
252,68,39604,47
252,69,31556,1
252,70,25329,8
252,71,27931,1
252,72,20130,1
252,73,15334,6234
252,74,31471,22
252,75,38088,603
252,76,13397,4
252,77,1002,2
252,78,27026,1
252,79,11148,5
252,80,37175,19
252,81,34883,19
252,82,18728,22
252,83,28626,3
252,84,27515,1
252,85,35545,3
252,86,22296,1
252,87,36295,1852
252,88,29119,1
252,89,30789,1
252,90,21839,35
252,91,23004,1
252,92,34826,2
252,93,24297,2
252,94,15699,7919
252,95,32827,14
252,96,22324,185
252,97,33579,1
252,98,29043,1
252,99,23620,1
250,0,21086,1
250,1,9981,1
250,2,33183,1
250,3,24899,1
250,4,26808,12
250,5,19175,1
250,6,4058,1
250,7,6167,1
250,8,20527,1
250,9,28395,0
250,10,39357,37
250,11,14670,1
250,12,15591,324
250,13,936,20
250,14,36200,1
250,15,2800,1
250,16,26030,1
250,17,4276,89
250,18,36669,5
250,19,30252,19
250,20,15604,2304
250,21,27431,1
250,22,39971,1
250,23,28724,1
250,24,13270,1
250,25,835,34
250,26,24743,1
250,27,17460,1
250,28,13719,1
250,29,8831,85
250,30,21628,2908
250,31,29296,2309
250,32,15535,1
250,33,19567,1
250,34,28643,1
250,35,28921,1
250,36,22782,1
250,37,33489,2859
250,38,13670,13
250,39,16011,2832
250,40,38425,22
250,41,35894,317
250,42,37246,8
250,43,454,1
250,44,36357,1
250,45,31946,95
250,46,9108,2
250,47,12231,3
250,48,20866,1
250,49,9090,1
250,50,12324,1167
250,51,7843,1
250,52,10238,1
250,53,22306,1
250,54,8638,170
250,55,36607,1
250,56,33451,4
250,57,5097,14
250,58,35879,4
250,59,591,2
250,60,26730,11
250,61,17305,1
250,62,20188,441
250,63,39273,1
250,64,26022,0
250,65,31270,3320
250,66,39926,38
250,67,22533,1
250,68,19262,1
250,69,18747,1
250,70,29545,3576
250,71,39124,2
250,72,11418,2533
250,73,25699,1
250,74,14694,1
250,75,14457,2
250,76,27679,2
250,77,6235,219
250,78,35233,41
250,79,29096,1970
250,80,27709,1
250,81,7793,144
250,82,25389,2
250,83,10394,1
250,84,15333,1
250,85,21336,1
250,86,23106,1
250,87,9578,1
250,88,21272,1
250,89,19724,1
250,90,33825,1
250,91,29775,3
250,92,6235,4
250,93,32604,1
250,94,4878,185
250,95,11510,1880
250,96,18759,1
250,97,17305,1
250,98,13116,1
250,99,27004,8
253,0,34465,1
253,1,38701,17
253,2,6265,5
253,3,5607,0
253,4,22925,0
253,5,3430,1
253,6,37307,1
253,7,9492,3367
253,8,2050,1
253,9,10648,1
253,10,18743,4
253,11,18887,71
253,12,30905,1
253,13,20882,2
253,14,17467,3
253,15,474,9
253,16,14589,1
253,17,6092,2950
253,18,36157,1
253,19,37038,1
253,20,39234,1
253,21,949,1
253,22,26181,4
253,23,16085,3839
253,24,15775,1
253,25,18023,1
253,26,22712,1
253,27,11472,4469
253,28,3881,3188
253,29,1788,0
253,30,3139,1
253,31,32562,13
253,32,18286,2
253,33,35194,1
253,34,37920,1
253,35,14627,1
253,36,14731,1
253,37,25065,745
253,38,9224,5
253,39,21056,647
253,40,4906,2
253,41,9542,1
253,42,12405,24
253,43,7392,3
253,44,6556,1
253,45,13904,1
253,46,37778,1
253,47,690,1
253,48,37583,2
253,49,17919,1
253,50,7490,3
253,51,31682,1
253,52,27052,54
253,53,11412,1
253,54,23242,1
253,55,10010,1
253,56,20751,11
253,57,3596,1
253,58,25756,1
253,59,901,2886
253,60,12516,3785
253,61,8494,3068
253,62,32449,1
253,63,17839,14
253,64,34587,1
253,65,25028,18
253,66,1122,1
253,67,32104,1
253,68,15111,3170
253,69,20966,1
253,70,2802,1
253,71,1223,17
253,72,7640,1
253,73,17841,32
253,74,17916,4
253,75,39595,1
253,76,18291,2
253,77,30423,1
253,78,29892,1
253,79,5725,55
253,80,27243,1
253,81,6672,3670
253,82,21853,1
253,83,15313,3270
253,84,24095,30
253,85,8815,1
253,86,34887,1
253,87,20747,1
253,88,1328,35
253,89,25359,1
253,90,2882,2946
253,91,29151,79
253,92,13532,2
253,93,27756,7
253,94,30835,313
253,95,30929,2
253,96,17468,57
253,97,2958,1
253,98,29874,1
253,99,7898,3129
256,0,29219,1
256,1,11937,1
256,2,10975,18
256,3,20750,1
256,4,13019,1
256,5,39793,62
256,6,24825,1
256,7,24465,23
256,8,2770,68
256,9,30526,2
256,10,28792,1
256,11,17805,1
256,12,39398,385
256,13,29005,1
256,14,23859,1
256,15,15725,20
256,16,1970,1
256,17,12735,1
256,18,2983,1
256,19,32731,4565
256,20,20268,6547
256,21,32964,3696
256,22,23471,5
256,23,37647,1347
256,24,29678,1
256,25,18621,1
256,26,16466,6556
256,27,2617,2846
256,28,10578,1
256,29,30258,1
256,30,31798,13
256,31,35463,2
256,32,22326,3946
256,33,34989,1
256,34,34803,27
256,35,29139,6176
256,36,20511,97
256,37,22001,1
256,38,8131,1
256,39,20333,2
256,40,39225,1
256,41,12698,37
256,42,15957,1
256,43,37696,57
256,44,16444,1
256,45,36562,24
256,46,5696,1
256,47,7203,1
256,48,11435,1
256,49,35757,3686
256,50,8469,6694
256,51,10494,1
256,52,8310,1
256,53,11618,2
256,54,10829,14
256,55,26647,1
256,56,33664,2
256,57,8871,5809
256,58,31521,1
256,59,34616,64
256,60,29947,4112
256,61,38440,1432
256,62,9081,603
256,63,21055,1
256,64,16686,6478
256,65,4067,3063
256,66,828,8951
256,67,26370,1
256,68,38104,4
256,69,12899,10293
256,70,9094,3
256,71,35804,804
256,72,7535,22
256,73,15062,5834
256,74,16056,6878
256,75,17817,1
256,76,20417,1
256,77,35469,1
256,78,38312,1
256,79,21114,3577
256,80,30588,1
256,81,5329,117
256,82,24249,1
256,83,32805,1
256,84,2505,1
256,85,27292,1
256,86,19334,3
256,87,23852,1
256,88,39698,1
256,89,32507,1
256,90,38200,1196
256,91,27576,1
256,92,10596,1
256,93,4222,3184
256,94,16439,1
256,95,337,80
256,96,22192,1
256,97,21144,206
256,98,37757,3360
256,99,19405,1
251,0,28712,1
251,1,32269,1
251,2,7002,1
251,3,38764,1
251,4,7547,1
251,5,33027,12403
251,6,14001,387
251,7,3012,1
251,8,1787,1
251,9,37288,1
251,10,38497,1
251,11,20466,1
251,12,8435,148
251,13,7936,1
251,14,10667,1
251,15,35190,1
251,16,1539,1
251,17,4014,1
251,18,8025,1
251,19,15121,11800
251,20,1836,1
251,21,2875,1
251,22,1110,1
251,23,29524,42
251,24,27643,10424
251,25,36534,1
251,26,22889,1
251,27,16083,26
251,28,16464,165
251,29,6261,1
251,30,38736,0
251,31,6905,1
251,32,8651,1
251,33,35833,1
251,34,32053,1
251,35,17013,1609
251,36,27346,1
251,37,25008,9625
251,38,37455,1
251,39,19859,1
251,40,26880,4491
251,41,20179,1
251,42,6168,73
251,43,19109,2
251,44,6637,1
251,45,28848,11117
251,46,1254,1
251,47,6431,1
251,48,23254,1
251,49,20738,1
251,50,24105,10415
251,51,39299,1
251,52,35497,1
251,53,10364,179
251,54,3968,1
251,55,20337,1
251,56,33200,9683
251,57,23589,1
251,58,25592,1
251,59,29728,1
251,60,17943,1
251,61,32668,1
251,62,29217,10486
251,63,22698,11499
251,64,16859,1
251,65,26749,3
251,66,34383,1
251,67,35329,1
251,68,34769,1
251,69,8156,1
251,70,7018,1
251,71,12415,12495
251,72,38929,1
251,73,31854,10
251,74,37490,1
251,75,19612,1789
251,76,28925,1
251,77,39304,1
251,78,38100,1
251,79,27321,7
251,80,14129,6226
251,81,19583,1
251,82,32161,1
251,83,33433,1
251,84,8265,1
251,85,34606,10690
251,86,39345,1
251,87,34031,10552
251,88,37129,1
251,89,17941,1
251,90,11219,1566
251,91,32273,1
251,92,24941,1
251,93,39710,1
251,94,20015,1
251,95,9612,1
251,96,10254,1
251,97,26684,1
251,98,13947,10584
251,99,11282,1
254,0,11589,1
254,1,15485,1
254,2,8457,1
254,3,362,1
254,4,37060,1
254,5,38228,531
254,6,7478,1
254,7,26252,1
254,8,21918,1
254,9,23968,1
254,10,28620,2
254,11,37853,4033
254,12,19670,1
254,13,36233,1
254,14,14067,1
254,15,16008,645
254,16,8064,1
254,17,3229,1
254,18,2091,951
254,19,6079,2
254,20,535,1
254,21,1912,7
254,22,15469,1
254,23,20980,1
254,24,1709,5122
254,25,27279,1
254,26,24625,1
254,27,11954,1
254,28,31997,152
254,29,5849,1
254,30,39113,1
254,31,19733,1
254,32,35292,436
254,33,33690,1
254,34,34987,1
254,35,13996,16
254,36,1038,1
254,37,6861,1
254,38,25164,1
254,39,20457,1
254,40,35893,4492
254,41,16685,1
254,42,29287,1
254,43,35075,1
254,44,8421,1
254,45,23200,1
254,46,21340,1
254,47,21737,1
254,48,30418,1
254,49,19328,34
254,50,15798,6517
254,51,17314,1
254,52,31275,1
254,53,10888,1
254,54,33605,7
254,55,15173,3758
254,56,25152,1
254,57,31768,1
254,58,5674,159
254,59,37138,1
254,60,35229,1
254,61,2405,175
254,62,9009,51
254,63,20268,1
254,64,25723,1
254,65,5888,1
254,66,17752,1
254,67,33716,1
254,68,4940,1
254,69,12737,3238
254,70,26734,1
254,71,4995,307
254,72,5109,1
254,73,6672,23
254,74,25879,1
254,75,31427,3309
254,76,3608,69
254,77,14863,1
254,78,13996,2973
254,79,18347,1
254,80,20686,1
254,81,14951,1
254,82,8831,1
254,83,22549,1
254,84,34356,1
254,85,1710,1863
254,86,37116,12
254,87,27389,1
254,88,1053,265
254,89,1650,1
254,90,27050,1
254,91,10712,1
254,92,1061,1
254,93,13733,3418
254,94,25425,3419
254,95,271,38
254,96,35685,1
254,97,14821,1
254,98,23734,1
254,99,11414,1
255,0,19214,8
255,1,37773,1
255,2,22276,1
255,3,17876,1
255,4,17799,2647
255,5,12079,1
255,6,17421,1
255,7,19449,1
255,8,3178,1
255,9,32861,2258
255,10,24111,1
255,11,7296,1
255,12,12513,1257
255,13,3234,1
255,14,28533,1
255,15,12046,1
255,16,23572,1
255,17,2967,1
255,18,13446,1
255,19,30948,1
255,20,26768,1
255,21,13708,1
255,22,16608,1
255,23,18133,1
255,24,19731,1
255,25,22978,2832
255,26,22771,1
255,27,10577,1
255,28,34742,1
255,29,3279,1
255,30,12572,1
255,31,37343,1
255,32,28407,1
255,33,6308,1
255,34,38396,1
255,35,2089,1
255,36,5602,1
255,37,38379,1
255,38,5301,1
255,39,20657,1
255,40,27996,1955
255,41,970,1
255,42,38209,1
255,43,13730,1
255,44,18700,229
255,45,20101,1
255,46,13486,1
255,47,15937,1
255,48,32807,1
255,49,30976,1
255,50,27578,1
255,51,8770,1
255,52,16534,1
255,53,38945,1
255,54,28935,1
255,55,2551,1
255,56,24901,1
255,57,10260,1
255,58,39035,1
255,59,26275,1
255,60,26442,1
255,61,17768,1
255,62,18038,1
255,63,7341,1
255,64,16560,1
255,65,37719,1
255,66,12209,1
255,67,6512,1
255,68,20448,1
255,69,2147,1
255,70,4208,1
255,71,18287,1
255,72,32619,1
255,73,9179,1
255,74,8675,1
255,75,32934,1
255,76,8502,1
255,77,7933,1
255,78,20511,1
255,79,12923,1
255,80,10755,1
255,81,23093,1
255,82,11955,1
255,83,5588,1
255,84,30936,1
255,85,18628,1
255,86,9706,1
255,87,11842,1
255,88,13262,1
255,89,36220,1
255,90,4445,1
255,91,16858,1
255,92,19767,1
255,93,17191,3076
255,94,562,1
255,95,38373,1
255,96,30829,1
255,97,24200,1
255,98,24565,2
255,99,35693,1
259,0,21593,1
259,1,29649,14
259,2,37157,24
259,3,6884,139
259,4,28632,1
259,5,25942,1
259,6,14882,3
259,7,31268,1
259,8,21510,53
259,9,21633,112
259,10,33301,12
259,11,12010,389
259,12,10203,12
259,13,18357,11
259,14,9392,272
259,15,19687,11
259,16,26461,3
259,17,12996,76
259,18,31628,4
259,19,7862,2
259,20,34035,1
259,21,21168,1
259,22,22333,566
259,23,495,10
259,24,11656,4670
259,25,19274,46
259,26,18320,556
259,27,3994,1
259,28,4184,22
259,29,32828,1
259,30,18339,137
259,31,17854,4676
259,32,25563,1
259,33,22370,1
259,34,31393,1
259,35,1047,140
259,36,15946,96
259,37,30482,68
259,38,24345,7
259,39,16485,23
259,40,7122,3
259,41,28412,0
259,42,10683,2
259,43,19041,1
259,44,2516,4
259,45,36013,1
259,46,13550,41
259,47,13003,4260
259,48,9047,4300
259,49,20462,4
259,50,336,1
259,51,19038,4501
259,52,23051,3
259,53,27209,1
259,54,11851,4135
259,55,39269,9
259,56,33915,1
259,57,30379,1
259,58,38160,11
259,59,5479,2
259,60,35086,5
259,61,23077,51
259,62,3700,33
259,63,37630,3
259,64,29497,90
259,65,12237,5848
259,66,6371,6
259,67,13574,18
259,68,22597,1
259,69,23489,9
259,70,27973,5
259,71,22512,91
259,72,20024,181
259,73,8907,1
259,74,33259,1
259,75,12662,5048
259,76,15523,4
259,77,2400,1
259,78,35446,1
259,79,22889,2
259,80,4167,4
259,81,37187,2
259,82,17477,19
259,83,9766,3
259,84,5925,1
259,85,10375,24
259,86,6744,1
259,87,39399,4
259,88,27489,69
259,89,37937,3
259,90,17158,4
259,91,21429,80
259,92,31890,137
259,93,37115,49
259,94,1303,41
259,95,2235,144
259,96,27049,1
259,97,11765,22
259,98,36927,60
259,99,35127,79
260,0,19721,52
260,1,13793,1
260,2,22602,48
260,3,39862,1
260,4,23271,162
260,5,18845,15
260,6,28245,5
260,7,4549,118
260,8,513,55
260,9,26099,37
260,10,18055,1
260,11,988,1
260,12,3477,1
260,13,24303,3
260,14,1725,33
260,15,28933,5415
260,16,24003,1313
260,17,11688,1
260,18,12052,4
260,19,8558,1
260,20,1552,5
260,21,7445,2
260,22,38969,1
260,23,29904,2400
260,24,21766,1
260,25,5065,1
260,26,16348,1
260,27,759,11
260,28,25208,11
260,29,27276,1
260,30,9283,1
260,31,25901,272
260,32,38434,38
260,33,9112,33
260,34,1147,269
260,35,14215,4
260,36,38767,1
260,37,35373,6
260,38,15977,2727
260,39,21131,1
260,40,36693,65
260,41,33489,28
260,42,7998,1
260,43,28668,1
260,44,28508,92
260,45,24168,3958
260,46,17928,31
260,47,16709,16
260,48,20988,3131
260,49,5995,1
260,50,11942,76
260,51,19966,90
260,52,32995,1
260,53,200,1
260,54,35796,0
260,55,5213,1
260,56,25365,1
260,57,35542,6
260,58,1316,29
260,59,31164,9
260,60,38446,26
260,61,23539,4
260,62,37902,3
260,63,5698,1
260,64,16387,3533
260,65,15037,1
260,66,18654,47
260,67,33905,870
260,68,23783,2593
260,69,6889,1
260,70,6283,2
260,71,1676,1
260,72,1225,13
260,73,32387,3
260,74,27240,1
260,75,31139,3
260,76,39994,0
260,77,4098,1
260,78,20724,1
260,79,6716,1
260,80,27213,4
260,81,12487,1
260,82,4044,3
260,83,4960,2
260,84,25176,3071
260,85,11314,1
260,86,33344,111
260,87,1663,7
260,88,19478,516
260,89,10785,1
260,90,27778,3
260,91,8512,1
260,92,1774,10
260,93,25351,5377
260,94,36986,1
260,95,29097,47
260,96,39119,68
260,97,18660,29
260,98,8375,13
260,99,3816,9
257,0,36844,32
257,1,30577,1
257,2,21146,1
257,3,34616,2
257,4,33758,1
257,5,17292,2158
257,6,34768,1
257,7,21310,1869
257,8,20382,44
257,9,39419,13
257,10,27932,2
257,11,23601,23
257,12,32242,9
257,13,36006,1
257,14,38325,1
257,15,8115,6207
257,16,17478,22
257,17,12473,1
257,18,14338,1
257,19,17600,0
257,20,2853,102
257,21,4760,8187
257,22,28257,1
257,23,34800,1
257,24,7700,2
257,25,14320,3
257,26,18261,1
257,27,4888,1307
257,28,13323,8
257,29,31337,21
257,30,5258,54
257,31,13073,1
257,32,15441,1
257,33,11255,1
257,34,34565,1
257,35,17232,1
257,36,25075,56
257,37,17168,1
257,38,28268,1
257,39,20532,43
257,40,27680,1
257,41,36984,1
257,42,24879,2
257,43,16351,1
257,44,30372,8
257,45,33464,1
257,46,37842,66
257,47,1403,1
257,48,13823,1
257,49,7405,126
257,50,20249,3
257,51,1950,5377
257,52,37218,1
257,53,39676,123
257,54,6159,3866
257,55,10376,8135
257,56,29765,13
257,57,23715,1
257,58,21234,1
257,59,23753,1
257,60,21159,1
257,61,13803,1
257,62,18110,2185
257,63,8128,5835
257,64,7523,1653
257,65,35897,3
257,66,35284,1
257,67,39166,1
257,68,13612,1
257,69,2308,1
257,70,26567,4
257,71,5448,1
257,72,38693,168
257,73,17569,2
257,74,38852,1
257,75,19323,2
257,76,25311,10
257,77,28539,1
257,78,4827,134
257,79,15690,1
257,80,20656,1
257,81,17118,12
257,82,27374,629
257,83,15843,7
257,84,39084,6
257,85,4210,1
257,86,31925,1
257,87,8305,4846
257,88,15555,1
257,89,27076,1
257,90,15595,1
257,91,33722,1
257,92,29303,2
257,93,7680,1429
257,94,31576,1
257,95,38439,39
257,96,17336,1
257,97,30523,1
257,98,2236,2
257,99,3684,1
258,0,13968,129
258,1,7361,299
258,2,23338,8
258,3,33019,1
258,4,7893,2
258,5,12090,14
258,6,4939,1
258,7,34422,4729
258,8,251,62
258,9,9091,5977
258,10,37809,76
258,11,2566,1
258,12,17359,1
258,13,11357,1
258,14,34925,1
258,15,27297,1
258,16,10953,1
258,17,13258,1
258,18,20272,1
258,19,26641,3463
258,20,7803,1564
258,21,5723,172
258,22,17546,5782
258,23,39695,1
258,24,33634,608
258,25,23575,1
258,26,16525,2
258,27,5370,1
258,28,1439,1
258,29,31749,3
258,30,1232,1177
258,31,244,1
258,32,32447,1
258,33,9751,7277
258,34,31631,532
258,35,16602,1
258,36,11382,2
258,37,38963,28
258,38,560,1
258,39,16285,1
258,40,18667,64
258,41,479,1
258,42,1761,1
258,43,386,6369
258,44,32237,4781
258,45,39112,1
258,46,21404,1
258,47,22450,2
258,48,6659,1
258,49,8814,77
258,50,28556,1
258,51,27582,2
258,52,37792,30
258,53,39152,113
258,54,16522,3713
258,55,15540,3040
258,56,37813,25
258,57,11887,103
258,58,4800,1499
258,59,16343,6063
258,60,3873,1
258,61,7714,6794
258,62,34670,260
258,63,10557,2
258,64,38660,77
258,65,16758,3
258,66,11915,1
258,67,778,5
258,68,7089,370
258,69,34079,77
258,70,10499,63
258,71,9220,1
258,72,32513,39
258,73,6400,1
258,74,10463,15
258,75,7508,7862
258,76,14276,2
258,77,12979,233
258,78,28931,3
258,79,28312,2
258,80,14099,170
258,81,25397,36
258,82,10704,1
258,83,26727,5
258,84,9345,7401
258,85,37105,477
258,86,34154,6487
258,87,14946,6827
258,88,11632,5
258,89,3367,232
258,90,39763,24
258,91,15283,1
258,92,13183,164
258,93,33657,59
258,94,26166,4447
258,95,7781,538
258,96,35553,3
258,97,2386,104
258,98,32448,23
258,99,7200,1363
261,0,27346,3935
261,1,36081,2542
261,2,36420,166
261,3,13727,1
261,4,4011,55
261,5,36345,11
261,6,38187,20
261,7,37747,63
261,8,21773,1
261,9,34992,3
261,10,13546,57
261,11,6783,53
261,12,32673,1649
261,13,31303,3087
261,14,16192,485
261,15,24971,0
261,16,39511,2
261,17,11426,27
261,18,23407,143
261,19,29779,2
261,20,27785,0
261,21,19241,4
261,22,3755,66
261,23,27056,48
261,24,36139,55
261,25,764,2
261,26,18143,176
261,27,39382,166
261,28,31601,1
261,29,28355,14
261,30,22742,3490
261,31,3510,7
261,32,35198,2
261,33,21730,3883
261,34,908,6
261,35,2308,6
261,36,3331,12
261,37,26892,427
261,38,39762,33
261,39,21331,3906
261,40,25148,6667
261,41,17775,25
261,42,16920,24
261,43,7324,3
261,44,2435,2
261,45,21069,42
261,46,10074,10
261,47,10909,1
261,48,23376,12
261,49,17643,23
261,50,23722,3251
261,51,11422,135
261,52,18254,44
261,53,28257,2076
261,54,34774,5
261,55,32590,1
261,56,25114,5950
261,57,14034,6
261,58,34677,44
261,59,16653,146
261,60,29658,101
261,61,38902,68
261,62,6931,1
261,63,32771,14
261,64,7224,591
261,65,10515,10
261,66,13110,12
261,67,6701,2
261,68,2938,27
261,69,36299,124
261,70,23757,3195
261,71,11320,9
261,72,28736,3559
261,73,34894,2
261,74,10036,2003
261,75,36293,1948
261,76,4889,2
261,77,37167,48
261,78,27238,12
261,79,4941,3
261,80,13633,42
261,81,20629,9
261,82,10816,131
261,83,27998,2
261,84,18107,111
261,85,24584,3
261,86,5934,1
261,87,26116,5262
261,88,31687,61
261,89,9003,209
261,90,8820,113
261,91,14659,3
261,92,20481,5
261,93,28809,2
261,94,12123,1
261,95,23551,3362
261,96,34262,703
261,97,28039,3
261,98,12854,2
261,99,28095,7
263,0,12095,1
263,1,35153,1
263,2,8783,1
263,3,25996,1
263,4,38884,1
263,5,4994,1
263,6,18302,1
263,7,7704,1
263,8,22902,136
263,9,17205,16079
263,10,18915,18161
263,11,35192,1
263,12,10633,17494
263,13,13654,1
263,14,27258,17372
263,15,36543,1
263,16,8495,1
263,17,11949,2
263,18,697,105
263,19,23690,1
263,20,15319,1
263,21,32000,1
263,22,37830,1
263,23,29104,17161
263,24,3744,17390
263,25,9366,1
263,26,18202,17799
263,27,2135,17884
263,28,22462,1
263,29,29846,13440
263,30,32176,1
263,31,8292,1
263,32,5319,23
263,33,36493,16048
263,34,37737,1
263,35,29770,1
263,36,34203,1
263,37,3854,1
263,38,35839,122
263,39,20932,1
263,40,8238,13
263,41,9203,1
263,42,39076,254
263,43,10013,44
263,44,14580,1
263,45,27266,166
263,46,25782,1
263,47,26156,15302
263,48,18599,157
263,49,34348,1
263,50,161,1
263,51,24862,7
263,52,7736,3548
263,53,12143,17279
263,54,466,30
263,55,21483,1
263,56,25616,17842
263,57,17050,4842
263,58,7956,9
263,59,2027,1
263,60,7233,1
263,61,8177,1
263,62,32521,18846
263,63,18625,18223
263,64,29198,1
263,65,23206,18844
263,66,24197,4
263,67,21109,1
263,68,8275,1
263,69,17479,1
263,70,25162,5
263,71,28384,66
263,72,13715,1
263,73,26232,14021
263,74,4444,1
263,75,25984,1
263,76,35100,11945
263,77,11029,18654
263,78,14209,18
263,79,12140,16519
263,80,37145,1
263,81,697,99
263,82,919,1
263,83,21921,16290
263,84,28596,1
263,85,34397,1
263,86,20753,16831
263,87,17210,17776
263,88,3621,1
263,89,16216,18705
263,90,10383,1
263,91,2366,1
263,92,23068,41
263,93,18244,16725
263,94,21850,141
263,95,30995,4
263,96,7623,1
263,97,9281,1
263,98,7545,3109
263,99,15889,1
265,0,17849,6387
265,1,1585,217
265,2,8047,25
265,3,32839,5914
265,4,14263,19
265,5,15397,5
265,6,1607,43
265,7,17831,6383
265,8,19516,1
265,9,30565,319
265,10,39161,11
265,11,33614,2
265,12,36751,36
265,13,26601,6896
265,14,34058,6330
265,15,1827,4
265,16,17897,4
265,17,14027,1
265,18,28829,6644
265,19,5607,1
265,20,9068,4
265,21,33722,1
265,22,19253,5746
265,23,19313,1
265,24,28227,6429
265,25,30855,7192
265,26,18025,7569
265,27,37524,8
265,28,9879,69
265,29,21725,1
265,30,227,1
265,31,33948,1306
265,32,14954,1
265,33,35854,6265
265,34,7252,1
265,35,27383,81
265,36,21588,189
265,37,264,2
265,38,7608,47
265,39,22129,1
265,40,22616,7191
265,41,38566,1740
265,42,8961,2
265,43,1944,820
265,44,14499,97
265,45,12322,2
265,46,22307,1
265,47,20414,1
265,48,36576,38
265,49,27881,12
265,50,27195,25
265,51,17245,3
265,52,39290,36
265,53,13191,51
265,54,19740,1
265,55,11157,3
265,56,16815,7011
265,57,705,1
265,58,8120,3
265,59,13200,5
265,60,1806,85
265,61,20354,1
265,62,35752,1
265,63,13766,15
265,64,6925,20
265,65,21485,7
265,66,30936,1
265,67,17884,50
265,68,28617,5872
265,69,30289,78
265,70,20946,1
265,71,17192,1
265,72,18778,1
265,73,15866,21
265,74,24869,6949
265,75,9616,14
265,76,24466,6962
265,77,5796,950
265,78,6002,1
265,79,30544,1
265,80,6611,74
265,81,24139,1
265,82,30610,1
265,83,153,1
265,84,778,39
265,85,8606,7
265,86,19943,1
265,87,3927,2
265,88,11468,23
265,89,27282,17
265,90,38398,15
265,91,35595,1453
265,92,15307,1
265,93,9938,1
265,94,32670,6936
265,95,12311,1
265,96,11188,1441
265,97,25555,1
265,98,23472,7298
265,99,12505,1
266,0,34972,1
266,1,18369,3
266,2,10239,1
266,3,27593,184
266,4,24750,1
266,5,10196,0
266,6,11778,1
266,7,34592,2
266,8,39385,1
266,9,3885,1
266,10,9038,1
266,11,12579,1
266,12,25516,3658
266,13,1952,1
266,14,30658,3
266,15,17361,1
266,16,15020,1
266,17,11164,1
266,18,34763,1
266,19,14648,80
266,20,14017,7
266,21,31037,1
266,22,8542,1
266,23,24209,1
266,24,14161,1
266,25,110,1
266,26,16289,1
266,27,38005,1
266,28,34346,3
266,29,25785,1
266,30,36201,1
266,31,21120,1
266,32,28313,4219
266,33,37997,1
266,34,4318,1
266,35,26753,4094
266,36,7896,17
266,37,22059,1
266,38,23547,8
266,39,21530,1
266,40,17251,14
266,41,2061,1
266,42,25842,1
266,43,25979,1
266,44,12715,1
266,45,17970,1
266,46,2221,1
266,47,1461,27
266,48,25764,6
266,49,32938,3
266,50,31854,10
266,51,2877,1
266,52,3513,1
266,53,12667,45
266,54,30103,2988
266,55,16320,1
266,56,21216,1
266,57,28878,1
266,58,28038,1
266,59,5789,1
266,60,24519,3434
266,61,14265,3
266,62,12312,1
266,63,16196,1
266,64,38061,30
266,65,2346,1
266,66,7567,1
266,67,19497,4
266,68,18446,1
266,69,25708,4208
266,70,1230,1
266,71,24612,1
266,72,16246,1
266,73,1049,1
266,74,32833,2
266,75,37800,1
266,76,9783,1
266,77,30237,1
266,78,30105,3739
266,79,39518,1
266,80,3702,1
266,81,32418,46
266,82,13941,5
266,83,11037,1
266,84,14687,1
266,85,1501,2
266,86,18524,3512
266,87,10568,1
266,88,7545,1
266,89,3573,1
266,90,26215,1
266,91,20805,15
266,92,39187,1
266,93,32267,534
266,94,27260,1
266,95,21653,1
266,96,29406,1
266,97,37418,1
266,98,13684,1017
266,99,16021,1
262,0,4470,3
262,1,12865,7408
262,2,34964,18
262,3,8482,7501
262,4,18145,57
262,5,31143,3
262,6,8359,16
262,7,14507,28
262,8,1642,6973
262,9,8312,2
262,10,23423,4
262,11,29397,107
262,12,21438,7427
262,13,6654,6487
262,14,12792,10
262,15,4153,18
262,16,32986,376
262,17,12211,7916
262,18,29341,5
262,19,38821,9
262,20,29086,1
262,21,20204,7076
262,22,33044,0
262,23,31952,15
262,24,25722,119
262,25,10019,55
262,26,16407,7887
262,27,3512,31
262,28,19717,2
262,29,28767,10
262,30,18717,3
262,31,30682,1
262,32,8556,20
262,33,23874,82
262,34,37975,186
262,35,1677,24
262,36,29639,12
262,37,8687,4
262,38,12054,26
262,39,20732,9
262,40,16135,1
262,41,21270,7
262,42,33801,26
262,43,31358,5
262,44,652,109
262,45,30365,8
262,46,29988,631
262,47,31956,30
262,48,16211,3
262,49,19052,12
262,50,32029,1
262,51,33406,3
262,52,22477,14
262,53,27733,14
262,54,1488,4
262,55,34106,1
262,56,29514,1
262,57,2207,74
262,58,14595,13
262,59,12890,2
262,60,12372,1
262,61,32814,12
262,62,23491,7
262,63,35201,4
262,64,38361,1
262,65,31376,118
262,66,29741,39
262,67,8313,7
262,68,32768,1
262,69,28070,10
262,70,7689,7431
262,71,18740,179
262,72,26204,248
262,73,23725,2
262,74,21648,7032
262,75,24478,128
262,76,30206,1
262,77,21608,4915
262,78,11342,28
262,79,13915,4
262,80,7076,6816
262,81,28908,1
262,82,34146,1
262,83,38882,17
262,84,32016,21
262,85,17479,42
262,86,8163,25
262,87,32757,2
262,88,27764,103
262,89,21646,8573
262,90,32989,228
262,91,39868,23
262,92,4361,8
262,93,14786,87
262,94,6713,67
262,95,32893,1
262,96,12479,6112
262,97,39902,1
262,98,3066,12
262,99,31611,1
264,0,10223,6
264,1,19297,1
264,2,34228,1
264,3,18973,1
264,4,29876,41
264,5,1546,1
264,6,31664,1
264,7,24634,1
264,8,1905,1
264,9,21672,1
264,10,3669,1
264,11,24170,1
264,12,7556,1
264,13,15952,1
264,14,19592,1
264,15,5789,1
264,16,2388,1
264,17,14289,1
264,18,17473,2575
264,19,20738,1
264,20,26483,1
264,21,18278,3325
264,22,18115,1
264,23,18513,1
264,24,10205,1
264,25,31508,1
264,26,16230,1
264,27,38900,1
264,28,3485,1
264,29,24294,1
264,30,23120,1
264,31,16339,1
264,32,18191,1
264,33,23235,1
264,34,7490,1
264,35,39291,1
264,36,17024,6
264,37,8745,0
264,38,27470,1
264,39,21930,1
264,40,34161,1
264,41,14280,3587
264,42,39,1
264,43,23289,1
264,44,571,1
264,45,15421,1
264,46,30161,1
264,47,26214,1
264,48,34188,1
264,49,16233,1
264,50,15415,1
264,51,25789,1
264,52,14031,1
264,53,25134,1
264,54,24411,1
264,55,27427,1
264,56,17066,3642
264,57,22214,1
264,58,14759,1
264,59,24063,1
264,60,6945,1
264,61,4991,1
264,62,26723,1
264,63,30341,1
264,64,16088,1
264,65,29655,1
264,66,36480,1
264,67,5088,1
264,68,9461,1
264,69,879,1
264,70,39825,1
264,71,7548,1
264,72,31268,1
264,73,9711,1
264,74,2073,1
264,75,4461,1
264,76,19572,1
264,77,12727,1
264,78,39487,1
264,79,32319,1
264,80,20190,1
264,81,15997,1
264,82,27486,1
264,83,17115,1
264,84,7846,1
264,85,31688,1
264,86,3705,1
264,87,19474,1
264,88,35611,5
264,89,32712,855
264,90,21004,1
264,91,33097,1
264,92,36600,1
264,93,2831,1
264,94,17533,1
264,95,14209,1
264,96,19693,1
264,97,16176,1
264,98,18993,1
264,99,24578,1
267,0,2598,2
267,1,657,1
267,2,20410,6999
267,3,1459,1
267,4,9137,3
267,5,24047,6486
267,6,21721,1
267,7,27789,42
267,8,20645,5935
267,9,12778,1
267,10,8178,11
267,11,18374,21
267,12,14712,5
267,13,8952,1
267,14,5125,3
267,15,13399,3
267,16,30528,189
267,17,14551,1
267,18,6118,1
267,19,39517,1
267,20,250,1
267,21,6481,2
267,22,13328,16
267,23,21361,25
267,24,32183,22
267,25,35809,1
267,26,18084,1
267,27,36629,1
267,28,740,1
267,29,23216,15
267,30,9661,45
267,31,38729,27
267,32,25076,7078
267,33,10616,7147
267,34,4080,1
267,35,14846,6953
267,36,12460,11
267,37,13578,25
267,38,3685,1
267,39,21730,1
267,40,5706,12
267,41,29994,1
267,42,31116,423
267,43,4634,45
267,44,26643,7083
267,45,14872,6338
267,46,34367,38
267,47,35662,1
267,48,28152,1
267,49,4586,1
267,50,3634,1
267,51,34333,103
267,52,28772,7
267,53,724,7
267,54,25433,6948
267,55,50,4
267,56,20965,4
267,57,7370,2
267,58,21399,1
267,59,34926,58
267,60,15732,3
267,61,29628,4
267,62,21342,1
267,63,3269,1
267,64,25251,6436
267,65,37824,1
267,66,2023,1
267,67,32293,1
267,68,33954,6
267,69,11470,61
267,70,22351,1
267,71,34256,1
267,72,3757,11
267,73,7204,2
267,74,19277,6242
267,75,2954,4
267,76,14678,2
267,77,19658,5366
267,78,36620,1
267,79,37742,10
267,80,30122,143
267,81,4208,1
267,82,20713,1
267,83,34076,118
267,84,11267,99
267,85,18419,6412
267,86,31115,24
267,87,35021,10
267,88,23402,45
267,89,38142,4
267,90,3609,1
267,91,26951,1
267,92,17894,6769
267,93,39373,35
267,94,2396,1
267,95,19755,1
267,96,24549,1
267,97,6797,2
267,98,18163,24
267,99,300,1
271,0,33100,47
271,1,6161,4
271,2,35684,1
271,3,20570,1
271,4,19389,1
271,5,3100,1
271,6,25141,1
271,7,7874,1
271,8,22036,1
271,9,8351,0
271,10,33792,32
271,11,5205,4
271,12,18791,2
271,13,4249,1
271,14,22992,1
271,15,26607,2
271,16,8913,1
271,17,13504,132
271,18,11539,12
271,19,15345,7
271,20,21534,1
271,21,17314,3
271,22,28826,3858
271,23,13617,1
271,24,20623,1
271,25,22253,1
271,26,17966,1
271,27,34770,3
271,28,15370,1
271,29,20234,97
271,30,27145,1
271,31,29167,58
271,32,1185,1
271,33,24739,1
271,34,10424,40
271,35,39921,1
271,36,30717,1188
271,37,26949,5
271,38,15179,1
271,39,26176,30
271,40,3174,0
271,41,7137,106
271,42,23157,21
271,43,35606,133
271,44,38706,1
271,45,6125,113
271,46,6599,1
271,47,5167,1
271,48,1353,4
271,49,14824,1
271,50,7108,4
271,51,157,2
271,52,9809,0
271,53,25658,1
271,54,14048,1
271,55,22264,463
271,56,12666,1
271,57,34041,4199
271,58,31194,2
271,59,31474,3908
271,60,24231,2
271,61,14728,3
271,62,10163,9
271,63,27912,1
271,64,24951,15
271,65,8794,1
271,66,19849,181
271,67,39828,1442
271,68,19632,1
271,69,5460,2
271,70,19541,1
271,71,127,1
271,72,37448,2
271,73,24529,1
271,74,30461,4155
271,75,16277,113
271,76,34255,3257
271,77,28287,1
271,78,15383,1
271,79,23345,1
271,80,23100,36
271,81,7718,304
271,82,4156,1
271,83,6231,237
271,84,33938,1
271,85,38793,23
271,86,5124,42
271,87,12832,32
271,88,39534,4
271,89,16421,1
271,90,36835,2678
271,91,7888,1
271,92,9072,6
271,93,16854,129
271,94,22943,1
271,95,4867,1
271,96,1476,1
271,97,4313,25
271,98,28781,1
271,99,24710,41
268,0,725,1
268,1,24801,15
268,2,9503,3
268,3,34436,1
268,4,128,6
268,5,20599,1
268,6,35084,1
268,7,4719,49
268,8,39648,1
268,9,17244,1
268,10,29284,7734
268,11,11000,2
268,12,7986,9
268,13,11250,2937
268,14,1106,28
268,15,22645,95
268,16,24422,45
268,17,13242,9698
268,18,22895,4
268,19,36565,7011
268,20,7767,295
268,21,32758,6289
268,22,33613,3
268,23,10770,4
268,24,38644,0
268,25,21600,1
268,26,16112,30
268,27,33394,55
268,28,21763,3
268,29,21312,0
268,30,604,18
268,31,6777,119
268,32,37948,1
268,33,37358,1
268,34,13834,4030
268,35,24366,6434
268,36,35281,47
268,37,18468,11
268,38,35316,5721
268,39,26376,8
268,40,31629,1
268,41,35071,9
268,42,32079,6961
268,43,14261,2314
268,44,12634,9
268,45,3026,2
268,46,2393,36
268,47,39368,66
268,48,3741,36
268,49,26471,7013
268,50,18888,16
268,51,35261,22
268,52,35068,3
268,53,13715,1
268,54,9378,25
268,55,5993,64
268,56,8767,31
268,57,12533,4
268,58,24555,1
268,59,20611,70
268,60,19092,10
268,61,30091,7249
268,62,19192,18
268,63,11336,22
268,64,15789,127
268,65,4272,1242
268,66,14306,23
268,67,12624,2096
268,68,38788,1
268,69,34870,57
268,70,37014,18
268,71,13419,3184
268,72,24958,7318
268,73,27036,21
268,74,13258,2
268,75,21431,58
268,76,39149,14
268,77,21356,9
268,78,21898,7377
268,79,17922,0
268,80,13168,2
268,81,19508,1
268,82,7280,1
268,83,29270,7732
268,84,30517,7113
268,85,15710,2
268,86,17714,1
268,87,37285,1
268,88,15391,2
268,89,10990,12
268,90,14229,2
268,91,14034,2632
268,92,27778,6365
268,93,23960,141
268,94,38080,44
268,95,2970,237
268,96,36619,1
268,97,13692,2
268,98,29611,1
268,99,8989,236
269,0,8351,1
269,1,7089,42
269,2,19673,2
269,3,11950,5
269,4,20868,3
269,5,34450,14
269,6,5027,3
269,7,37916,1
269,8,20908,127
269,9,29786,1
269,10,28423,396
269,11,16796,67
269,12,830,14
269,13,21898,1931
269,14,15573,8
269,15,15035,28
269,16,39930,1
269,17,12980,40
269,18,34250,747
269,19,21434,20
269,20,33999,6
269,21,4555,2
269,22,34751,5
269,23,7922,30
269,24,16666,4
269,25,17298,35
269,26,17906,10
269,27,32017,1432
269,28,24509,735
269,29,18743,28
269,30,14064,1
269,31,24386,27
269,32,31063,137
269,33,9977,14
269,34,13595,3
269,35,12459,11
269,36,39845,8
269,37,9987,1
269,38,19101,25
269,39,26576,19
269,40,23733,1
269,41,19357,61
269,42,37354,1
269,43,32917,1
269,44,26562,1
269,45,39928,38
269,46,34539,36
269,47,29920,3029
269,48,6129,3
269,49,1767,24
269,50,27020,2
269,51,26717,748
269,52,20327,3
269,53,1773,10
269,54,4707,4
269,55,33371,11
269,56,8517,1
269,57,27377,3
269,58,17915,48
269,59,9747,1
269,60,10305,4
269,61,5454,681
269,62,24573,19
269,63,38409,2
269,64,6626,454
269,65,36103,43
269,66,8762,7
269,67,25420,51
269,68,14295,3
269,69,24280,72
269,70,18136,29
269,71,26711,2121
269,72,12469,2
269,73,33191,2
269,74,36054,581
269,75,26586,123
269,76,4044,1445
269,77,14425,19
269,78,28413,368
269,79,16146,73
269,80,39588,12
269,81,31297,12
269,82,14053,12
269,83,12308,1
269,84,23449,6
269,85,32628,159
269,86,30305,1657
269,87,21738,103
269,88,27600,3
269,89,5560,7
269,90,31624,1
269,91,20180,531
269,92,6485,1
269,93,27419,99
269,94,13217,6
269,95,1072,331
269,96,28115,1389
269,97,23071,2
269,98,34090,279
269,99,36916,4
270,0,25474,15
270,1,23873,16
270,2,21865,5
270,3,6704,28
270,4,35002,14
270,5,29248,145
270,6,11550,16
270,7,14677,13
270,8,776,2
270,9,39458,4096
270,10,38300,1
270,11,39409,1
270,12,25947,7489
270,13,33601,2
270,14,8525,23
270,15,34217,10
270,16,33405,1
270,17,13765,7
270,18,184,4
270,19,30476,7016
270,20,35301,7104
270,21,5518,60
270,22,24040,9
270,23,16465,31
270,24,6249,1382
270,25,26554,7525
270,26,16171,148
270,27,36147,26
270,28,12624,6
270,29,22803,2
270,30,13686,15
270,31,11558,1
270,32,8070,66
270,33,8472,19
270,34,10662,2
270,35,11828,1
270,36,26152,7046
270,37,31782,3
270,38,31393,8
270,39,25977,9
270,40,14719,37
270,41,22851,4
270,42,14235,22
270,43,16951,15
270,44,24778,3
270,45,9224,3
270,46,14453,19
270,47,10967,41
270,48,38964,1
270,49,3176,1
270,50,35327,2
270,51,8701,2
270,52,24549,6842
270,53,1249,1109
270,54,15070,49
270,55,34886,7363
270,56,12917,6
270,57,19197,48
270,58,37833,7443
270,59,2337,17
270,60,33018,4
270,61,35717,2
270,62,4781,0
270,63,839,1495
270,64,37762,2
270,65,16963,58
270,66,25393,26
270,67,27032,1
270,68,4124,69
270,69,19699,10
270,70,38420,7
270,71,30484,7134
270,72,6289,2
270,73,18374,1
270,74,7665,49
270,75,14770,1
270,76,29361,264
270,77,38866,6867
270,78,12516,19
270,79,25120,6731
270,80,36679,7562
270,81,35929,7205
270,82,37383,1
270,83,23192,45
270,84,37358,4
270,85,25523,7435
270,86,32534,6581
270,87,28379,1
270,88,23677,4
270,89,21851,6
270,90,19441,8
270,91,1742,1
270,92,34013,7
270,93,13396,3
270,94,7807,1
270,95,10413,9
270,96,6332,16
270,97,34934,7615
270,98,24302,7348
270,99,36784,1
272,0,27210,1
272,1,29921,338
272,2,37173,1
272,3,27953,1
272,4,15657,171
272,5,3582,8
272,6,14795,2
272,7,27774,0
272,8,4501,1223
272,9,938,751
272,10,2686,1787
272,11,37780,1
272,12,26732,1
272,13,11464,182
272,14,28744,1
272,15,31949,1
272,16,37485,3021
272,17,9626,1
272,18,21298,19
272,19,13069,1
272,20,4191,14
272,21,22337,1
272,22,1479,270
272,23,28621,1
272,24,28624,1
272,25,25551,1
272,26,16938,1
272,27,17347,1
272,28,21115,11
272,29,5834,434
272,30,5508,214
272,31,33712,3018
272,32,23299,19
272,33,22144,1
272,34,9429,200
272,35,8837,1
272,36,23836,1
272,37,15810,1
272,38,9452,30
272,39,9843,1
272,40,5705,1920
272,41,9534,5
272,42,15090,4
272,43,26510,192
272,44,8191,8
272,45,38845,1
272,46,416,2
272,47,5533,1206
272,48,9577,4
272,49,31157,1
272,50,38224,1
272,51,19904,20
272,52,4165,40
272,53,24588,1
272,54,23665,38
272,55,25086,4
272,56,23211,1
272,57,14890,43
272,58,25045,2
272,59,12075,12
272,60,28654,1
272,61,25337,1
272,62,13797,2
272,63,9778,1
272,64,21531,1
272,65,32892,2545
272,66,9524,1
272,67,28933,4
272,68,15390,1
272,69,33289,4595
272,70,20336,1
272,71,8670,1
272,72,3717,153
272,73,22116,1
272,74,4021,26
272,75,37232,4
272,76,25756,0
272,77,954,1631
272,78,35963,1
272,79,38703,3396
272,80,18678,164
272,81,31287,3419
272,82,17776,1
272,83,20537,1
272,84,31821,47
272,85,18500,11
272,86,10593,9
272,87,28959,0
272,88,7873,1
272,89,35744,2903
272,90,25297,3
272,91,16532,1
272,92,34940,1
272,93,3354,2
272,94,10604,2
272,95,8945,6
272,96,34487,5352
272,97,31080,119
272,98,35285,5194
272,99,5411,19
273,0,34835,1
273,1,12209,3886
273,2,10992,309
273,3,1819,5791
273,4,36396,4
273,5,17433,5265
273,6,24738,63
273,7,20971,15
273,8,22113,26
273,9,13479,3
273,10,1826,6
273,11,3575,3
273,12,19575,63
273,13,18464,3
273,14,3211,5487
273,15,24339,19
273,16,12993,176
273,17,9365,3
273,18,32653,951
273,19,37938,1
273,20,30423,2
273,21,34133,1
273,22,6266,2
273,23,29421,2
273,24,6646,5032
273,25,24898,29
273,26,15085,45
273,27,15970,5
273,28,23860,77
273,29,3265,977
273,30,18967,145
273,31,11321,890
273,32,20062,17
273,33,34763,2
273,34,12839,42
273,35,33282,2
273,36,28400,1
273,37,10977,878
273,38,29589,14
273,39,10042,4958
273,40,34160,2
273,41,33820,3
273,42,20364,3
273,43,5165,1
273,44,22119,9
273,45,35746,2
273,46,32562,4
273,47,39733,0
273,48,11965,6
273,49,2805,146
273,50,10005,5432
273,51,11360,2
273,52,29424,5
273,53,12645,4326
273,54,18995,2
273,55,8816,3926
273,56,19313,21
273,57,33382,8
273,58,14758,1
273,59,1211,2
273,60,19867,12
273,61,4348,1
273,62,19178,65
273,63,33203,1
273,64,12368,96
273,65,24722,9
273,66,3980,2
273,67,1728,0
273,68,30898,15
273,69,22699,60
273,70,1458,63
273,71,18313,21
273,72,31227,3
273,73,24623,26
273,74,26817,2
273,75,38738,1
273,76,30650,848
273,77,34023,1
273,78,2478,5
273,79,33280,15
273,80,5099,14
273,81,39428,32
273,82,20901,14
273,83,3575,9
273,84,28401,20
273,85,31770,6
273,86,23183,4
273,87,13412,14
273,88,23730,2
273,89,30314,25
273,90,6340,4
273,91,22679,57
273,92,13647,5727
273,93,6812,5714
273,94,25741,73
273,95,7047,867
273,96,25982,137
273,97,459,3
273,98,39764,1
273,99,33338,18
276,0,17712,242
276,1,35425,95
276,2,12448,3
276,3,7065,1
276,4,25909,2
276,5,22635,3212
276,6,18214,3442
276,7,7858,3
276,8,2245,26
276,9,159,499
276,10,31949,3319
276,11,20962,13
276,12,30810,5
276,13,3113,3
276,14,6611,1
276,15,8805,4
276,16,19518,74
276,17,8579,3
276,18,26719,3696
276,19,28897,66
276,20,29122,2381
276,21,33169,12
276,22,16977,566
276,23,20877,27
276,24,20712,53
276,25,15643,3303
276,26,16820,3350
276,27,15489,31
276,28,39392,18
276,29,2852,25
276,30,22992,1071
276,31,24150,19
276,32,3055,1
276,33,36267,20
276,34,15773,399
276,35,33913,2325
276,36,2092,37
276,37,29182,11
276,38,17298,13
276,39,10641,1
276,40,3173,2
276,41,30325,3107
276,42,3482,3
276,43,17482,16
276,44,20254,3412
276,45,26450,1
276,46,9000,25
276,47,15038,3000
276,48,19129,1
276,49,1395,23
276,50,1698,45
276,51,25728,1
276,52,25201,3778
276,53,9521,77
276,54,12280,65
276,55,3652,22
276,56,14912,14
276,57,5209,45
276,58,34840,11
276,59,8622,1
276,60,37153,2990
276,61,10437,4
276,62,2618,0
276,63,30773,3
276,64,21232,3065
276,65,3862,11
276,66,27350,1
276,67,36468,43
276,68,1069,2
276,69,27279,2
276,70,17526,7
276,71,14541,14
276,72,33759,29
276,73,39441,32
276,74,18853,3612
276,75,10554,441
276,76,5333,23
276,77,9583,155
276,78,18375,58
276,79,24306,2
276,80,11656,1
276,81,34797,4
276,82,37570,9
276,83,32692,12
276,84,14492,23
276,85,38874,3
276,86,24602,1
276,87,6770,247
276,88,27653,1
276,89,14023,10
276,90,18523,110
276,91,1117,11
276,92,29766,5
276,93,24483,5
276,94,31151,2935
276,95,37705,3262
276,96,11413,151
276,97,28596,54
276,98,5903,1
276,99,29821,41
274,0,11959,5093
274,1,25345,5
274,2,13184,1
274,3,36574,1407
274,4,10531,4367
274,5,12232,2064
274,6,31261,1
274,7,37731,54
274,8,1982,4728
274,9,23152,64
274,10,11703,13
274,11,26189,42
274,12,8340,3
274,13,33815,21
274,14,39811,1
274,15,3521,4744
274,16,6468,1
274,17,10150,34
274,18,38587,1512
274,19,6979,5446
274,20,35373,1138
274,21,35096,1
274,22,31906,1
274,23,34316,1
274,24,36228,3
274,25,34154,84
274,26,16997,46
274,27,20100,35
274,28,11976,6
274,29,7326,4884
274,30,14941,1
274,31,2141,4148
274,32,37068,61
274,33,36907,0
274,34,9906,11
274,35,36300,1
274,36,14707,85
274,37,29124,1
274,38,1881,1
274,39,9444,4
274,40,25147,1
274,41,963,4802
274,42,37245,45
274,43,29200,4
274,44,23984,1
274,45,1394,3415
274,46,12476,74
274,47,20780,2
274,48,4800,3410
274,49,4214,16
274,50,18312,21
274,51,33345,6
274,52,33647,31
274,53,12121,2
274,54,29358,11
274,55,13979,4950
274,56,27361,5
274,57,21554,21
274,58,38323,1
274,59,33801,29
274,60,2580,4918
274,61,34611,795
274,62,35738,7
274,63,35633,27
274,64,3505,2
274,65,5583,4285
274,66,20611,7
274,67,3341,4945
274,68,20727,187
274,69,18118,35
274,70,21741,19
274,71,25734,6
274,72,28695,1
274,73,13454,1039
274,74,38428,6
274,75,30571,6
274,76,15967,2
274,77,14815,2780
274,78,26582,1
274,79,2254,26
274,80,2190,1
274,81,7708,16
274,82,4231,51
274,83,14459,2411
274,84,2310,4540
274,85,24665,1
274,86,25412,1
274,87,20054,1
274,88,19807,1
274,89,2957,5225
274,90,30508,1
274,91,4240,1
274,92,1175,5822
274,93,32789,2
274,94,20331,5
274,95,16389,27
274,96,4200,3771
274,97,12322,3
274,98,29976,3
274,99,33206,6
278,0,2461,13
278,1,30849,2
278,2,24811,2590
278,3,15685,10184
278,4,20783,8426
278,5,34932,9781
278,6,34681,9638
278,7,17816,886
278,8,3373,275
278,9,22373,10225
278,10,37318,8258
278,11,9371,177
278,12,8771,12
278,13,25465,10
278,14,17678,130
278,15,20377,8770
278,16,28501,9297
278,17,9103,3
278,18,4008,323
278,19,19159,11387
278,20,16656,22
278,21,5929,13
278,22,7404,630
278,23,26573,9268
278,24,24668,2
278,25,20597,9563
278,26,16879,21
278,27,18242,10
278,28,30254,17
278,29,4343,65
278,30,32426,28
278,31,28931,9575
278,32,13177,70
278,33,7382,42
278,34,12601,162
278,35,21375,1
278,36,32964,9973
278,37,2496,2
278,38,13375,10645
278,39,10242,3572
278,40,26263,5
278,41,21754,10716
278,42,29286,16
278,43,23820,15
278,44,36047,2
278,45,32647,1
278,46,24708,4680
278,47,30285,551
278,48,14353,4
278,49,14452,16
278,50,21785,2
278,51,2816,772
278,52,14683,11819
278,53,37054,2
278,54,17973,9
278,55,36193,48
278,56,19062,20
278,57,8225,2021
278,58,8118,2
278,59,30348,13208
278,60,14728,37
278,61,19711,953
278,62,28207,7
278,63,20276,3
278,64,3205,68
278,65,20201,3426
278,66,38437,2
278,67,10876,10718
278,68,6406,2437
278,69,12108,159
278,70,18931,9495
278,71,31605,48
278,72,18738,10272
278,73,30779,39
278,74,9613,4688
278,75,3893,3
278,76,35544,10928
278,77,23444,2
278,78,5345,1
278,79,31504,8379
278,80,35167,2
278,81,11218,1250
278,82,27673,3
278,83,26614,1
278,84,24981,9189
278,85,8687,2
278,86,35773,7
278,87,37865,960
278,88,35939,1
278,89,24884,1
278,90,23734,10923
278,91,28825,14
278,92,32353,8670
278,93,13918,279
278,94,878,21
278,95,5149,37
278,96,21126,8762
278,97,9838,3685
278,98,594,77
278,99,17616,856
275,0,19584,13
275,1,7633,42
275,2,27003,2
275,3,14087,47
275,4,34918,187
275,5,29731,3
275,6,4852,4
275,7,30928,12
275,8,23242,15
275,9,32045,32
275,10,7195,32
275,11,31984,3
275,12,37536,4
275,13,816,7
275,14,14278,2
275,15,35911,95
275,16,21976,49
275,17,9888,12
275,18,9942,4037
275,19,28200,4
275,20,21606,27
275,21,6892,1
275,22,36693,91
275,23,31469,2066
275,24,14250,6
275,25,29852,3
275,26,15144,4238
275,27,18724,63
275,28,14721,3
275,29,4756,90
275,30,32049,8
275,31,19750,18
275,32,30184,14
275,33,9525,4304
275,34,9667,9
275,35,20744,50
275,36,19271,35
275,37,24291,91
275,38,25666,33
275,39,9643,8
275,40,17250,13
275,41,25249,4
275,42,6167,114
275,43,7855,2
275,44,34263,1793
275,45,38295,9
275,46,4622,62
275,47,14980,4082
275,48,7189,1
275,49,15862,3
275,50,26444,7
275,51,28448,17
275,52,18906,494
275,53,36530,1
275,54,28336,13
275,55,37709,6
275,56,23462,27
275,57,46,10
275,58,31684,1538
275,59,22938,81
275,60,37441,22
275,61,9974,3813
275,62,4768,102
275,63,22705,275
275,64,30694,1287
275,65,37413,138
275,66,15067,1
275,67,16137,3895
275,68,36235,20
275,69,3879,3
275,70,2863,13
275,71,35378,1
275,72,16206,116
275,73,15961,3415
275,74,21224,587
275,75,32077,1304
275,76,20861,8
275,77,7885,14
275,78,29449,3
275,79,478,2
275,80,28610,17
275,81,19497,11
275,82,11003,16
275,83,37498,3
275,84,38889,19
275,85,1583,30
275,86,38002,14
275,87,4507,8
275,88,35664,1
275,89,1175,3
275,90,7903,16
275,91,10386,4184
275,92,19882,160
275,93,39896,3
275,94,35467,17
275,95,14491,7
275,96,39343,9
275,97,21701,342
275,98,34455,1
275,99,21132,558
277,0,25338,1
277,1,17713,1
277,2,26266,1
277,3,20930,1
277,4,6649,1
277,5,36486,1
277,6,28157,1
277,7,1056,1
277,8,23504,1
277,9,9052,1
277,10,27440,1
277,11,30406,1
277,12,23654,1
277,13,13762,1
277,14,24725,1
277,15,1195,1
277,16,35026,1
277,17,11966,1
277,18,38074,1
277,19,10117,1
277,20,15355,1
277,21,8614,1
277,22,21764,1
277,23,18030,1
277,24,38734,1
277,25,11342,1
277,26,18615,1
277,27,14112,1
277,28,2138,1
277,29,283,1
277,30,36452,1
277,31,1759,1
277,32,39819,1
277,33,8886,1
277,34,19183,1
277,35,18358,1
277,36,6657,1
277,37,20700,1
277,38,1083,1
277,39,14489,1
277,40,35276,1
277,41,14611,1
277,42,12405,1
277,43,36137,1
277,44,34182,1
277,45,23351,1
277,46,4794,1
277,47,9239,1
277,48,21517,1
277,49,13043,1
277,50,13478,1
277,51,17184,1
277,52,10460,1
277,53,37579,1
277,54,7610,1
277,55,31030,1
277,56,14662,1
277,57,20053,1
277,58,28201,1
277,59,37759,1
277,60,32014,1
277,61,25800,1
277,62,7999,1
277,63,17846,1
277,64,12069,1
277,65,39340,1
277,66,21806,1
277,67,9264,1
277,68,16577,1
277,69,16689,1
277,70,38647,1
277,71,27833,1
277,72,21270,1
277,73,1948,1
277,74,1650,1
277,75,15709,1
277,76,10227,1
277,77,2652,1
277,78,21241,1
277,79,18882,1
277,80,38076,1
277,81,6587,1
277,82,4343,1
277,83,15730,1
277,84,11072,1
277,85,15792,1
277,86,37192,1
277,87,31223,1
277,88,39862,1
277,89,8593,1
277,90,35917,1
277,91,3615,1
277,92,8473,1
277,93,27941,1
277,94,6288,1
277,95,35807,1
277,96,6557,1
277,97,37975,1
277,98,10382,1
277,99,14100,1
280,0,8214,3
280,1,929,16
280,2,24074,1
280,3,22528,100
280,4,32514,4
280,5,1687,58
280,6,17986,14
280,7,24295,1
280,8,3636,89
280,9,35732,93
280,10,17563,1
280,11,7793,0
280,12,34889,59
280,13,38411,3128
280,14,28125,1
280,15,22013,1
280,16,1551,4
280,17,11181,4
280,18,32140,33
280,19,1076,68
280,20,10405,4
280,21,7650,4
280,22,32475,3395
280,23,13134,2
280,24,9151,1
280,25,2086,3
280,26,16702,1
280,27,9982,1
280,28,14022,4
280,29,36222,3483
280,30,36829,3119
280,31,14587,2
280,32,22812,12
280,33,10390,1
280,34,22116,3
280,35,18988,27
280,36,20349,1
280,37,38905,30
280,38,28791,9
280,39,15088,1
280,40,641,484
280,41,11116,2
280,42,35523,7
280,43,12103,0
280,44,32318,12
280,45,17703,1
280,46,21232,3
280,47,28192,5
280,48,28682,3
280,49,11633,1
280,50,5171,7
280,51,35199,2
280,52,6238,3
280,53,38103,2
280,54,37247,2884
280,55,25866,2
280,56,6614,3
280,57,31880,30
280,58,8283,1
280,59,5169,6
280,60,9300,1
280,61,31888,4
280,62,31439,3246
280,63,15417,2
280,64,20933,5
280,65,18479,1
280,66,5176,1
280,67,7651,1
280,68,26747,102
280,69,24918,14
280,70,14715,2
280,71,20413,4
280,72,27450,1
280,73,16765,7
280,74,30038,2995
280,75,27524,81
280,76,24910,2
280,77,18212,36
280,78,37138,2
280,79,9908,1
280,80,4633,1
280,81,38308,3574
280,82,21013,2
280,83,8495,1
280,84,37163,1
280,85,22896,0
280,86,34963,3
280,87,28230,2
280,88,3785,1
280,89,32302,8
280,90,11749,12
280,91,22054,1
280,92,24592,46
280,93,1964,8
280,94,11698,7
280,95,26465,14
280,96,28340,72
280,97,26112,1
280,98,16521,2
280,99,14232,1
281,0,15840,7347
281,1,19569,4721
281,2,37893,7
281,3,42,2
281,4,16901,1
281,5,15538,5
281,6,31577,31
281,7,21140,81
281,8,21248,8551
281,9,4625,4
281,10,13055,1
281,11,13588,5
281,12,24085,2
281,13,9059,3934
281,14,2592,31
281,15,18051,7364
281,16,17060,8310
281,17,10919,1
281,18,3496,11
281,19,25945,614
281,20,36638,1
281,21,19446,7942
281,22,37262,11
281,23,10286,6
281,24,27173,3396
281,25,37785,19
281,26,18497,4
281,27,8605,8021
281,28,20416,7381
281,29,37301,11
281,30,13936,0
281,31,32197,141
281,32,15927,18
281,33,23009,8128
281,34,25526,28
281,35,3433,38
281,36,28561,59
281,37,34072,18
281,38,8929,0
281,39,15287,2
281,40,32744,63
281,41,35402,6
281,42,4446,8067
281,43,30758,224
281,44,6246,7298
281,45,14605,7904
281,46,17026,7887
281,47,18744,3615
281,48,31070,4
281,49,26929,20
281,50,13303,3
281,51,26655,8613
281,52,31497,30
281,53,26160,516
281,54,32577,103
281,55,9596,3444
281,56,6363,27
281,57,6724,2
281,58,37996,5
281,59,30658,20
281,60,513,24
281,61,10899,3
281,62,36820,2
281,63,2489,434
281,64,11770,4499
281,65,10310,0
281,66,39632,7
281,67,20447,8488
281,68,2255,3
281,69,10679,1
281,70,32188,19
281,71,33705,8
281,72,14960,240
281,73,22920,35
281,74,12834,7396
281,75,29031,7634
281,76,29805,7558
281,77,11281,3
281,78,3653,67
281,79,4485,16
281,80,34701,13
281,81,10097,10
281,82,24137,1522
281,83,31533,10
281,84,33743,8
281,85,36166,9
281,86,7554,11
281,87,12682,51
281,88,19643,7857
281,89,26871,2
281,90,29143,16
281,91,28200,7633
281,92,39651,4
281,93,9070,6
281,94,26835,1
281,95,20919,25
281,96,23483,3
281,97,35491,1
281,98,21000,7578
281,99,38511,43
283,0,589,1
283,1,18641,1
283,2,10256,58
283,3,8662,1
283,4,11775,1
283,5,27836,1
283,6,8043,1
283,7,31098,4613
283,8,22376,1
283,9,26839,1
283,10,18424,1
283,11,1997,5
283,12,2045,2
283,13,31410,1
283,14,13659,1
283,15,29623,1
283,16,26043,446
283,17,11442,1
283,18,20785,0
283,19,19855,1
283,20,27821,1
283,21,32206,1
283,22,27689,1
283,23,15982,1
283,24,31129,1
283,25,6387,355
283,26,18556,1
283,27,11359,7
283,28,11277,2
283,29,38792,1
283,30,23370,1
283,31,36978,1
283,32,29697,1
283,33,34124,1
283,34,22354,1
283,35,30896,131
283,36,15785,1
283,37,7386,1
283,38,5006,1
283,39,14888,1
283,40,12186,1
283,41,26830,1
283,42,26601,0
283,43,33448,4009
283,44,18390,1
283,45,17154,2
283,46,29086,3814
283,47,33991,1
283,48,26294,1
283,49,39986,1
283,50,33390,1
283,51,3743,1
283,52,20979,1
283,53,10046,69
283,54,1917,1
283,55,38489,3500
283,56,10512,1
283,57,13389,1
283,58,14922,1
283,59,16033,1
283,60,14440,1
283,61,16525,1
283,62,22410,1
283,63,28344,1
283,64,30095,1
283,65,26649,1
283,66,10719,48
283,67,34855,1
283,68,11240,723
283,69,35508,1
283,70,37242,1
283,71,10769,1
283,72,39939,1
283,73,14258,5005
283,74,7242,1
283,75,22370,1
283,76,20016,1
283,77,25142,1
283,78,34271,1
283,79,11684,1
283,80,18213,1
283,81,26518,1
283,82,14240,2
283,83,25456,1
283,84,583,1
283,85,5979,1
283,86,22373,1
283,87,3777,1
283,88,31576,1
283,89,37732,1
283,90,34354,1
283,91,15908,1
283,92,5886,5438
283,93,38505,1
283,94,36561,1
283,95,28363,0
283,96,33196,1
283,97,16733,1
283,98,15691,7
283,99,26305,1
279,0,10087,8121
279,1,13137,105
279,2,38629,1
279,3,29551,37
279,4,1522,11
279,5,8783,3
279,6,4624,5
279,7,11013,0
279,8,20985,19
279,9,31266,2
279,10,32809,3
279,11,15167,52
279,12,1615,3
279,13,36113,120
279,14,32144,29
279,15,12767,12
279,16,4010,0
279,17,8841,7661
279,18,15364,34
279,19,4028,6
279,20,2889,8960
279,21,21373,18
279,22,12191,7
279,23,23725,19
279,24,2690,40
279,25,16296,8129
279,26,15026,8252
279,27,16865,9368
279,28,32999,1
279,29,1774,22
279,30,5885,7877
279,31,6540,3
279,32,9940,25
279,33,23648,13
279,34,16011,29
279,35,5820,11
279,36,37528,14
279,37,34015,29
279,38,33512,4
279,39,10442,6621
279,40,14718,8826
279,41,6040,37
279,42,38208,2
279,43,2475,8179
279,44,6327,93
279,45,29549,48
279,46,16854,7783
279,47,24486,5
279,48,16741,7674
279,49,29748,19
279,50,29917,55
279,51,34272,10
279,52,39942,10
279,53,25112,5
279,54,13303,8944
279,55,19923,7885
279,56,18811,3
279,57,26717,4
279,58,1479,21
279,59,19485,1
279,60,5940,104
279,61,35074,7
279,62,33589,36
279,63,7349,17
279,64,30395,1
279,65,12031,7609
279,66,32893,13
279,67,23672,2
279,68,21913,7732
279,69,1518,432
279,70,52,10
279,71,1249,4
279,72,6248,8004
279,73,33286,2
279,74,32409,8
279,75,9048,8087
279,76,439,26
279,77,16513,7710
279,78,11860,7196
279,79,26081,1
279,80,21587,16
279,81,23008,14
279,82,30798,40
279,83,9653,8442
279,84,17912,8095
279,85,25605,44
279,86,8364,1
279,87,22318,2
279,88,11796,13
279,89,19453,121
279,90,1129,27
279,91,34971,54
279,92,11060,7556
279,93,17377,8
279,94,16014,140
279,95,39603,3
279,96,16270,7735
279,97,19217,9
279,98,5073,8984
279,99,5543,15
285,0,6342,1
285,1,25073,168
285,2,9519,1
285,3,15505,3
285,4,27154,1
285,5,38239,7517
285,6,34996,457
285,7,1225,1847
285,8,22639,11433
285,9,198,39
285,10,38669,14273
285,11,36771,2
285,12,28163,1
285,13,708,1
285,14,20459,999
285,15,31259,8293
285,16,35445,8021
285,17,9872,836
285,18,8917,1
285,19,1772,1
285,20,21570,3
285,21,33927,1
285,22,12760,15514
285,23,2543,1
285,24,19260,1
285,25,27877,3
285,26,18379,13980
285,27,6747,1
285,28,35045,13126
285,29,34319,1
285,30,27773,1
285,31,22635,12913
285,32,35684,3
285,33,37132,1
285,34,31870,13811
285,35,28509,1
285,36,6818,926
285,37,3796,482
285,38,20423,8450
285,39,16086,1
285,40,30212,2
285,41,16193,14823
285,42,32838,7174
285,43,21731,5
285,44,18309,1
285,45,2210,2001
285,46,25610,10763
285,47,28250,2
285,48,4271,1539
285,49,37167,1
285,50,16776,6989
285,51,36127,1
285,52,12533,4154
285,53,11094,10639
285,54,21192,3718
285,55,31810,11146
285,56,38064,1
285,57,37044,14338
285,58,11439,41
285,59,27206,9407
285,60,12660,348
285,61,32351,1
285,62,29289,1
285,63,23485,158
285,64,7823,1
285,65,24928,1
285,66,17458,8520
285,67,27982,12777
285,68,27933,1
285,69,4670,811
285,70,29378,1
285,71,39577,1
285,72,5003,188
285,73,245,24
285,74,24019,8453
285,75,6001,179
285,76,9382,594
285,77,19910,4637
285,78,22416,7484
285,79,30088,54
285,80,27679,19
285,81,13608,4
285,82,7580,1
285,83,3688,1
285,84,16413,11585
285,85,20188,6077
285,86,21563,14916
285,87,30493,4
285,88,35775,46
285,89,8798,108
285,90,22369,4606
285,91,9137,2
285,92,34477,6
285,93,30199,364
285,94,7381,1
285,95,9679,51
285,96,409,2
285,97,33007,14256
285,98,31618,9768
285,99,22921,84
284,0,38717,1
284,1,6433,1
284,2,35701,1
284,3,1639,1
284,4,2766,1
284,5,20740,1
284,6,21405,1
284,7,4380,1
284,8,1379,1
284,9,31305,1
284,10,3178,1
284,11,30975,1
284,12,38968,1
284,13,33708,1
284,14,5992,1
284,15,38869,1
284,16,19936,1
284,17,10134,1
284,18,37562,1
284,19,16904,1
284,20,35337,1
284,21,18483,1
284,22,7973,1
284,23,5391,1
284,24,1239,1
284,25,28530,5121
284,26,16584,1
284,27,8124,1
284,28,32300,1
284,29,33240,1
284,30,14314,1
284,31,5025,1
284,32,2569,1
284,33,20865,1
284,34,28460,5
284,35,4064,1
284,36,2254,1
284,37,12277,1
284,38,36637,1
284,39,15886,1
284,40,1757,1
284,41,31907,1
284,42,27564,1
284,43,3075,1
284,44,4381,1
284,45,5309,1
284,46,33464,1
284,47,37697,1
284,48,1882,1
284,49,21871,1
284,50,4996,1
284,51,1023,1
284,52,27274,1
284,53,26685,1
284,54,22214,1
284,55,4433,1
284,56,1963,1
284,57,18552,1
284,58,18078,1
284,59,38069,1
284,60,17799,1
284,61,16988,1
284,62,20260,1
284,63,60,1
284,64,20633,1935
284,65,29449,1
284,66,23002,1
284,67,15186,1
284,68,12426,264
284,69,18908,1
284,70,11904,1
284,71,26285,1
284,72,17492,1
284,73,34090,1
284,74,1223,1
284,75,846,1
284,76,4488,1
284,77,26840,1
284,78,19549,1
284,79,35511,1
284,80,37610,1
284,81,1818,160
284,82,807,1
284,83,20650,1
284,84,19834,1
284,85,3270,1
284,86,8973,1
284,87,6041,1
284,88,23566,1
284,89,14228,1
284,90,4974,1
284,91,2991,1
284,92,15770,1
284,93,23093,1
284,94,32245,1
284,95,11577,1
284,96,5266,1
284,97,23628,1
284,98,27139,1
284,99,34995,1
282,0,32963,2834
282,1,36353,2561
282,2,36437,338
282,3,34796,2759
282,4,31036,1
282,5,13985,2
282,6,38100,0
282,7,37901,28
282,8,1116,2
282,9,17946,1
282,10,22932,116
282,11,36201,1883
282,12,12850,11
282,13,20762,11
282,14,39192,3088
282,15,33585,3051
282,16,10535,15
282,17,11704,88
282,18,9430,3
282,19,34986,3140
282,20,1588,2585
282,21,20410,13
282,22,26550,2
282,23,18830,2
282,24,16755,6
282,25,7040,54
282,26,16761,61
282,27,12735,9
282,28,4883,3
282,29,37713,35
282,30,9911,49
282,31,19369,353
282,32,32934,41
282,33,21505,3
282,34,18944,7
282,35,6451,12
282,36,11221,1078
282,37,12219,510
282,38,21220,9
282,39,14689,3
282,40,23731,33
282,41,38897,16
282,42,21327,19
282,43,14793,1285
282,44,8110,2
282,45,20253,7
282,46,36940,2272
282,47,3439,17
282,48,23906,11
282,49,28338,1
282,50,21610,3
282,51,12288,4
282,52,35719,45
282,53,25636,3
282,54,2940,2
282,55,14759,95
282,56,10763,32
282,57,38545,2726
282,58,21562,95
282,59,26896,2
282,60,23227,2
282,61,1162,437
282,62,17028,873
282,63,4919,4
282,64,39258,30
282,65,31170,3204
282,66,16263,48
282,67,22060,126
282,68,32084,13
282,69,6099,0
282,70,16120,35
282,71,37477,2
282,72,8780,2311
282,73,8103,1
282,74,24446,22
282,75,20863,50
282,76,15122,1
282,77,35721,23
282,78,27756,3
282,79,17107,371
282,80,28144,107
282,81,14728,36
282,82,7468,10
282,83,38769,2815
282,84,7651,1
282,85,32709,41
282,86,9783,889
282,87,19324,7
282,88,15719,183
282,89,3162,8
282,90,16960,14
282,91,9762,3
282,92,27179,4
282,93,35047,163
282,94,21424,1
282,95,30261,13
282,96,38052,1
282,97,7354,1
282,98,11212,5
282,99,2027,171
286,0,23465,191
286,1,1857,1
286,2,11712,1
286,3,13907,11
286,4,37640,1
286,5,33038,1850
286,6,1520,1
286,7,14338,3041
286,8,2507,1
286,9,13518,1616
286,10,8547,2427
286,11,19384,11
286,12,16928,1
286,13,16059,1
286,14,17059,1
286,15,10441,1
286,16,28920,1
286,17,10657,1
286,18,14851,1
286,19,10814,1
286,20,22871,4
286,21,34891,2697
286,22,2048,1
286,23,7438,1
286,24,5195,1
286,25,37132,1
286,26,16643,1
286,27,10877,1
286,28,23161,1
286,29,34731,1
286,30,27395,1
286,31,9806,1
286,32,12691,56
286,33,35628,1
286,34,25288,1
286,35,31526,1
286,36,33125,1
286,37,25591,1
286,38,32714,1
286,39,15487,1
286,40,21199,1
286,41,19688,2262
286,42,9720,1
286,43,9413,1
286,44,20173,1
286,45,11506,1
286,46,9172,21
286,47,12945,1
286,48,33458,2763
286,49,38576,680
286,50,25083,1
286,51,18111,17
286,52,16756,1
286,53,10570,789
286,54,31555,1
286,55,36974,2
286,56,2464,1
286,57,25216,21
286,58,31357,1
286,59,19795,1
286,60,31726,1
286,61,26262,1
286,62,5849,1
286,63,25914,1
286,64,38959,1
286,65,5788,44
286,66,34089,1
286,67,29595,8
286,68,17763,1
286,69,89,4
286,70,13310,4
286,71,3349,3
286,72,2471,348
286,73,25428,1
286,74,35630,1
286,75,34185,7
286,76,34699,1
286,77,4350,1
286,78,10168,1782
286,79,2710,1
286,80,21122,6
286,81,21887,1470
286,82,30910,1
286,83,14572,3
286,84,30322,1
286,85,13083,1
286,86,20144,1
286,87,37135,1
286,88,31852,11
286,89,25089,1673
286,90,6538,1
286,91,34346,1
286,92,18357,1
286,93,12528,4833
286,94,1971,3
286,95,19021,1
286,96,18627,1
286,97,4870,31
286,98,21830,1
286,99,26437,2
290,0,17985,4282
290,1,7744,1
290,2,7294,1
290,3,18613,1
290,4,2617,1
290,5,8160,1
290,6,28648,1
290,7,31452,1
290,8,436,1
290,9,24618,1
290,10,10021,1
290,11,2617,1
290,12,2692,1
290,13,6440,1
290,14,21506,1
290,15,34849,1
290,16,19923,1
290,17,15827,5
290,18,27290,205
290,19,25965,1
290,20,32662,1
290,21,30626,1
290,22,25178,6802
290,23,14101,1
290,24,35742,1
290,25,6067,9244
290,26,19229,1
290,27,19558,292
290,28,20365,1
290,29,4245,1
290,30,17461,1
290,31,3747,1
290,32,23205,1
290,33,39088,1
290,34,38731,1
290,35,20854,1
290,36,1084,1
290,37,11346,6264
290,38,1566,1
290,39,37265,1
290,40,5708,1
290,41,6806,396
290,42,10791,1
290,43,22758,1
290,44,5095,1
290,45,34547,1
290,46,31965,1
290,47,22143,1
290,48,10375,1
290,49,18014,1
290,50,9044,8648
290,51,8762,1
290,52,13379,4421
290,53,16861,6772
290,54,27201,171
290,55,18661,1
290,56,18718,1
290,57,36202,1
290,58,17752,1
290,59,17778,5911
290,60,2810,1
290,61,33919,1
290,62,28886,1
290,63,36759,1
290,64,32618,1
290,65,39108,1
290,66,30875,1
290,67,35653,1
290,68,16165,5050
290,69,29651,8
290,70,24367,3
290,71,23490,1
290,72,3798,1
290,73,28644,1
290,74,30885,1
290,75,8677,1
290,76,3599,3
290,77,2010,1
290,78,37277,1
290,79,36782,1
290,80,5214,1
290,81,17129,1
290,82,27299,1
290,83,3967,1
290,84,30712,1
290,85,18338,1
290,86,15284,1
290,87,1083,1
290,88,35282,1
290,89,540,1
290,90,21921,1
290,91,33722,1
290,92,37199,1
290,93,35393,1
290,94,34189,1
290,95,26918,1
290,96,14612,15685
290,97,22514,1
290,98,37392,1
290,99,35189,1
287,0,31091,1
287,1,24145,1
287,2,25530,1
287,3,27773,1
287,4,22027,1
287,5,6889,1
287,6,11463,1
287,7,11183,1
287,8,23767,1
287,9,22412,1
287,10,7686,1
287,11,25179,1
287,12,6124,1
287,13,26708,1
287,14,31525,1
287,15,6479,1
287,16,4428,1
287,17,10395,1
287,18,26206,1
287,19,35683,1
287,20,9104,1
287,21,6687,1
287,22,3187,1
287,23,8239,1
287,24,23217,1
287,25,32831,1
287,26,18438,1
287,27,9500,1
287,28,29555,1
287,29,35810,1
287,30,855,1
287,31,27416,1
287,32,5806,1
287,33,8247,1
287,34,28698,1
287,35,15971,1
287,36,37690,1
287,37,17110,1
287,38,16500,1
287,39,15687,1
287,40,9654,1
287,41,7621,1
287,42,18642,1
287,43,24420,1
287,44,30453,1
287,45,8407,1
287,46,1318,1
287,47,3497,1
287,48,39494,1
287,49,10224,1
287,50,36863,1
287,51,9567,1
287,52,2015,1
287,53,38627,1
287,54,26884,1
287,55,20703,1
287,56,2213,1
287,57,3708,1
287,58,24717,1
287,59,8932,1
287,60,26587,1
287,61,1625,1
287,62,11231,1
287,63,12987,1
287,64,29796,1
287,65,37619,1
287,66,28545,1
287,67,2391,1
287,68,36918,1
287,69,29499,1
287,70,30783,1
287,71,16641,1
287,72,29981,1
287,73,31583,1
287,74,18427,1
287,75,39340,1
287,76,39593,1
287,77,33771,1
287,78,13034,1
287,79,37286,1
287,80,11190,1
287,81,30028,1
287,82,37682,1
287,83,37611,1
287,84,23254,1
287,85,30001,1
287,86,36382,1
287,87,21588,1
287,88,7709,1
287,89,19658,1
287,90,27580,1
287,91,493,1
287,92,37064,1
287,93,19634,1
287,94,17108,1
287,95,17123,1
287,96,10122,1
287,97,14249,0
287,98,26309,1
287,99,10716,1
288,0,33236,1
288,1,12320,21
288,2,31283,2
288,3,6344,0
288,4,7743,4
288,5,35862,5
288,6,8533,10
288,7,21495,2623
288,8,39308,11
288,9,2405,99
288,10,4652,10
288,11,14208,18
288,12,24732,24
288,13,24089,2278
288,14,10439,4
288,15,19629,5
288,16,10940,17
288,17,15303,531
288,18,10001,4
288,19,32055,2
288,20,5128,68
288,21,17866,43
288,22,31103,7
288,23,8405,2
288,24,28138,19
288,25,37465,7
288,26,19170,3
288,27,16805,13
288,28,25856,5
288,29,2754,2
288,30,4380,2
288,31,38966,2
288,32,13084,29
288,33,24325,2
288,34,1903,5
288,35,33392,12
288,36,10212,7
288,37,38031,7
288,38,5489,7
288,39,37664,18
288,40,22618,15
288,41,15378,2
288,42,24988,3
288,43,16420,213
288,44,32950,3
288,45,31997,5
288,46,19905,1220
288,47,6896,1
288,48,15152,30
288,49,4957,17
288,50,32605,0
288,51,31674,5
288,52,23898,1834
288,53,29328,10
288,54,21508,106
288,55,29768,3
288,56,14569,1
288,57,33185,2
288,58,4474,14
288,59,36052,5
288,60,28884,92
288,61,24645,9
288,62,3297,4
288,63,10904,7
288,64,10644,4
288,65,26417,2
288,66,19788,18
288,67,21244,31
288,68,7180,1
288,69,8470,15
288,70,22961,4
288,71,6426,6
288,72,22467,2839
288,73,954,6
288,74,36477,6
288,75,15338,1
288,76,13388,19
288,77,24500,3
288,78,6658,15
288,79,29583,24
288,80,21703,591
288,81,708,7
288,82,37196,1
288,83,10045,4
288,84,20224,21
288,85,8525,2
288,86,465,11
288,87,9989,8
288,88,23348,6
288,89,29679,18
288,90,16710,56
288,91,6014,2
288,92,34612,4
288,93,2309,12
288,94,24462,13
288,95,19474,2213
288,96,1251,2
288,97,1272,11
288,98,2701,13
288,99,7394,2
289,0,862,1
289,1,34608,1
289,2,5102,1
289,3,23858,1
289,4,28482,1
289,5,9713,1
289,6,18476,0
289,7,14692,1
289,8,16920,1
289,9,11298,1
289,10,143,1
289,11,20004,1
289,12,13927,1
289,13,34737,1
289,14,24906,1
289,15,15667,1
289,16,26448,1
289,17,15042,1
289,18,21356,1
289,19,16924,1
289,20,27712,1
289,21,29663,1
289,22,35889,1
289,23,9205,4
289,24,6160,1
289,25,36812,1
289,26,17316,1
289,27,15429,1
289,28,32249,1
289,29,3832,11
289,30,17839,1
289,31,12927,1
289,32,6199,5
289,33,36944,1
289,34,1665,1
289,35,17837,1
289,36,14777,2
289,37,29550,1
289,38,29274,1
289,39,37864,1
289,40,14721,0
289,41,3311,107
289,42,33910,44
289,43,35075,5
289,44,3230,1127
289,45,28899,34
289,46,12052,1920
289,47,1096,1
289,48,17540,4
289,49,16605,1
289,50,737,4
289,51,23130,1
289,52,9157,1
289,53,17385,22
289,54,16838,1
289,55,13497,1
289,56,10670,11
289,57,8029,1
289,58,37835,1
289,59,25188,1
289,60,20096,1
289,61,8,1
289,62,12326,1
289,63,34329,1
289,64,1482,1
289,65,21896,1
289,66,14244,1
289,67,30392,1
289,68,26336,1
289,69,37880,1
289,70,435,5
289,71,16070,1
289,72,9978,1
289,73,3462,1
289,74,19273,1
289,75,20493,1
289,76,18282,1
289,77,17570,1
289,78,13173,1
289,79,24160,1
289,80,8123,1
289,81,12498,1
289,82,3968,1
289,83,33083,1
289,84,16803,1
289,85,25442,1
289,86,13055,1
289,87,34441,1
289,88,39206,1
289,89,24249,1
289,90,34104,1
289,91,12160,1
289,92,13319,1
289,93,9415,1
289,94,39599,1
289,95,17576,1
289,96,36394,0
289,97,10651,7
289,98,7180,1
289,99,31673,1
294,0,8487,27
294,1,13248,33
294,2,18920,2936
294,3,37724,5
294,4,9221,12
294,5,27213,1
294,6,32067,4
294,7,11537,135
294,8,38179,12
294,9,20191,30
294,10,39283,27
294,11,25800,1
294,12,6771,39
294,13,1737,46
294,14,3020,88
294,15,8057,830
294,16,1957,12
294,17,18428,3
294,18,32712,5
294,19,38144,1
294,20,13945,138
294,21,5107,1
294,22,676,24
294,23,6357,15
294,24,24182,1
294,25,32511,16
294,26,19111,3332
294,27,14052,21
294,28,34995,1
294,29,1263,50
294,30,31298,1
294,31,30537,2
294,32,2962,77
294,33,9563,3492
294,34,5075,56
294,35,5930,4
294,36,19341,2588
294,37,24717,3712
294,38,9412,18
294,39,38064,23
294,40,3176,1
294,41,27597,1
294,42,2832,1294
294,43,13730,19
294,44,17158,88
294,45,25800,1
294,46,4198,1
294,47,35296,1
294,48,19928,2879
294,49,28252,62
294,50,12518,1
294,51,18234,59
294,52,34416,45
294,53,1795,1
294,54,15816,5
294,55,37227,2
294,56,10419,5
294,57,26521,3542
294,58,27548,2687
294,59,14325,5
294,60,14957,51
294,61,15371,3
294,62,17707,2
294,63,21402,26
294,64,28671,61
294,65,13726,3
294,66,8701,1
294,67,3188,5
294,68,1843,1
294,69,27289,374
294,70,17908,2
294,71,29362,1
294,72,37488,1
294,73,9617,14
294,74,2070,53
294,75,21999,39
294,76,23177,4
294,77,10639,8
294,78,16040,42
294,79,22384,12
294,80,38191,1
294,81,20639,1
294,82,7093,1
294,83,16122,3
294,84,9735,88
294,85,38712,8
294,86,25646,12
294,87,18894,1
294,88,11415,13
294,89,18819,36
294,90,11499,1
294,91,18307,1
294,92,32025,2
294,93,12874,1
294,94,14735,265
294,95,15678,1
294,96,31538,3
294,97,20030,1
294,98,8010,1
294,99,19599,1
291,0,25611,1
291,1,30032,3
291,2,17464,5086
291,3,32479,4705
291,4,23356,1
291,5,22011,31
291,6,38590,2
291,7,24650,4789
291,8,18048,594
291,9,33512,11
291,10,9160,2
291,11,8413,1062
291,12,31888,26
291,13,17088,7
291,14,35972,7
291,15,27239,1
291,16,35432,2178
291,17,15565,355
291,18,38646,6
291,19,7186,2310
291,20,18895,1
291,21,2422,1642
291,22,29964,1
291,23,11253,109
291,24,13764,544
291,25,1766,2
291,26,17375,92
291,27,18182,23
291,28,23111,1
291,29,5323,236
291,30,30921,1
291,31,21356,11
291,32,16320,13
291,33,11707,2
291,34,38493,39
291,35,5299,1
291,36,5648,36
291,37,6512,1
291,38,25351,3
291,39,37465,3096
291,40,34163,28
291,41,31092,5
291,42,19713,1
291,43,37765,267
291,44,19023,6
291,45,35096,122
291,46,27759,1
291,47,16343,12
291,48,12763,11
291,49,29662,2
291,50,20825,13
291,51,218,2052
291,52,38639,3083
291,53,1270,40
291,54,26178,28
291,55,2390,2436
291,56,14820,6
291,57,14693,1
291,58,11113,325
291,59,6915,1
291,60,37671,3825
291,61,9282,30
291,62,37916,6
291,63,23832,1458
291,64,19807,38
291,65,34587,41
291,66,25331,1
291,67,8448,1
291,68,31672,324
291,69,19060,4591
291,70,1840,2
291,71,33134,1
291,72,31308,22
291,73,34799,8
291,74,13681,2
291,75,13832,53
291,76,8494,1
291,77,35079,2
291,78,143,1
291,79,31358,7
291,80,31634,1768
291,81,28918,1
291,82,30423,13
291,83,27006,1
291,84,23644,1
291,85,31607,5
291,86,27875,51
291,87,25536,1
291,88,11139,73
291,89,35110,2
291,90,39316,1
291,91,39868,1
291,92,15906,1
291,93,38851,16
291,94,9325,14
291,95,25020,4
291,96,9755,95
291,97,31893,294
291,98,1871,2
291,99,19467,6
292,0,23739,1
292,1,17824,688
292,2,6557,1
292,3,25456,3812
292,4,14347,1
292,5,14915,1
292,6,11953,1
292,7,1580,20
292,8,37051,2
292,9,37978,1
292,10,30266,4
292,11,37391,4
292,12,25162,1
292,13,19386,377
292,14,31954,2770
292,15,36485,385
292,16,32973,1
292,17,17904,1
292,18,15422,4
292,19,7882,1
292,20,26411,4332
292,21,28699,58
292,22,6601,2
292,23,662,11
292,24,20225,3500
292,25,27556,1
292,26,19052,4
292,27,11299,1
292,28,4134,1
292,29,39772,1
292,30,21864,4605
292,31,25756,1
292,32,32840,1
292,33,38448,1
292,34,8246,36
292,35,18467,3
292,36,28469,116
292,37,7755,1
292,38,16982,406
292,39,38463,82
292,40,20086,1
292,41,36169,43
292,42,17029,1
292,43,11041,7266
292,44,5014,31
292,45,19603,4
292,46,32138,2999
292,47,20049,4091
292,48,28352,37
292,49,15195,29
292,50,32430,1
292,51,1146,10
292,52,4934,0
292,53,17910,1
292,54,10123,1
292,55,8334,0
292,56,6270,68
292,57,19857,42
292,58,14269,2
292,59,32599,3
292,60,37383,27
292,61,9745,1
292,62,32118,2
292,63,31900,2
292,64,10345,1
292,65,1035,1
292,66,37614,1
292,67,28780,1
292,68,32858,54
292,69,2460,381
292,70,16503,1
292,71,12297,1
292,72,12509,1
292,73,18279,2
292,74,7662,1341
292,75,32308,2035
292,76,29318,2386
292,77,36777,1
292,78,25421,2821
292,79,15186,1
292,80,14680,31
292,81,4218,1
292,82,16990,200
292,83,22200,3562
292,84,2895,164
292,85,32547,1
292,86,10826,1
292,87,27800,4699
292,88,3129,1
292,89,7958,1
292,90,9936,1
292,91,30599,194
292,92,29438,1
292,93,23438,4375
292,94,5009,67
292,95,8234,17
292,96,21825,3981
292,97,38788,51
292,98,13319,1
292,99,28157,11
293,0,31364,12
293,1,112,2
293,2,16728,13
293,3,39321,135
293,4,38734,19
293,5,28766,4331
293,6,21896,15
293,7,34777,3
293,8,18311,4
293,9,6871,9
293,10,29406,0
293,11,3186,58
293,12,18006,214
293,13,30034,38
293,14,6420,4
293,15,32523,3376
293,16,8482,88
293,17,17643,2
293,18,26778,3
293,19,29103,2762
293,20,12644,22
293,21,4143,3
293,22,11387,1
293,23,37814,8
293,24,38247,66
293,25,23255,5
293,26,17198,28
293,27,13570,857
293,28,10527,43
293,29,850,71
293,30,35324,3751
293,31,3365,40
293,32,25956,4313
293,33,11067,20
293,34,8008,30
293,35,2912,53
293,36,33033,14
293,37,2922,0
293,38,37120,9
293,39,38663,722
293,40,12189,3
293,41,24102,3738
293,42,25951,4423
293,43,29696,2
293,44,15294,3
293,45,16504,2
293,46,24284,15
293,47,10602,42
293,48,30740,3665
293,49,26843,1
293,50,4210,1
293,51,32601,4
293,52,30193,1
293,53,2319,7
293,54,5453,68
293,55,35712,2
293,56,2371,28
293,57,34700,33
293,58,7630,4
293,59,21736,8
293,60,32244,5
293,61,25108,4385
293,62,1147,1
293,63,18972,14
293,64,1182,7
293,65,32865,4187
293,66,32070,8
293,67,1575,9
293,68,12014,2
293,69,31870,4190
293,70,37624,163
293,71,25589,9
293,72,20,14
293,73,20786,1001
293,74,34106,3530
293,75,33815,116
293,76,34212,18
293,77,26199,1
293,78,31936,3836
293,79,9762,12
293,80,1100,39
293,81,16008,38
293,82,23763,20
293,83,5239,15
293,84,39474,124
293,85,5816,19
293,86,27065,26
293,87,12252,32
293,88,15338,790
293,89,2528,31
293,90,27330,1
293,91,33097,561
293,92,8145,34
293,93,26896,6
293,94,20146,181
293,95,6336,97
293,96,13321,20
293,97,8167,18
293,98,17798,82
293,99,16083,4
296,0,14241,1
296,1,23328,54
296,2,18184,1
296,3,4567,1
296,4,24600,334
296,5,33968,1
296,6,15372,1
296,7,18016,1
296,8,38442,1
296,9,33551,1
296,10,19529,20
296,11,24221,1
296,12,29241,1
296,13,14683,1
296,14,9820,1
296,15,13341,1
296,16,11359,1
296,17,16857,1
296,18,20844,1
296,19,23710,1
296,20,11342,1
296,21,3180,1
296,22,25747,1
296,23,32918,1
296,24,8665,11
296,25,14000,1
296,26,18934,1
296,27,9440,26
296,28,22412,1
296,29,36790,7
296,30,39349,1
296,31,16194,1
296,32,8949,1
296,33,12572,1
296,34,14590,1
296,35,3543,1
296,36,6726,1
296,37,21127,1
296,38,24828,1
296,39,39261,1
296,40,21202,1
296,41,16960,1
296,42,9069,1
296,43,2013,1
296,44,17077,1
296,45,10856,1
296,46,722,8
296,47,29555,1
296,48,37905,1
296,49,25433,1
296,50,35903,1
296,51,6969,1
296,52,25970,1
296,53,2843,4055
296,54,35090,1
296,55,30548,0
296,56,37971,1
296,57,6528,13
296,58,27712,1
296,59,25498,1
296,60,9530,1
296,61,31197,1
296,62,24587,1373
296,63,16543,1
296,64,10046,1
296,65,12005,1
296,66,15440,1
296,67,39963,1
296,68,18537,1
296,69,36451,1830
296,70,13692,1
296,71,18169,1
296,72,2552,1
296,73,35603,1
296,74,22495,21
296,75,5630,1
296,76,8895,4015
296,77,5406,1
296,78,7833,35
296,79,788,1
296,80,7657,2
296,81,7729,1
296,82,432,2711
296,83,34355,1
296,84,25566,792
296,85,12921,4
296,86,24836,1
296,87,9259,2711
296,88,19261,0
296,89,29885,1
296,90,3161,1
296,91,11536,56
296,92,20616,1
296,93,4567,1
296,94,25556,866
296,95,33346,0
296,96,38751,1
296,97,36304,1
296,98,27585,899
296,99,12567,1
297,0,21866,1
297,1,5616,3
297,2,32002,15
297,3,18433,1
297,4,5339,2
297,5,11467,1
297,6,25315,23
297,7,14861,7
297,8,16054,2
297,9,2444,2595
297,10,15020,2327
297,11,30017,1
297,12,18437,122
297,13,21684,69
297,14,24287,168
297,15,5731,3
297,16,26867,46
297,17,16596,1
297,18,32199,3065
297,19,4930,0
297,20,37575,30
297,21,14976,1
297,22,26885,17
297,23,30070,3
297,24,26687,1
297,25,13347,1
297,26,17080,1
297,27,8064,138
297,28,25157,2816
297,29,34220,62
297,30,12808,2658
297,31,33803,14
297,32,5712,1
297,33,25190,2
297,34,14352,1
297,35,31636,10
297,36,11290,1
297,37,12646,5
297,38,8614,2
297,39,3109,1
297,40,9657,8
297,41,4893,1
297,42,14344,6
297,43,20668,1
297,44,27357,162
297,45,7757,1
297,46,36516,1
297,47,20107,17
297,48,293,37
297,49,37081,46
297,50,7683,1
297,51,2073,73
297,52,11230,3107
297,53,30901,53
297,54,30420,1002
297,55,14278,12
297,56,37720,86
297,57,25020,1218
297,58,21073,3
297,59,14635,18
297,60,743,0
297,61,6560,1
297,62,29968,13
297,63,3616,1811
297,64,37235,5
297,65,7483,2
297,66,9896,1
297,67,9111,1
297,68,37692,5
297,69,25861,7
297,70,34814,45
297,71,31461,7
297,72,30063,46
297,73,1759,1
297,74,5291,0
297,75,10785,83
297,76,13789,70
297,77,34827,10
297,78,14347,1
297,79,39013,76
297,80,37726,9
297,81,19519,355
297,82,7205,29
297,83,17394,338
297,84,22145,22
297,85,29838,27
297,86,37426,15
297,87,33712,3
297,88,35118,20
297,89,24454,99
297,90,20556,1
297,91,17682,70
297,92,39323,4
297,93,8025,567
297,94,692,1
297,95,31448,1
297,96,33895,65
297,97,5683,1
297,98,28416,813
297,99,36846,90
295,0,16113,5329
295,1,35536,1
295,2,32739,2
295,3,11590,1
295,4,33608,1
295,5,1064,1
295,6,2010,1
295,7,4734,5795
295,8,19439,1
295,9,29084,3234
295,10,34775,1
295,11,31595,1
295,12,35967,36
295,13,12386,1
295,14,17487,10
295,15,4095,2
295,16,17465,1
295,17,18166,153
295,18,4067,1
295,19,23013,2
295,20,178,7
295,21,16903,4
295,22,5462,1
295,23,3509,50
295,24,2203,1
295,25,31858,7
295,26,17257,1
295,27,12675,2
295,28,1388,54
295,29,2341,40
295,30,8405,1
295,31,8146,5092
295,32,36077,3
295,33,25830,15
295,34,4837,67
295,35,30374,1
295,36,23905,1
295,37,16236,1
295,38,33197,1
295,39,38263,62
295,40,31631,1
295,41,11883,1
295,42,8106,5092
295,43,32386,1
295,44,31086,2433
295,45,22701,1
295,46,36344,1
295,47,25849,270
295,48,22316,5245
295,49,39900,1
295,50,24298,1
295,51,9690,2
295,52,19675,7
295,53,29852,21
295,54,11145,4971
295,55,24605,1
295,56,6521,1
295,57,1365,1
295,58,20908,13
295,59,3462,1
295,60,6170,1
295,61,30734,1
295,62,26737,1
295,63,8475,1
295,64,19508,5560
295,65,5557,6
295,66,3157,166
295,67,15984,142
295,68,17351,5824
295,69,13051,4
295,70,39029,1
295,71,39006,1
295,72,24999,1
295,73,12124,5152
295,74,24866,1
295,75,27154,1
295,76,24423,1
295,77,3708,5052
295,78,22555,4952
295,79,16961,1
295,80,24612,1
295,81,32429,1
295,82,13865,1
295,83,39161,495
295,84,6315,1089
295,85,15629,786
295,86,38236,3
295,87,3347,1
295,88,27272,2634
295,89,13388,21
295,90,32541,1
295,91,24453,1
295,92,10732,5
295,93,19980,1
295,94,29872,2556
295,95,10132,17
295,96,26682,1
295,97,29409,1
295,98,12489,94
295,99,3878,13
301,0,12368,9874
301,1,7472,3
301,2,3629,51
301,3,37544,10744
301,4,15591,82
301,5,30519,361
301,6,28735,9963
301,7,34946,8154
301,8,17445,7
301,9,1665,123
301,10,635,47
301,11,13199,7
301,12,22515,3
301,13,16981,33
301,14,2154,57
301,15,22587,9828
301,16,8900,6
301,17,19197,13
301,18,37620,3
301,19,20758,10765
301,20,18859,4
301,21,29457,6
301,22,6031,3
301,23,22327,11
301,24,15126,11047
301,25,39790,1
301,26,16962,5773
301,27,6205,3
301,28,3435,1341
301,29,31238,56
301,30,30293,53
301,31,24241,40
301,32,25469,1
301,33,39313,9672
301,34,20695,1
301,35,16711,1
301,36,29547,1
301,37,26018,1
301,38,16459,1
301,39,3907,1
301,40,7125,10983
301,41,25684,1
301,42,6384,1
301,43,15289,1
301,44,39420,1
301,45,35363,2
301,46,5100,1
301,47,33261,4
301,48,9845,42
301,49,10967,10954
301,50,11156,10693
301,51,7896,1
301,52,32266,97
301,53,19482,0
301,54,19035,1
301,55,36492,132
301,56,29422,2
301,57,11691,1
301,58,30868,4
301,59,11183,1
301,60,12890,21
301,61,31659,162
301,62,18789,134
301,63,28259,27
301,64,36936,9782
301,65,18453,8
301,66,27722,4
301,67,20294,1
301,68,23371,10182
301,69,19851,2
301,70,32003,77
301,71,37333,1
301,72,23753,10979
301,73,19083,1
301,74,16476,4
301,75,24107,0
301,76,33367,2
301,77,3456,1
301,78,33111,200
301,79,24616,1
301,80,30703,85
301,81,23029,3
301,82,26999,3
301,83,29549,10946
301,84,1168,13
301,85,13860,18
301,86,11435,1
301,87,11523,10438
301,88,11250,169
301,89,2733,10596
301,90,13782,3
301,91,38619,1
301,92,34149,10777
301,93,29154,11148
301,94,21239,6
301,95,20208,66
301,96,10821,2
301,97,3199,2
301,98,39034,90
301,99,21256,6
298,0,38990,7
298,1,18752,1
298,2,30547,3
298,3,16835,1
298,4,19474,8
298,5,6265,2
298,6,31839,1
298,7,31622,5
298,8,39571,1
298,9,15764,3
298,10,24897,3192
298,11,8982,1477
298,12,7202,1
298,13,37035,337
298,14,20887,22
298,15,24913,2350
298,16,20342,0
298,17,17381,379
298,18,38133,3
298,19,13972,39
298,20,38877,649
298,21,15940,0
298,22,16174,130
298,23,38614,35
298,24,12621,1
298,25,22602,1
298,26,18993,893
298,27,12193,2221
298,28,13273,18
298,29,38281,82
298,30,8783,1615
298,31,20975,36
298,32,19071,1
298,33,23686,2537
298,34,11418,1
298,35,31005,47
298,36,37597,1
298,37,34441,242
298,38,20905,4
298,39,38862,118
298,40,644,3053
298,41,8388,823
298,42,31225,1
298,43,8351,2
298,44,29221,1
298,45,13405,12
298,46,16430,14
298,47,4802,1
298,48,33128,1140
298,49,38490,80
298,50,15991,1632
298,51,24057,4
298,52,15452,8
298,53,30376,3
298,54,783,1
298,55,19441,4
298,56,2121,1
298,57,13192,1209
298,58,991,0
298,59,10873,2856
298,60,23456,168
298,61,471,96
298,62,10176,1135
298,63,6045,1
298,64,28372,59
298,65,24696,2211
298,66,26527,81
298,67,14371,666
298,68,27522,179
298,69,21280,2891
298,70,15098,63
298,71,35233,262
298,72,27531,449
298,73,26941,110
298,74,16902,37
298,75,38969,2
298,76,39106,1
298,77,19268,1
298,78,38451,563
298,79,7987,157
298,80,31169,1
298,81,27798,2
298,82,30535,1
298,83,28277,182
298,84,32406,3
298,85,22734,27
298,86,39655,3
298,87,36705,1
298,88,31195,1
298,89,745,97
298,90,4725,22
298,91,39243,710
298,92,26851,379
298,93,34003,1
298,94,35282,1
298,95,790,1
298,96,8464,2623
298,97,17546,1
298,98,18628,1
298,99,362,2
299,0,6615,497
299,1,1040,433
299,2,4365,1
299,3,30701,1
299,4,3861,2
299,5,20116,1
299,6,5430,1
299,7,24819,181
299,8,17182,21
299,9,24657,9
299,10,20389,9
299,11,18425,1
299,12,45,1
299,13,4035,1197
299,14,35354,25
299,15,17303,13
299,16,35850,2171
299,17,17119,11
299,18,9488,9
299,19,38841,78
299,20,25110,4
299,21,31384,916
299,22,20960,2
299,23,35766,2
299,24,30643,3810
299,25,18301,3
299,26,17139,159
299,27,10817,8
299,28,16018,1
299,29,39359,10
299,30,22242,10
299,31,38584,1
299,32,15834,16
299,33,39953,2
299,34,11180,20
299,35,15450,1
299,36,2162,46
299,37,29608,3185
299,38,4691,3
299,39,39062,178
299,40,29099,13
299,41,32674,349
299,42,147,1
299,43,23358,529
299,44,3149,85
299,45,13955,9
299,46,8576,1966
299,47,35354,1
299,48,35517,9
299,49,13786,14
299,50,24123,22
299,51,15513,1
299,52,711,36
299,53,18434,1
299,54,39760,2
299,55,3171,2727
299,56,1870,26
299,57,31684,74
299,58,34351,25
299,59,36362,36
299,60,14669,21
299,61,15834,16
299,62,15558,31
299,63,29470,3910
299,64,19209,10
299,65,20174,7
299,66,20983,4
299,67,27167,300
299,68,3029,131
299,69,10689,1
299,70,36219,3002
299,71,8525,1
299,72,15041,9
299,73,29448,387
299,74,39699,14
299,75,476,4
299,76,4001,68
299,77,12337,39
299,78,1318,32
299,79,2564,2656
299,80,17589,1
299,81,35939,2
299,82,33660,12
299,83,11316,22
299,84,28986,1059
299,85,39651,1
299,86,12245,120
299,87,21158,1249
299,88,7052,1409
299,89,35315,15
299,90,22119,22
299,91,5390,47
299,92,1910,35
299,93,37461,3413
299,94,10419,155
299,95,38892,1
299,96,3608,4
299,97,26925,1
299,98,23107,1
299,99,28289,42
300,0,4743,15
300,1,28832,723
300,2,29810,3
300,3,23678,6718
300,4,34852,84
300,5,13020,207
300,6,18792,45
300,7,38101,19
300,8,36185,3
300,9,32771,16
300,10,5143,23
300,11,7403,967
300,12,33320,1
300,13,9981,597
300,14,27687,70
300,15,30197,14
300,16,33392,20
300,17,19458,4544
300,18,26265,660
300,19,35889,10
300,20,32626,358
300,21,17661,3821
300,22,1244,6
300,23,25175,274
300,24,752,2
300,25,4091,47
300,26,18816,60
300,27,3934,20
300,28,689,72
300,29,33808,32
300,30,13186,51
300,31,6631,160
300,32,28706,6
300,33,26695,2
300,34,20933,3
300,35,28618,103
300,36,24983,500
300,37,34499,7
300,38,36322,0
300,39,3708,81
300,40,18670,6030
300,41,37750,1
300,42,37462,110
300,43,36634,41
300,44,29140,73
300,45,38461,1
300,46,12954,43
300,47,39060,49
300,48,7457,3
300,49,35671,21
300,50,39376,9
300,51,16441,1
300,52,7007,397
300,53,31425,5
300,54,20057,2
300,55,9114,799
300,56,29672,182
300,57,36847,5
300,58,37507,10
300,59,22046,5106
300,60,18029,1
300,61,12648,101
300,62,13408,2
300,63,1186,3
300,64,6099,22
300,65,26623,141
300,66,33266,1
300,67,7498,1
300,68,7863,1
300,69,30441,36
300,70,10882,4292
300,71,24041,2
300,72,36242,16
300,73,12928,4
300,74,33679,0
300,75,18953,1
300,76,28472,3
300,77,14035,496
300,78,30244,221
300,79,26391,130
300,80,635,24
300,81,11239,85
300,82,23875,6
300,83,6510,1886
300,84,8236,22
300,85,36943,1
300,86,38845,1
300,87,27070,1078
300,88,39041,89
300,89,8163,113
300,90,32739,37
300,91,32473,4
300,92,15442,19
300,93,22048,4145
300,94,6103,5495
300,95,22106,5931
300,96,15678,4600
300,97,33820,5
300,98,38203,8
300,99,36978,3
302,0,29492,8
302,1,24256,7
302,2,5821,8
302,3,32299,15
302,4,29726,2
302,5,25318,12
302,6,35258,1524
302,7,8059,16
302,8,37314,4
302,9,14985,2
302,10,10512,48
302,11,35812,1291
302,12,11280,1
302,13,32332,30
302,14,38754,12
302,15,1769,1
302,16,2375,3
302,17,16334,30
302,18,3554,3
302,19,29799,1
302,20,20160,18
302,21,30420,10
302,22,31671,1
302,23,27223,6
302,24,4708,1
302,25,9046,334
302,26,18875,41
302,27,6687,3
302,28,31550,17
302,29,35299,4
302,30,26267,3
302,31,11412,95
302,32,38827,2
302,33,37809,144
302,34,17762,5
302,35,16081,8
302,36,15854,22
302,37,7813,18
302,38,32399,75
302,39,3309,70
302,40,38112,127
302,41,29179,93
302,42,23266,18
302,43,39323,35
302,44,1285,70
302,45,4659,1048
302,46,28662,7
302,47,14307,12
302,48,2681,40
302,49,12376,12
302,50,19464,5
302,51,33529,17
302,52,36489,134
302,53,18958,5
302,54,29397,67
302,55,38007,4
302,56,33822,1497
302,57,39863,1643
302,58,10786,1
302,59,3772,4
302,60,35603,1
302,61,21923,9
302,62,38997,10
302,63,27040,3
302,64,28072,14
302,65,39314,46
302,66,4353,29
302,67,21907,53
302,68,13200,294
302,69,15270,2
302,70,12287,4
302,71,1105,20
302,72,21221,18
302,73,4266,2
302,74,28087,1
302,75,12292,18
302,76,18684,26
302,77,27897,41
302,78,17214,1
302,79,33590,4
302,80,24146,10
302,81,31308,50
302,82,10329,90
302,83,432,10
302,84,15077,4
302,85,6756,10
302,86,10016,130
302,87,18164,3
302,88,7327,1
302,89,19024,16
302,90,37950,5
302,91,23828,1
302,92,18029,15
302,93,15131,26
302,94,15829,58
302,95,29550,11
302,96,25391,59
302,97,15062,2
302,98,32894,9
302,99,24772,11
303,0,37117,26
303,1,6544,1
303,2,15992,2
303,3,9812,4
303,4,10465,5
303,5,39169,2
303,6,8849,18
303,7,4904,36
303,8,18574,0
303,9,23878,3
303,10,6004,20
303,11,1608,1
303,12,476,1
303,13,39332,4
303,14,13220,74
303,15,34159,2
303,16,17884,3
303,17,19720,7
303,18,14910,47
303,19,14668,2
303,20,6393,4
303,21,2217,25
303,22,36458,2
303,23,28023,12
303,24,22730,9
303,25,4745,35
303,26,17021,205
303,27,5310,2
303,28,34296,1
303,29,32729,1
303,30,39727,3549
303,31,29022,85
303,32,35591,3825
303,33,10428,50
303,34,17524,1
303,35,4173,2
303,36,20418,35
303,37,39332,49
303,38,12536,31
303,39,3508,111
303,40,30215,1
303,41,13465,12
303,42,32188,2
303,43,17979,3
303,44,15212,6
303,45,1560,984
303,46,20808,13
303,47,8508,3
303,48,5069,2
303,49,24024,60
303,50,27596,11
303,51,24985,129
303,52,21748,3
303,53,3367,19
303,54,24727,43
303,55,25385,3377
303,56,33571,2494
303,57,18355,1
303,58,4147,685
303,59,32909,2
303,60,26816,21
303,61,37285,7
303,62,4379,1
303,63,14113,4
303,64,18910,2
303,65,31144,3
303,66,38809,41
303,67,34702,8
303,68,28708,1
303,69,4680,11
303,70,33408,95
303,71,14397,22
303,72,8732,13
303,73,10421,65
303,74,10883,2
303,75,17446,15
303,76,23578,21
303,77,20966,13
303,78,23729,24
303,79,31814,3
303,80,14214,86
303,81,3098,49
303,82,17102,1
303,83,23471,39
303,84,11657,64
303,85,20025,1
303,86,22607,45
303,87,2617,70
303,88,23184,1
303,89,13594,1
303,90,15345,3
303,91,29974,3753
303,92,36736,3988
303,93,18590,1
303,94,30966,3513
303,95,24004,7
303,96,20534,1
303,97,24441,13
303,98,33725,9
303,99,9051,57
304,0,31228,1
304,1,30305,11
304,2,21129,1
304,3,13547,1
304,4,10381,11
304,5,39651,3
304,6,38503,15
304,7,21156,1
304,8,1039,313
304,9,16465,81
304,10,18546,692
304,11,34183,1
304,12,12065,15
304,13,6547,18
304,14,18973,6
304,15,39501,25
304,16,6455,22
304,17,15843,312
304,18,28316,2
304,19,12393,25
304,20,32698,16
304,21,3591,39
304,22,9111,222
304,23,3026,23
304,24,30732,1
304,25,8043,124
304,26,15994,5
304,27,31535,1
304,28,41,231
304,29,18330,4
304,30,18089,30
304,31,37214,32
304,32,17705,22
304,33,11481,1
304,34,16529,3252
304,35,9442,40
304,36,13537,5
304,37,31840,7763
304,38,6810,1
304,39,27175,3797
304,40,32746,0
304,41,15862,29
304,42,20472,7
304,43,8882,117
304,44,24697,31
304,45,34280,7374
304,46,10977,29
304,47,8873,2
304,48,13293,12
304,49,357,0
304,50,18713,129
304,51,1084,540
304,52,16104,20
304,53,2297,119
304,54,34345,1
304,55,28207,7246
304,56,4116,99
304,57,39204,3
304,58,37998,2
304,59,13510,3
304,60,27591,3135
304,61,11543,3
304,62,8013,95
304,63,35980,8
304,64,15489,2
304,65,15242,3
304,66,32132,2
304,67,23807,43
304,68,24466,7266
304,69,28860,6969
304,70,34204,240
304,71,19291,7205
304,72,15001,6
304,73,8008,42
304,74,24442,6948
304,75,34753,1
304,76,18727,12
304,77,29985,3515
304,78,4309,2
304,79,3524,3
304,80,6145,4
304,81,23018,22
304,82,30722,1
304,83,1425,6
304,84,9540,17
304,85,39732,1
304,86,31724,11
304,87,18744,2972
304,88,31523,5
304,89,32917,3
304,90,7455,29
304,91,34971,1
304,92,22604,292
304,93,5089,642
304,94,18627,34
304,95,31730,1
304,96,13546,6
304,97,11208,3
304,98,229,35
304,99,33400,1
308,0,21730,0
308,1,35809,1
308,2,32756,797
308,3,32659,8962
308,4,16985,264
308,5,18704,76
308,6,1923,14
308,7,1240,5
308,8,38782,1045
308,9,12038,1185
308,10,4160,2
308,11,21013,70
308,12,16144,1
308,13,1844,4
308,14,36839,1
308,15,12709,647
308,16,28488,7075
308,17,14796,116
308,18,33737,3
308,19,28220,1
308,20,13981,41
308,21,18072,9428
308,22,24609,74
308,23,35283,6752
308,24,19171,22
308,25,34487,292
308,26,19524,11
308,27,26029,6710
308,28,14671,1
308,29,15348,8
308,30,35574,866
308,31,27652,7918
308,32,33813,3
308,33,25604,6
308,34,22873,9237
308,35,34517,8
308,36,31794,66
308,37,1564,760
308,38,14656,8633
308,39,31621,230
308,40,30214,208
308,41,36653,1
308,42,12513,23
308,43,39855,26
308,44,36761,740
308,45,21885,8208
308,46,23209,454
308,47,18379,5
308,48,22846,6804
308,49,10595,11
308,50,22186,45
308,51,10556,45
308,52,37140,20
308,53,27231,377
308,54,22959,1
308,55,6773,206
308,56,35817,29
308,57,25875,4220
308,58,7793,33
308,59,10057,2
308,60,39738,3
308,61,36642,1
308,62,36834,19
308,63,20623,55
308,64,15190,2
308,65,29860,5588
308,66,9958,9
308,67,31342,8
308,68,10145,6
308,69,26499,6123
308,70,31393,1
308,71,25163,1
308,72,5043,8909
308,73,25333,7
308,74,39275,32
308,75,11724,2
308,76,34656,1
308,77,38614,3
308,78,23072,7378
308,79,29127,3
308,80,39123,51
308,81,26529,4
308,82,10517,560
308,83,13580,2
308,84,32211,10
308,85,20107,1
308,86,2085,6
308,87,36555,490
308,88,11304,472
308,89,11196,3
308,90,681,31
308,91,19556,5
308,92,13782,27
308,93,22570,4
308,94,39174,3
308,95,16842,6796
308,96,30472,9369
308,97,8724,1
308,98,10847,25
308,99,17810,7957
305,0,38853,17
305,1,12593,2101
305,2,34948,2
305,3,27413,6449
305,4,31120,5369
305,5,13503,15
305,6,8446,1
305,7,18001,6147
305,8,18651,1
305,9,25359,4
305,10,14038,14
305,11,39978,5
305,12,1261,2
305,13,17195,2146
305,14,33439,5616
305,15,31891,132
305,16,21963,16
305,17,15581,1734
305,18,39671,17
305,19,37262,9
305,20,15283,50
305,21,19035,9279
305,22,13897,1
305,23,178,9
305,24,8754,14
305,25,3742,5
305,26,17788,1949
305,27,30159,45
305,28,2786,1
305,29,15761,1651
305,30,31548,7
305,31,14824,4758
305,32,10820,12
305,33,24100,2329
305,34,19939,2
305,35,37534,2995
305,36,18102,1
305,37,23359,2305
305,38,30595,2474
305,39,27374,2172
305,40,21201,12
305,41,148,263
305,42,29395,339
305,43,23889,71
305,44,38625,2
305,45,31181,80
305,46,6771,1
305,47,39426,7
305,48,15681,32
305,49,12005,6055
305,50,30493,2867
305,51,32540,1322
305,52,1363,1
305,53,26707,4929
305,54,33322,2037
305,55,11937,1
305,56,218,1
305,57,17696,1
305,58,31358,7
305,59,2647,1
305,60,22452,8165
305,61,26905,3372
305,62,13394,2589
305,63,23052,172
305,64,2679,15
305,65,7073,8
305,66,26588,2353
305,67,36603,30
305,68,39974,1
305,69,18270,8
305,70,15325,1
305,71,32583,6
305,72,2511,226
305,73,10515,69
305,74,10887,72
305,75,39908,286
305,76,19973,3
305,77,23054,78
305,78,7176,1
305,79,1749,21
305,80,36214,5504
305,81,34808,1
305,82,33847,3
305,83,24463,7137
305,84,6120,156
305,85,13002,5
305,86,4314,40
305,87,3197,1
305,88,7380,4
305,89,27487,2
305,90,24850,11
305,91,1117,1
305,92,1311,115
305,93,8548,1
305,94,33763,1
305,95,26184,1
305,96,8689,1
305,97,20587,1277
305,98,4708,1
305,99,17678,1
307,0,23602,37
307,1,11665,3
307,2,7310,11
307,3,39682,2458
307,4,25994,2
307,5,22152,1
307,6,24912,1
307,7,27959,15
307,8,19779,277
307,9,7572,4
307,10,19406,1
307,11,28387,286
307,12,22869,23
307,13,39547,4
307,14,4506,20
307,15,3463,88
307,16,30947,10
307,17,12457,29
307,18,16961,8
307,19,27524,1
307,20,6465,95
307,21,31795,3
307,22,4324,1
307,23,5874,1
307,24,12710,1
307,25,12344,4
307,26,17847,287
307,27,32912,8
307,28,33647,19
307,29,17252,8
307,30,4630,3
307,31,19605,3
307,32,20941,3
307,33,35214,1
307,34,16767,16
307,35,24997,4
307,36,8973,40
307,37,36673,2453
307,38,23024,19
307,39,26975,293
307,40,643,1
307,41,27928,7
307,42,15198,1
307,43,30227,184
307,44,10770,11
307,45,37378,23
307,46,18831,21
307,47,14673,1
307,48,10905,8
307,49,25062,2
307,50,10581,1
307,51,9628,4
307,52,30845,37
307,53,14240,2
307,54,39015,1
307,55,830,2
307,56,4367,1
307,57,20712,1
307,58,4637,21
307,59,28021,5
307,60,36378,9
307,61,36180,4
307,62,38984,21
307,63,8907,32
307,64,24652,14
307,65,23412,3
307,66,37675,10
307,67,11011,32
307,68,5310,1
307,69,3099,524
307,70,16730,8
307,71,9647,390
307,72,27490,171
307,73,1853,76
307,74,1646,1
307,75,33247,55
307,76,13832,95
307,77,564,26
307,78,37794,2
307,79,8948,20
307,80,16077,7
307,81,11229,6
307,82,23950,145
307,83,18386,2
307,84,16608,8
307,85,22815,6
307,86,15485,1
307,87,34291,2784
307,88,19314,1
307,89,34699,2657
307,90,30061,11
307,91,32473,1
307,92,3898,2
307,93,37983,42
307,94,3490,683
307,95,33628,1
307,96,18402,2
307,97,1829,6
307,98,39399,0
307,99,5473,23
306,0,15976,12
306,1,29377,2483
306,2,33492,24
306,3,25816,170
306,4,5255,33
306,5,8301,3003
306,6,14969,7
306,7,34761,2727
306,8,38519,31
306,9,38679,210
306,10,23915,4
306,11,22592,2
306,12,30026,8
306,13,28898,4
306,14,30040,61
306,15,11073,5
306,16,15438,4
306,17,12718,2
306,18,5605,322
306,19,6303,3461
306,20,20232,7
306,21,19999,1
306,22,39538,4
306,23,8722,1733
306,24,34688,69
306,25,12997,5
306,26,16053,2
306,27,30640,2
306,28,30902,3
306,29,19821,0
306,30,31171,2715
306,31,1996,4043
306,32,27826,139
306,33,22595,28
306,34,17005,3
306,35,36904,3
306,36,4409,134
306,37,5154,3917
306,38,2887,5
306,39,26775,10
306,40,12188,16
306,41,3642,33
306,42,6276,1
306,43,11572,2
306,44,36842,41
306,45,36829,8
306,46,26685,5
306,47,24120,24
306,48,8517,5
306,49,13414,2
306,50,38800,42
306,51,18172,30
306,52,5586,3559
306,53,26182,2
306,54,3685,55
306,55,17100,2
306,56,8266,1
306,57,5868,1
306,58,11276,1
306,59,38884,145
306,60,5166,1639
306,61,20817,78
306,62,33602,631
306,63,25482,1448
306,64,33815,767
306,65,27933,5
306,66,3219,1
306,67,38215,1
306,68,29803,119
306,69,13689,5
306,70,35609,4
306,71,36355,1
306,72,39979,3236
306,73,35698,2
306,74,18850,18
306,75,28092,30
306,76,8938,4025
306,77,7494,57
306,78,31280,352
306,79,10723,3499
306,80,29657,21
306,81,39439,9
306,82,20825,13
306,83,35347,2755
306,84,20029,7
306,85,5897,1
306,86,2895,1
306,87,6191,3494
306,88,3457,18
306,89,130,1
306,90,9018,34
306,91,26326,37
306,92,25191,3
306,93,34525,78
306,94,28353,32
306,95,35526,12
306,96,23258,200
306,97,32450,21
306,98,34920,6
306,99,21194,36
309,0,29355,3
309,1,18097,4465
309,2,6574,2
309,3,6524,1
309,4,1373,2
309,5,32555,3
309,6,11866,7
309,7,38086,11
309,8,20042,4
309,9,20931,19
309,10,39652,3
309,11,26809,4197
309,12,5339,55
309,13,8845,14
309,14,11306,2777
309,15,8747,38
309,16,3997,2
309,17,14534,16
309,18,5093,152
309,19,9441,8
309,20,214,37
309,21,29868,3903
309,22,29395,660
309,23,32435,1
309,24,37193,2
309,25,33833,4243
309,26,17670,2
309,27,24652,55
309,28,21064,25
309,29,12779,9
309,30,9033,1
309,31,5262,4
309,32,30577,466
309,33,38223,4234
309,34,26282,132
309,35,22610,4654
309,36,36358,8
309,37,36731,33
309,38,38441,780
309,39,31821,3855
309,40,18669,1
309,41,20939,5
309,42,21435,25
309,43,18510,4436
309,44,10688,3531
309,45,18786,3
309,46,15355,45
309,47,8931,4434
309,48,25234,4391
309,49,22243,5023
309,50,33966,3
309,51,2012,2
309,52,22400,4768
309,53,15288,3701
309,54,18289,4448
309,55,34151,7
309,56,35567,2
309,57,4367,2
309,58,1154,8
309,59,39194,1
309,60,30951,17
309,61,12005,3
309,62,2215,20
309,63,4048,705
309,64,2379,20
309,65,21690,104
309,66,4414,34
309,67,4138,423
309,68,25652,1
309,69,12260,38
309,70,8866,6
309,71,38455,10
309,72,32554,10
309,73,27840,3291
309,74,22071,2
309,75,13230,1
309,76,39550,1
309,77,31683,2
309,78,29587,817
309,79,27352,37
309,80,29191,689
309,81,38318,667
309,82,17289,154
309,83,36618,4
309,84,28791,272
309,85,37024,3316
309,86,14675,4490
309,87,21008,12
309,88,23513,29
309,89,5765,9
309,90,18075,46
309,91,25702,113
309,92,32489,66
309,93,29677,4110
309,94,14310,1
309,95,14944,12
309,96,25615,3826
309,97,18103,2
309,98,15326,81
309,99,2089,1214
310,0,6479,1
310,1,34881,1
310,2,8766,1
310,3,4927,1
310,4,15507,1
310,5,27354,1
310,6,18389,1
310,7,11198,1
310,8,39911,1
310,9,34252,1
310,10,9529,1
310,11,5774,1
310,12,34104,1
310,13,24196,1
310,14,7906,1
310,15,24281,1
310,16,37472,1
310,17,15320,1
310,18,11027,1
310,19,18483,1
310,20,1516,1
310,21,30832,6167
310,22,15036,1
310,23,37331,1
310,24,23128,1
310,25,3089,1
310,26,15935,1
310,27,28782,1
310,28,5532,1
310,29,16839,1
310,30,5007,1
310,31,32433,3
310,32,7583,1
310,33,36719,1
310,34,19701,1
310,35,21979,1
310,36,22666,1
310,37,14878,1
310,38,10733,1
310,39,27574,1
310,40,9656,1
310,41,24433,1
310,42,38317,1
310,43,2544,1
310,44,8905,1
310,45,28082,1
310,46,38917,1
310,47,33626,1
310,48,18070,1
310,49,23652,1
310,50,2273,1
310,51,23996,1
310,52,26622,1
310,53,14764,1
310,54,28652,6038
310,55,35666,1
310,56,39967,1
310,57,32540,1
310,58,21071,1
310,59,31784,1
310,60,13665,1
310,61,2268,1
310,62,22423,1
310,63,6477,1
310,64,33516,1
310,65,2551,1
310,66,21045,1
310,67,5751,1
310,68,15481,1
310,69,7680,1
310,70,32798,1
310,71,2227,1
310,72,30022,1
310,73,16671,1
310,74,33683,1
310,75,5062,1317
310,76,24867,6387
310,77,16123,1
310,78,13691,1
310,79,36326,1
310,80,22634,1
310,81,6597,1
310,82,620,1
310,83,7502,1
310,84,2700,1
310,85,29919,1
310,86,16904,1
310,87,27650,6656
310,88,19589,1
310,89,22056,6234
310,90,2244,1
310,91,7263,1885
310,92,20017,1
310,93,12006,1
310,94,8900,1
310,95,24286,1
310,96,185,1
310,97,29966,1
310,98,5538,1
310,99,5605,1
311,0,14104,29
311,1,13521,585
311,2,18937,6621
311,3,18793,6540
311,4,36246,2
311,5,4853,2
311,6,28332,4
311,7,8043,8
311,8,21170,6678
311,9,3145,6955
311,10,8669,26
311,11,15218,3296
311,12,23300,193
311,13,31196,29
311,14,22373,6183
311,15,20319,6247
311,16,12980,10
311,17,15058,3
311,18,22382,1
311,19,3351,58
311,20,27748,2
311,21,6276,5
311,22,19822,416
311,23,38131,22
311,24,1150,13
311,25,38788,5
311,26,17729,3356
311,27,27405,2
311,28,11925,2
311,29,14270,8
311,30,22115,6645
311,31,10043,3952
311,32,698,45
311,33,9337,7127
311,34,23111,3
311,35,10072,2
311,36,27230,4
311,37,10045,4
311,38,34518,3
311,39,27773,4
311,40,38111,1
311,41,8719,1
311,42,3591,1
311,43,21199,1
311,44,22833,1
311,45,24984,1
311,46,31063,1
311,47,24178,1
311,48,20458,1
311,49,38948,1
311,50,14054,1
311,51,19100,1
311,52,11881,1
311,53,2821,1
311,54,27630,1
311,55,23044,1
311,56,36068,1
311,57,11032,1
311,58,14432,1
311,59,20920,1
311,60,4877,1
311,61,21279,1
311,62,27805,1
311,63,33550,1
311,64,24353,1
311,65,34381,0
311,66,15501,1
311,67,18547,1
311,68,34637,1
311,69,37089,1
311,70,13920,1
311,71,15519,1
311,72,17533,1
311,73,19178,1
311,74,16479,1
311,75,6569,1
311,76,29762,1
311,77,9193,1
311,78,20206,1
311,79,34550,1
311,80,12702,1
311,81,14739,1
311,82,7392,1
311,83,30541,1
311,84,39279,1
311,85,6837,1
311,86,29495,1
311,87,12102,1
311,88,35447,1
311,89,16626,1
311,90,19638,1
311,91,13409,1
311,92,38724,1
311,93,19112,1
311,94,24037,1
311,95,22388,1
311,96,35328,1
311,97,39345,1
311,98,10017,1
311,99,29884,1
315,0,4606,1567
315,1,19025,4
315,2,34211,3471
315,3,37904,17
315,4,6499,4769
315,5,23906,14
315,6,31751,16
315,7,28128,2
315,8,18914,1
315,9,38718,3
315,10,34283,42
315,11,38400,3639
315,12,27379,81
315,13,26493,1
315,14,239,89
315,15,37175,1054
315,16,31365,87
315,17,14011,2592
315,18,27803,1
315,19,19179,3
315,20,12680,3
315,21,17109,2
315,22,35320,4
315,23,30387,8
315,24,33237,3592
315,25,25231,3
315,26,17611,7
315,27,25547,1
315,28,30203,112
315,29,11287,250
315,30,35951,13
315,31,481,1
315,32,20455,2
315,33,23460,31
315,34,29454,3
315,35,35148,5
315,36,5487,80
315,37,19769,4
315,38,2364,2
315,39,32220,3710
315,40,39227,3808
315,41,29510,6
315,42,35632,3532
315,43,15820,2289
315,44,34896,2
315,45,16237,2305
315,46,3295,7
315,47,37332,1
315,48,33658,3499
315,49,9186,4290
315,50,13879,40
315,51,24923,13
315,52,32918,10
315,53,27755,3
315,54,12597,37
315,55,1610,2010
315,56,31417,463
315,57,37703,8
315,58,27875,41
315,59,17468,2
315,60,17025,18
315,61,2731,607
315,62,20274,21
315,63,18193,3
315,64,24054,1
315,65,8999,5221
315,66,33327,2
315,67,29730,10
315,68,20315,9
315,69,31080,1
315,70,7461,141
315,71,21390,17
315,72,11223,3
315,73,36502,8
315,74,27664,55
315,75,23539,34
315,76,9339,4406
315,77,17821,2609
315,78,38969,855
315,79,20153,12
315,80,5680,90
315,81,21898,1
315,82,27187,3
315,83,2696,25
315,84,21950,2
315,85,27211,15
315,86,3504,4326
315,87,29914,5
315,88,15227,166
315,89,34905,2
315,90,12864,64
315,91,34346,3
315,92,29902,1
315,93,241,58
315,94,8232,1642
315,95,7500,606
315,96,12255,90
315,97,36861,3524
315,98,20635,21
315,99,14294,68
312,0,12232,2
312,1,1313,50
312,2,8030,1
312,3,11770,61
312,4,27238,8
312,5,37757,6898
312,6,1694,1
312,7,21325,48
312,8,173,1
312,9,7611,1
312,10,29775,5446
312,11,4196,4
312,12,16574,16
312,13,37142,6099
312,14,14706,2131
312,15,29565,6695
312,16,6873,338
312,17,13749,1
312,18,39159,267
312,19,4048,7
312,20,38913,36
312,21,32553,5181
312,22,107,1
312,23,27540,6930
312,24,11259,153
312,25,24578,6875
312,26,19406,100
312,27,24170,7318
312,28,32948,6975
312,29,8718,5
312,30,13058,2982
312,31,18090,2658
312,32,13570,12
312,33,36079,2
312,34,29216,29
312,35,23241,8
312,36,13699,3386
312,37,14936,51
312,38,26149,7725
312,39,32420,3
312,40,27682,6265
312,41,17444,39
312,42,4554,127
312,43,30827,3
312,44,8824,3
312,45,13139,18
312,46,35441,6
312,47,27884,6880
312,48,36046,2
312,49,20833,3
312,50,25659,1
312,51,16379,17
312,52,21825,2
312,53,15812,26
312,54,7926,4
312,55,28988,6629
312,56,27519,471
312,57,16195,13
312,58,21236,2
312,59,6605,2
312,60,8237,11
312,61,18094,2735
312,62,25655,5
312,63,1618,2
312,64,11243,22
312,65,830,0
312,66,24136,21
312,67,2526,34
312,68,35823,1
312,69,20489,10069
312,70,28583,6988
312,71,31034,12
312,72,38734,8
312,73,2657,171
312,74,10460,2
312,75,25046,73
312,76,14233,85
312,77,7243,8
312,78,5484,250
312,79,18378,7
312,80,32100,7379
312,81,30039,3
312,82,33959,7359
312,83,25735,7583
312,84,14882,2376
312,85,4129,4
312,86,16094,2690
312,87,14366,10
312,88,27436,3
312,89,29474,6556
312,90,30259,16
312,91,492,5
312,92,8608,38
312,93,3699,89
312,94,23368,1
312,95,5602,9
312,96,7398,7
312,97,6240,16
312,98,21465,4
312,99,38573,76
313,0,19857,1817
313,1,23601,3
313,2,18201,11
313,3,25636,2389
313,4,11625,944
313,5,11608,1
313,6,15285,1553
313,7,18170,3
313,8,17785,4
313,9,16504,8
313,10,28915,14
313,11,9991,1493
313,12,9418,1356
313,13,4142,30
313,14,29173,2
313,15,21955,1
313,16,22382,1
313,17,17135,3
313,18,10514,146
313,19,25269,7
313,20,21498,1
313,21,4349,1
313,22,4893,338
313,23,24692,3
313,24,25633,1
313,25,20277,44
313,26,17552,1
313,27,22794,1
313,28,35694,9
313,29,9796,1
313,30,26518,12
313,31,35700,34
313,32,10333,53
313,33,12346,8
313,34,32626,5
313,35,7686,16
313,36,18263,114
313,37,6455,43
313,38,9935,42
313,39,32619,1
313,40,16137,59
313,41,1730,2
313,42,9828,298
313,43,9482,429
313,44,22752,1
313,45,10040,237
313,46,27587,1
313,47,22085,30
313,48,38435,187
313,49,32481,2
313,50,37439,1
313,51,7835,1424
313,52,7084,43
313,53,3870,8
313,54,6904,138
313,55,12717,4
313,56,27268,26
313,57,31039,1
313,58,14597,3
313,59,35742,13
313,60,39450,14
313,61,33457,1
313,62,34684,1
313,63,28691,3
313,64,2080,45
313,65,32660,1
313,66,18592,1
313,67,11673,14
313,68,11331,24
313,69,6251,8
313,70,6056,2
313,71,4326,33
313,72,26244,4
313,73,8813,516
313,74,33256,1
313,75,30200,1
313,76,19128,8
313,77,312,2
313,78,8350,2
313,79,12954,2
313,80,22168,1
313,81,1829,884
313,82,732,1
313,83,8773,67
313,84,11462,1
313,85,21046,161
313,86,28685,57
313,87,38819,717
313,88,3293,103
313,89,24044,370
313,90,11301,1195
313,91,6639,12
313,92,27315,9
313,93,7157,1
313,94,38505,83
313,95,3704,48
313,96,2542,3
313,97,15619,1388
313,98,25944,1
313,99,26499,369
314,0,36981,153
314,1,385,3984
314,2,20393,1
314,3,20390,8
314,4,22112,8
314,5,6406,139
314,6,21808,1
314,7,31283,335
314,8,1302,2
314,9,29825,4
314,10,38792,76
314,11,32604,10
314,12,34535,5
314,13,19493,3
314,14,25773,10
314,15,1137,20
314,16,19505,1
314,17,14273,1
314,18,16448,3
314,19,34310,8
314,20,26447,11
314,21,5312,3
314,22,34182,6
314,23,29587,1
314,24,15215,2
314,25,29532,108
314,26,19465,1
314,27,23275,36
314,28,23810,0
314,29,13857,1
314,30,22492,3
314,31,22871,14
314,32,23692,3
314,33,10842,4
314,34,26044,7
314,35,10703,2
314,36,923,86
314,37,28250,2
314,38,22226,9
314,39,32020,12
314,40,7124,4379
314,41,5224,15
314,42,26710,8
314,43,37165,9
314,44,20968,3
314,45,15688,3
314,46,11149,1
314,47,3132,1
314,48,31270,76
314,49,33890,19
314,50,5746,3953
314,51,33467,2
314,52,7659,5
314,53,3346,4268
314,54,17267,20
314,55,17881,2
314,56,31668,160
314,57,22859,15
314,58,34514,18
314,59,28331,3
314,60,22164,1
314,61,27368,17
314,62,11244,36
314,63,31120,36
314,64,33216,42
314,65,13521,4267
314,66,38871,1
314,67,16934,42
314,68,1160,4368
314,69,1670,2
314,70,29988,3
314,71,8099,3
314,72,23713,2
314,73,33995,2
314,74,4867,3
314,75,18385,0
314,76,4445,3
314,77,24752,7
314,78,32454,2
314,79,25576,6
314,80,15611,5
314,81,10108,1
314,82,24062,12
314,83,19657,18
314,84,25371,12
314,85,13942,217
314,86,27266,10
314,87,5461,1
314,88,39370,4
314,89,335,2
314,90,35470,31
314,91,31848,4
314,92,11195,36
314,93,33135,7
314,94,29447,9
314,95,13046,21
314,96,20759,23
314,97,27482,9
314,98,16156,10
314,99,26368,13
317,0,10360,1
317,1,29104,1
317,2,33475,1
317,3,4747,1
317,4,18230,1
317,5,30661,1
317,6,18705,1
317,7,34607,1
317,8,19176,1
317,9,15725,1
317,10,14529,1
317,11,36822,1
317,12,9849,1
317,13,39440,1
317,14,7039,1
317,15,38811,1
317,16,4415,1
317,17,16088,1
317,18,15935,1
317,19,1096,1
317,20,6429,1
317,21,18830,1
317,22,20391,1
317,23,16948,1
317,24,17720,1
317,25,6720,1
317,26,17434,1
317,27,17287,1
317,28,13972,1
317,29,6814,1
317,30,4002,1
317,31,26137,1
317,32,26442,1
317,33,22821,1
317,34,38969,1
317,35,32761,1
317,36,36520,1
317,37,19827,1
317,38,17780,1
317,39,33418,1
317,40,13605,1
317,41,22520,1
317,42,1869,1
317,43,4103,1
317,44,31167,1
317,45,37645,1
317,46,39819,1
317,47,31590,1
317,48,7987,1
317,49,6367,1
317,50,37264,1
317,51,17307,1
317,52,28120,1
317,53,28804,66
317,54,31871,1
317,55,34931,1
317,56,18969,1
317,57,21358,1
317,58,24392,1
317,59,28641,1
317,60,11597,1
317,61,18557,1
317,62,23505,1
317,63,13334,1
317,64,1781,0
317,65,7278,1
317,66,36418,1
317,67,22857,1
317,68,37009,1
317,69,3889,1
317,70,3245,1
317,71,10198,1
317,72,16287,1
317,73,26137,1
317,74,8089,1
317,75,3522,1
317,76,38705,1
317,77,8941,1
317,78,30762,1
317,79,38557,1
317,80,15146,1
317,81,5339,1
317,82,20526,1
317,83,20928,1
317,84,34133,1
317,85,1420,1
317,86,39046,1
317,87,16630,1
317,88,19425,1
317,89,5971,0
317,90,879,1
317,91,31223,1
317,92,18493,1
317,93,28286,1
317,94,19052,1
317,95,28816,1
317,96,19468,1
317,97,13135,1
317,98,36562,1
317,99,7262,1
316,0,2734,1
316,1,6816,1
316,2,19656,1
316,3,30881,1
316,4,37490,1
316,5,16809,1
316,6,5114,1
316,7,1410,1
316,8,37917,502
316,9,6832,1
316,10,19037,1
316,11,27378,1
316,12,20653,1
316,13,28791,1
316,14,32573,1
316,15,6421,1
316,16,28907,1
316,17,16350,1
316,18,4580,1
316,19,16227,1459
316,20,20196,400
316,21,3386,1
316,22,15605,1
316,23,19796,1
316,24,39698,1
316,25,11022,1
316,26,19288,1
316,27,18664,1
316,28,11226,1
316,29,5736,1
316,30,26895,1
316,31,8528,1
316,32,33327,1
316,33,10202,1
316,34,35559,1
316,35,8316,1
316,36,31956,1
316,37,24660,1
316,38,37643,1
316,39,33218,1
316,40,25150,1
316,41,38235,1
316,42,36595,1
316,43,25448,1
316,44,20887,0
316,45,744,15
316,46,7673,3294
316,47,37390,1
316,48,5599,1
316,49,31071,1
316,50,29132,58
316,51,25851,1
316,52,2861,1
316,53,746,2
316,54,36541,398
316,55,7554,0
316,56,19220,113
316,57,2866,1
316,58,31031,1
316,59,39504,3
316,60,20385,1
316,61,3194,1
316,62,14476,1
316,63,26261,1
316,64,10944,1
316,65,15447,1
316,66,1962,1
316,67,10061,3164
316,68,21501,1
316,69,14480,1
316,70,25772,1
316,71,554,1
316,72,28776,1
316,73,19982,1
316,74,25293,1
316,75,2016,1
316,76,33811,1
316,77,15872,1
316,78,24247,1
316,79,3980,1
316,80,28725,73
316,81,37198,1
316,82,13753,1
316,83,37890,1
316,84,37553,220
316,85,28151,1
316,86,26456,1
316,87,32177,1
316,88,7216,1
316,89,11401,1
316,90,23484,0
316,91,25077,0
316,92,3434,4405
316,93,24828,1
316,94,3915,209
316,95,34362,1
316,96,24324,1
316,97,3756,72
316,98,32083,1
316,99,22983,1
319,0,35109,1
319,1,24528,1
319,2,5838,5537
319,3,13367,1
319,4,13103,1
319,5,2958,13
319,6,35171,1
319,7,4565,3
319,8,20305,0
319,9,37939,1
319,10,19898,1
319,11,21582,3
319,12,31457,1
319,13,21791,1
319,14,18106,1
319,15,10383,1
319,16,13398,2
319,17,16612,1
319,18,33224,11
319,19,35006,702
319,20,33963,1
319,21,31589,1
319,22,10818,5547
319,23,18996,111
319,24,21676,1
319,25,15323,1
319,26,17493,1
319,27,20040,1
319,28,4833,5090
319,29,8305,1
319,30,13436,1
319,31,30919,1
319,32,212,28
319,33,37583,164
319,34,35798,77
319,35,20223,1
319,36,27391,34
319,37,33141,1
319,38,13858,1
319,39,33018,2
319,40,36695,1
319,41,10301,1329
319,42,27673,1
319,43,6792,1694
319,44,6959,1
319,45,3843,6
319,46,15527,1
319,47,6838,5359
319,48,3211,4958
319,49,19424,1
319,50,17352,1
319,51,34395,16
319,52,17602,2
319,53,16337,1
319,54,37564,0
319,55,23824,1
319,56,23118,1
319,57,28022,1
319,58,37670,1
319,59,10367,1
319,60,25524,1
319,61,24183,1
319,62,9095,1
319,63,39188,64
319,64,20106,1
319,65,19969,1
319,66,7505,3
319,67,37265,1
319,68,5994,1425
319,69,25070,1
319,70,4651,7
319,71,27262,1
319,72,1266,1
319,73,17475,1
319,74,2496,2
319,75,36861,1
319,76,28916,1
319,77,26450,1
319,78,21380,1
319,79,5756,20
319,80,38657,1
319,81,25408,1
319,82,10629,5651
319,83,14851,6147
319,84,973,1
319,85,11233,5672
319,86,13865,1
319,87,7725,1
319,88,31359,1
319,89,16831,1
319,90,6090,2
319,91,18931,1
319,92,24728,1
319,93,17722,1
319,94,28779,1
319,95,36260,1
319,96,32829,1
319,97,34377,1
319,98,31253,1
319,99,38705,1
321,0,4879,1
321,1,34992,1
321,2,29057,1
321,3,9452,1
321,4,23206,1
321,5,5783,1
321,6,2185,1
321,7,11722,1
321,8,17105,1
321,9,23177,1
321,10,16003,1
321,11,16407,1
321,12,39261,1
321,13,29820,1
321,14,15134,1
321,15,23219,1
321,16,35419,1
321,17,21258,1
321,18,24727,1
321,19,16247,1
321,20,16220,1
321,21,14565,1
321,22,3521,1
321,23,19962,1
321,24,8267,455
321,25,19304,1
321,26,20020,985
321,27,25969,1
321,28,11176,2
321,29,16328,34
321,30,30420,76
321,31,16430,2222
321,32,36957,24
321,33,26281,9
321,34,8765,6
321,35,22089,5
321,36,4478,1179
321,37,5581,2
321,38,26632,74
321,39,15196,13
321,40,38114,114
321,41,5991,2
321,42,2941,11
321,43,17447,110
321,44,19736,414
321,45,24334,32
321,46,26261,3
321,47,4437,4
321,48,24904,15
321,49,25805,1835
321,50,24874,3
321,51,7958,71
321,52,21096,5
321,53,35095,6495
321,54,31165,2
321,55,16619,446
321,56,31575,355
321,57,32343,7
321,58,10788,17
321,59,26624,38
321,60,22682,16
321,61,26214,945
321,62,6542,6
321,63,24179,1116
321,64,31792,777
321,65,4246,16
321,66,36852,4
321,67,25267,12
321,68,35411,2815
321,69,33451,21
321,70,14302,5
321,71,30339,48
321,72,21262,20
321,73,29354,5599
321,74,39695,1493
321,75,18014,902
321,76,7605,2
321,77,10249,24
321,78,17871,8
321,79,32629,74
321,80,35590,97
321,81,4229,4
321,82,16915,274
321,83,10324,11
321,84,34523,1161
321,85,6675,12
321,86,30538,3683
321,87,24226,40
321,88,22856,4
321,89,21422,434
321,90,16262,23
321,91,30599,23
321,92,983,26
321,93,7503,7
321,94,7621,1
321,95,36712,6402
321,96,15453,1
321,97,27131,3062
321,98,12124,8
321,99,19661,1
318,0,27483,14
318,1,5889,2
318,2,32019,3982
318,3,39501,1
318,4,32364,5
318,5,25459,1
318,6,25228,4310
318,7,11368,17
318,8,39045,3608
318,9,25397,1
318,10,24406,3
318,11,15787,20
318,12,38614,124
318,13,14790,1
318,14,3639,9
318,15,17993,36
318,16,37890,33
318,17,16874,1
318,18,21869,1
318,19,10137,1
318,20,7730,70
318,21,16145,913
318,22,9680,1
318,23,21844,1
318,24,3655,8
318,25,15976,196
318,26,19347,1
318,27,21417,4
318,28,2087,164
318,29,7227,1
318,30,39977,1
318,31,13309,0
318,32,3449,1
318,33,24965,35
318,34,32388,1
318,35,35778,1
318,36,22827,1
318,37,1622,1
318,38,30072,60
318,39,32819,4570
318,40,4592,1
318,41,26015,55
318,42,18750,3
318,43,28137,2
318,44,33032,1
318,45,6941,3
318,46,19733,1260
318,47,12637,1
318,48,823,113
318,49,7776,3
318,50,5571,1832
318,51,2939,1504
318,52,32343,115
318,53,28279,2
318,54,2234,141
318,55,36447,2
318,56,23369,134
318,57,9530,1
318,58,4309,124
318,59,24878,1
318,60,34311,1
318,61,8820,58
318,62,65,733
318,63,15764,176
318,64,32917,8
318,65,28139,1
318,66,13049,2
318,67,24469,309
318,68,30486,3
318,69,35660,12
318,70,27177,5
318,71,17618,1
318,72,13755,1
318,73,11320,1
318,74,16052,92
318,75,31707,2
318,76,24022,122
318,77,33381,1
318,78,14865,1
318,79,11179,170
318,80,8589,8
318,81,13618,6
318,82,3856,16
318,83,31812,309
318,84,8041,4
318,85,34316,32
318,86,1275,702
318,87,23272,4
318,88,15502,1
318,89,18614,4
318,90,28695,1
318,91,12785,3
318,92,6021,1
318,93,14264,2
318,94,13642,80
318,95,38158,2
318,96,37685,2
318,97,24998,10
318,98,26774,59
318,99,10778,1
323,0,29628,1
323,1,34064,15589
323,2,1420,1
323,3,21721,1
323,4,18080,16720
323,5,18081,15726
323,6,22299,16187
323,7,21680,13547
323,8,14585,1
323,9,5391,332
323,10,21372,1
323,11,4816,118
323,12,17221,1
323,13,12171,1
323,14,26201,1
323,15,34791,16670
323,16,4402,43
323,17,21782,1
323,18,2016,1
323,19,6509,1
323,20,3754,1
323,21,27325,15894
323,22,37596,21
323,23,25658,15681
323,24,12224,1
323,25,24258,1
323,26,20079,12716
323,27,28722,16373
323,28,2037,1
323,29,17819,1
323,30,3502,1
323,31,21211,1
323,32,10726,1
323,33,1043,1
323,34,5593,505
323,35,9551,1
323,36,35350,15204
323,37,18895,16269
323,38,22709,5
323,39,14797,1
323,40,17556,1
323,41,37419,755
323,42,25096,16081
323,43,20137,12582
323,44,35529,15505
323,45,30531,12717
323,46,38321,13186
323,47,16036,1
323,48,20128,15375
323,49,38862,16886
323,50,1313,16009
323,51,25046,31
323,52,10578,1
323,53,18980,1
323,54,36858,15715
323,55,5512,3
323,56,35725,2
323,57,39008,1
323,58,24066,16060
323,59,8350,18
323,60,36608,449
323,61,35488,15474
323,62,32131,16973
323,63,13681,1
323,64,13766,1
323,65,16937,15727
323,66,7939,1
323,67,3323,25
323,68,748,1
323,69,14632,1
323,70,15708,16166
323,71,7403,446
323,72,6240,1
323,73,20691,1
323,74,34103,15094
323,75,11353,1
323,76,37817,843
323,77,24110,16216
323,78,8489,1
323,79,39828,1
323,80,19101,1
323,81,20650,1
323,82,7018,1
323,83,4246,1
323,84,1363,1
323,85,16488,16776
323,86,5357,1
323,87,11673,1
323,88,34790,9
323,89,32283,14831
323,90,17825,1
323,91,21954,1
323,92,3570,1
323,93,36938,16373
323,94,17348,1
323,95,4156,1
323,96,28814,1
323,97,8373,1
323,98,6815,1
323,99,7456,1
320,0,37254,1
320,1,12704,1
320,2,15239,1
320,3,35586,1
320,4,38819,1
320,5,31932,1
320,6,32242,1
320,7,14877,1
320,8,35845,1
320,9,14284,1
320,10,16863,1
320,11,10611,1
320,12,6417,1
320,13,22820,1
320,14,668,1
320,15,27181,1
320,16,19910,1
320,17,21520,1
320,18,13371,1
320,19,31378,1
320,20,29987,1
320,21,2769,1
320,22,38734,1
320,23,22810,1
320,24,30246,1
320,25,19957,1
320,26,18225,1
320,27,27345,1
320,28,4782,1
320,29,15249,1
320,30,16961,1
320,31,38821,1
320,32,3842,1
320,33,13662,1
320,34,9003,1
320,35,37644,1
320,36,39914,1
320,37,10414,1
320,38,6495,1
320,39,14996,1
320,40,9659,1
320,41,21705,1
320,42,34018,1
320,43,38792,1
320,44,5809,1
320,45,27432,1
320,46,30467,1
320,47,10236,1
320,48,22516,1
320,49,10509,1
320,50,13093,1
320,51,16502,1
320,52,35837,1
320,53,7037,1
320,54,32187,1
320,55,32889,1
320,56,31826,1
320,57,13852,1
320,58,17427,1
320,59,37487,1
320,60,27821,1
320,61,10851,1
320,62,1161,1
320,63,37106,1
320,64,4603,1
320,65,8768,1
320,66,2396,1
320,67,16119,1
320,68,16256,1
320,69,4042,1
320,70,33181,1
320,71,17047,1
320,72,33751,1
320,73,23198,1
320,74,16899,1
320,75,16507,1
320,76,2711,1
320,77,17179,1
320,78,11356,1
320,79,38052,1
320,80,9170,1
320,81,32440,1
320,82,10142,1
320,83,27285,1
320,84,37943,1
320,85,29757,1
320,86,17948,1
320,87,36125,1
320,88,6999,1
320,89,26852,1
320,90,35220,1
320,91,24453,1
320,92,22276,1
320,93,4045,1
320,94,32485,1
320,95,38610,1
320,96,23957,1
320,97,17752,1
320,98,11293,1
320,99,31735,1
324,0,27756,4506
324,1,18208,120
324,2,26865,9248
324,3,11050,2
324,4,9071,4
324,5,10984,2
324,6,35661,60
324,7,34962,4
324,8,37236,64
324,9,9857,1
324,10,6126,2
324,11,33794,4927
324,12,10496,116
324,13,18117,7323
324,14,18534,590
324,15,4037,14
324,16,38296,169
324,17,20473,3397
324,18,18793,4569
324,19,7206,3
324,20,11270,2
324,21,13602,2
324,22,14232,4
324,23,15067,1
324,24,18685,8180
324,25,10048,22
324,26,18107,3638
324,27,25487,1117
324,28,23060,4
324,29,12267,1
324,30,34446,3
324,31,29258,764
324,32,23598,4078
324,33,27785,7096
324,34,15346,21
324,35,22720,12376
324,36,18171,5110
324,37,23786,4384
324,38,14340,9
324,39,15795,126
324,40,7127,9
324,41,2496,943
324,42,26059,2685
324,43,29765,4308
324,44,17872,4
324,45,15038,1
324,46,2699,1
324,47,19742,4531
324,48,32069,91
324,49,24395,6827
324,50,16566,38
324,51,22325,4101
324,52,20521,1039
324,53,35619,2440
324,54,20802,896
324,55,11455,1
324,56,27175,4664
324,57,4171,226
324,58,27222,14
324,59,34034,2704
324,60,39968,24
324,61,32303,2
324,62,29982,3780
324,63,21749,5304
324,64,656,141
324,65,23385,5006
324,66,20222,2
324,67,23654,15
324,68,1934,4
324,69,38032,3
324,70,30370,4649
324,71,22919,5
324,72,23794,4131
324,73,4171,9
324,74,31732,2
324,75,29830,64
324,76,22289,8033
324,77,25808,1729
324,78,33767,4431
324,79,23655,4
324,80,2147,1
324,81,35950,1
324,82,33584,4289
324,83,3088,1561
324,84,20614,567
324,85,13779,11
324,86,31957,43
324,87,17585,1
324,88,26779,4965
324,89,5131,5
324,90,28446,277
324,91,9037,3
324,92,13454,1
324,93,25174,5985
324,94,13031,11
324,95,27370,4782
324,96,884,1370
324,97,15268,1
324,98,21911,3489
324,99,16145,46
322,0,22003,1
322,1,11776,1
322,2,27601,1
322,3,4207,1
322,4,37341,5
322,5,581,2
322,6,12356,39
322,7,28482,4278
322,8,36974,1
322,9,36497,1
322,10,25880,6669
322,11,39020,856
322,12,24378,1
322,13,5171,2
322,14,11734,1
322,15,38753,1
322,16,28894,67
322,17,22043,5343
322,18,30661,3704
322,19,25289,427
322,20,17521,1
322,21,15528,2
322,22,32809,4707
322,23,28506,1
322,24,34202,4705
322,25,28559,1
322,26,18284,1
322,27,30099,6957
322,28,35643,96
322,29,16741,1
322,30,30043,4698
322,31,3602,472
322,32,13963,1
322,33,24777,43
322,34,5831,1
322,35,25106,6467
322,36,30786,2
322,37,27376,1
322,38,38924,226
322,39,14597,1
322,40,29101,273
322,41,13134,1
322,42,19822,1
322,43,1482,1
322,44,21601,1
322,45,33630,820
322,46,6175,1677
322,47,25483,5755
322,48,14092,1
322,49,27214,4776
322,50,29533,1
322,51,29942,1
322,52,25319,1
322,53,34570,2
322,54,1528,1799
322,55,21782,1
322,56,35975,1109
322,57,20516,1
322,58,30705,1
322,59,19213,1
322,60,5395,10
322,61,20125,1
322,62,23102,1
322,63,26608,1
322,64,22928,5921
322,65,25107,4556
322,66,13483,1
322,67,30527,1
322,68,25240,2
322,69,28870,2
322,70,34586,1616
322,71,34111,1
322,72,15082,1
322,73,14536,1
322,74,11307,1
322,75,6198,1
322,76,32922,41
322,77,31041,1
322,78,1974,648
322,79,5251,1
322,80,32681,1
322,81,12508,1
322,82,245,2
322,83,21207,1
322,84,8431,1
322,85,39570,3
322,86,32767,1
322,87,27220,4777
322,88,18933,1
322,89,37713,48
322,90,431,11
322,91,15808,1
322,92,24863,4610
322,93,33480,1
322,94,2211,1
322,95,6054,1
322,96,33670,1
322,97,38994,814
322,98,5984,3
322,99,19529,84
325,0,35382,1
325,1,496,8
325,2,684,20
325,3,28563,3
325,4,33458,1
325,5,24836,3355
325,6,5604,1
325,7,31807,3405
325,8,14848,1
325,9,18750,7
325,10,1617,1
325,11,3237,1
325,12,39691,6
325,13,25117,10
325,14,33001,19
325,15,36427,3408
325,16,13804,15
325,17,23859,1
325,18,30148,858
325,19,32075,0
325,20,37503,20
325,21,29046,3705
325,22,19019,97
325,23,12219,1
325,24,36707,16
325,25,5747,1
325,26,19902,1
325,27,24110,19
325,28,25805,3542
325,29,13346,2952
325,30,7905,1
325,31,6868,1
325,32,16714,44
325,33,404,3
325,34,15108,1
325,35,7164,14
325,36,22735,3221
325,37,15305,1
325,38,38126,97
325,39,15994,1
325,40,35582,100
325,41,26782,112
325,42,31333,1
325,43,8420,1
325,44,31800,1
325,45,11939,3309
325,46,34845,30
325,47,13942,3160
325,48,34457,1
325,49,36043,8
325,50,24699,1
325,51,13781,28
325,52,5780,1
325,53,20028,3291
325,54,16132,1
325,55,38833,1
325,56,23276,13
325,57,19015,3302
325,58,20583,1
325,59,23171,1
325,60,31181,43
325,61,7665,1
325,62,35363,1356
325,63,8822,1
325,64,31493,1
325,65,15216,23
325,66,14678,1
325,67,36450,8
325,68,21090,1
325,69,27442,3528
325,70,11492,1
325,71,36211,1
325,72,11304,2
325,73,6678,1
325,74,14528,3038
325,75,34984,1
325,76,27183,1
325,77,18878,2
325,78,282,12
325,79,18232,1
325,80,32215,1
325,81,7740,392
325,82,36709,135
325,83,26127,1
325,84,17193,12
325,85,27049,3
325,86,4547,1
325,87,2037,1
325,88,38988,1
325,89,39700,13
325,90,5840,1
325,91,15184,71
325,92,32161,396
325,93,28632,3756
325,94,28168,1
325,95,25472,1
325,96,36027,148
325,97,24647,51
325,98,22742,1
325,99,424,1
326,0,12505,13
326,1,17280,3
326,2,39228,18
326,3,23318,4856
326,4,3945,2
326,5,19634,42
326,6,15775,32
326,7,4919,145
326,8,34717,0
326,9,32070,46
326,10,11495,1
326,11,22202,4
326,12,28456,5
326,13,468,2
326,14,29601,1
326,15,15609,12
326,16,10927,87
326,17,20996,1
326,18,36082,16
326,19,37468,46
326,20,38805,59
326,21,26361,39
326,22,8307,22
326,23,17115,4977
326,24,22641,3
326,25,15003,38
326,26,18166,28
326,27,24592,1
326,28,13921,5413
326,29,13758,4466
326,30,7527,19
326,31,34039,8
326,32,33720,1
326,33,38900,8
326,34,12174,12
326,35,10182,3
326,36,9043,101
326,37,37100,1
326,38,10417,3
326,39,15395,6
326,40,26569,2
326,41,33925,97
326,42,8215,17
326,43,36103,1
326,44,33664,26
326,45,21235,1
326,46,18407,29
326,47,34989,20
326,48,27293,6019
326,49,37452,1
326,50,33006,1
326,51,39414,7
326,52,6355,333
326,53,19504,5450
326,54,26495,5359
326,55,348,2
326,56,31325,1
326,57,10835,3
326,58,4148,1
326,59,15761,5594
326,60,13894,10
326,61,1577,201
326,62,15571,5
326,63,11251,1
326,64,22629,5
326,65,36076,72
326,66,31309,2
326,67,38062,2
326,68,10919,11
326,69,22861,1
326,70,31776,9
326,71,39983,1
326,72,8772,128
326,73,35509,1
326,74,26139,5310
326,75,23169,49
326,76,12500,15
326,77,39670,13
326,78,24386,0
326,79,30854,3
326,80,25658,1
326,81,16019,1
326,82,20039,1
326,83,33362,21
326,84,31102,14
326,85,19944,10
326,86,6776,3
326,87,8679,16
326,88,35065,4
326,89,15992,5
326,90,33657,8
326,91,36745,4
326,92,16041,1
326,93,14609,33
326,94,22758,4855
326,95,34814,8
326,96,10597,1
326,97,36510,2
326,98,16602,7
326,99,3940,4
330,0,3007,1
330,1,22784,4
330,2,14502,1
330,3,2429,1
330,4,14198,447
330,5,38687,35
330,6,15547,9
330,7,25004,24
330,8,36108,1293
330,9,31291,1
330,10,37109,2
330,11,9033,1
330,12,32535,2
330,13,35766,7
330,14,7468,1
330,15,32465,1
330,16,29312,87
330,17,23597,1
330,18,1503,270
330,19,13296,1
330,20,23736,1
330,21,842,7
330,22,23805,21
330,23,9371,1
330,24,14729,35
330,25,1446,1
330,26,18048,1
330,27,22734,1
330,28,32199,20
330,29,10776,1
330,30,21364,100
330,31,24477,1
330,32,13477,10
330,33,13023,1
330,34,18518,73
330,35,35257,1
330,36,27299,1
330,37,10472,1
330,38,18263,1
330,39,16194,386
330,40,24037,1
330,41,14716,22
330,42,256,1
330,43,27075,1
330,44,5728,1
330,45,12488,1
330,46,30639,1
330,47,4494,1690
330,48,36845,1
330,49,7690,51
330,50,36479,1
330,51,8885,1
330,52,31040,1
330,53,8086,1
330,54,15110,1
330,55,22562,55
330,56,23026,1
330,57,37507,1512
330,58,13943,1
330,59,12308,9
330,60,22393,267
330,61,23028,23
330,62,4392,1
330,63,32247,1
330,64,22330,1
330,65,10694,1
330,66,9135,7
330,67,9246,1
330,68,36597,1
330,69,16851,0
330,70,28965,1
330,71,5855,2
330,72,38815,1
330,73,12833,1
330,74,37324,1197
330,75,36491,44
330,76,32077,1
330,77,8299,213
330,78,3149,5
330,79,16456,1
330,80,18636,33
330,81,19529,2
330,82,3482,1
330,83,9165,17
330,84,10125,1
330,85,3966,1
330,86,17138,1
330,87,26490,1
330,88,14845,1
330,89,34270,1
330,90,26882,1
330,91,21330,1
330,92,10867,1
330,93,32090,1
330,94,3305,1840
330,95,19926,1
330,96,27523,1
330,97,34026,0
330,98,27220,14
330,99,28351,7
327,0,20131,3695
327,1,39568,17
327,2,13046,5
327,3,37184,10
327,4,28332,3
327,5,37133,1
327,6,25718,1
327,7,1764,183
327,8,15977,4040
327,9,964,7
327,10,6986,371
327,11,27998,6
327,12,17652,3
327,13,7469,96
327,14,4068,1920
327,15,7999,2
327,16,22787,19
327,17,20735,3472
327,18,7437,180
327,19,22337,3
327,20,25038,8
327,21,1805,24
327,22,13094,2
327,23,17915,1
327,24,663,54
327,25,10701,1943
327,26,19961,4019
327,27,26863,3
327,28,20315,4
327,29,14837,1
327,30,20987,2
327,31,11649,58
327,32,26835,95
327,33,11519,2
327,34,11936,96
327,35,34627,2
327,36,13607,3
327,37,32267,19
327,38,30555,33
327,39,15595,275
327,40,18672,3
327,41,18210,12
327,42,17137,2
327,43,14758,7
327,44,7592,21
327,45,18136,7
327,46,10553,31
327,47,29189,6
327,48,29681,2
327,49,9100,3197
327,50,4786,60
327,51,30870,479
327,52,31614,1
327,53,7562,2
327,54,25473,1
327,55,27726,14
327,56,27426,77
327,57,25679,678
327,58,33861,16
327,59,4897,2847
327,60,5107,2872
327,61,16940,3386
327,62,20952,3628
327,63,34676,75
327,64,13466,5
327,65,27907,2
327,66,25765,1
327,67,10858,156
327,68,26426,2
327,69,12270,129
327,70,12897,1
327,71,13275,22
327,72,36283,2
327,73,38016,4
327,74,8936,2
327,75,24675,3
327,76,17394,63
327,77,32739,15
327,78,27252,1
327,79,25430,2
327,80,15727,5
327,81,27808,25
327,82,26812,93
327,83,16401,1
327,84,24034,262
327,85,36862,1
327,86,19367,2511
327,87,33132,5
327,88,10922,158
327,89,10561,34
327,90,11051,39
327,91,2891,1
327,92,34748,17
327,93,18067,1
327,94,37895,100
327,95,29268,863
327,96,5740,1
327,97,5889,2526
327,98,17433,1
327,99,31867,160
328,0,18258,7690
328,1,23712,1
328,2,38492,1
328,3,30161,1
328,4,19324,1
328,5,30037,1
328,6,39081,1
328,7,15046,1
328,8,34980,1
328,9,9078,4046
328,10,31740,1
328,11,20624,1
328,12,14574,1
328,13,9766,1
328,14,36401,1
328,15,20893,1
328,16,20329,1
328,17,23074,1
328,18,24214,1
328,19,23033,1
328,20,36202,1
328,21,28082,1
328,22,33378,1
328,23,7324,1
328,24,7124,1
328,25,36492,1
328,26,17989,1
328,27,19980,1
328,28,1338,1
328,29,9285,1
328,30,11931,1
328,31,19696,1
328,32,3355,1
328,33,38260,1
328,34,21690,1
328,35,7795,1
328,36,36428,1
328,37,37158,1
328,38,25834,1
328,39,20241,1
328,40,4595,1
328,41,23287,1
328,42,18100,1
328,43,24385,1
328,44,29935,1
328,45,6291,1
328,46,14931,1
328,47,29247,1
328,48,1621,1
328,49,34633,1
328,50,16391,1
328,51,31797,1
328,52,1558,1
328,53,20553,1
328,54,5769,1
328,55,33669,1
328,56,18876,1
328,57,30842,1
328,58,665,1
328,59,30582,1
328,60,8467,1
328,61,17402,1
328,62,18803,1
328,63,6392,1
328,64,356,1
328,65,34355,1
328,66,38048,4
328,67,34837,8332
328,68,31261,1
328,69,32022,1
328,70,27560,1
328,71,28791,1
328,72,13836,1
328,73,21495,1
328,74,2917,1
328,75,6800,1
328,76,38218,1543
328,77,34437,1
328,78,16178,1
328,79,9258,1
328,80,35124,49
328,81,3108,1
328,82,13379,1
328,83,15243,1
328,84,3285,1
328,85,34153,1
328,86,2318,1
328,87,35396,454
328,88,2912,1
328,89,27057,162
328,90,21671,1
328,91,29974,1
328,92,8280,1
328,93,2655,1
328,94,33578,1
328,95,16130,1
328,96,17810,1
328,97,12784,1
328,98,32529,1
328,99,556,1
329,0,25884,1
329,1,6000,1
329,2,12310,1
329,3,4027,1
329,4,63,1
329,5,3888,1
329,6,9024,1
329,7,11892,1
329,8,16239,1
329,9,17971,1
329,10,27232,1
329,11,26420,1
329,12,3770,1
329,13,20415,1
329,14,10868,1
329,15,13283,1
329,16,35837,1
329,17,22812,1
329,18,35569,1
329,19,4254,1
329,20,22435,1
329,21,39879,1
329,22,34517,1
329,23,4476,1
329,24,25146,1
329,25,32191,1
329,26,19784,1
329,27,18604,1
329,28,4083,1
329,29,6716,1
329,30,25390,1
329,31,37306,1
329,32,36470,1
329,33,14527,1
329,34,21452,1
329,35,32240,1
329,36,992,1
329,37,28676,1
329,38,5972,1
329,39,20441,1
329,40,33050,1
329,41,7573,1
329,42,23374,1
329,43,3041,1
329,44,3863,1
329,45,3193,1
329,46,7077,1
329,47,23448,1
329,48,4010,1
329,49,6281,1
329,50,28172,1
329,51,23253,1
329,52,26817,1
329,53,8610,1
329,54,4747,1
329,55,17399,233
329,56,14978,1
329,57,9334,1
329,58,34026,1
329,59,16071,1
329,60,3328,1
329,61,32765,1
329,62,24184,1
329,63,29817,1
329,64,31194,1
329,65,29834,1
329,66,32504,1
329,67,3985,1
329,68,6768,1
329,69,21432,1
329,70,8681,1
329,71,2083,1
329,72,4995,1
329,73,24003,1
329,74,25713,1
329,75,8306,1
329,76,3112,1
329,77,27506,1
329,78,19045,1
329,79,3834,1
329,80,25193,1
329,81,11250,1
329,82,20151,1
329,83,38282,1
329,84,39864,1
329,85,11071,1
329,86,18557,1
329,87,19848,1
329,88,18769,1
329,89,21627,1
329,90,39066,1
329,91,36120,1
329,92,26987,1
329,93,9761,1
329,94,12363,1
329,95,10584,1
329,96,12954,1
329,97,22163,1
329,98,33360,1
329,99,24835,1
331,0,10633,10388
331,1,1424,1
331,2,28321,6519
331,3,16295,1
331,4,34937,1
331,5,16186,3963
331,6,29138,1
331,7,21849,10425
331,8,13720,1
331,9,184,1
331,10,36249,10
331,11,14828,11228
331,12,21731,122
331,13,2766,1
331,14,21934,1
331,15,24855,7675
331,16,4821,11044
331,17,23336,1
331,18,12859,9
331,19,38164,1
331,20,9969,3987
331,21,12638,12393
331,22,28592,1
331,23,10172,3009
331,24,32751,155
331,25,793,161
331,26,19843,1
331,27,21357,1
331,28,34944,7899
331,29,11855,158
331,30,38471,7
331,31,2087,1
331,32,6592,1
331,33,25642,7059
331,34,18280,1
331,35,19702,1
331,36,31864,1
331,37,1991,1
331,38,2049,1
331,39,16394,4508
331,40,16140,510
331,41,39001,1
331,42,9178,2
331,43,5730,2
331,44,19655,135
331,45,9390,3602
331,46,22785,153
331,47,38695,1
331,48,39233,1
331,49,22986,67
331,50,8259,42
331,51,341,3560
331,52,16299,75
331,53,32495,1
331,54,10439,1
331,55,6292,1
331,56,19127,122
331,57,15998,1
331,58,7304,1
331,59,1445,1
331,60,17254,8
331,61,2039,1
331,62,9773,3464
331,63,19319,238
331,64,9519,1
331,65,2525,4094
331,66,3591,267
331,67,22042,7420
331,68,12105,1
331,69,6261,1
331,70,10086,1
331,71,19147,1
331,72,26326,1
331,73,15340,1
331,74,20120,1
331,75,1645,1
331,76,33324,5202
331,77,1368,1
331,78,9664,118
331,79,11033,4299
331,80,8704,2
331,81,31319,90
331,82,10254,1
331,83,32204,1
331,84,6705,4600
331,85,20884,18
331,86,29728,30
331,87,10943,7
331,88,30702,2
331,89,32488,11065
331,90,4277,1
331,91,23828,1
331,92,29574,109
331,93,39196,1
331,94,18442,3820
331,95,18028,1
331,96,22667,9
331,97,3405,1
331,98,28051,10561
331,99,12629,2
332,0,8761,20
332,1,29215,4906
332,2,13766,2988
332,3,9272,8
332,4,29576,41
332,5,9090,11601
332,6,2500,4
332,7,35131,8
332,8,36371,0
332,9,4651,11711
332,10,17355,1
332,11,3806,2
332,12,15005,13228
332,13,5064,1
332,14,14267,12394
332,15,34101,1
332,16,2362,23
332,17,22027,198
332,18,29635,2
332,19,35213,1
332,20,17485,8296
332,21,38915,78
332,22,8876,12913
332,23,39580,1
332,24,39212,1548
332,25,22935,298
332,26,17871,7891
332,27,18122,27
332,28,15968,3011
332,29,6303,17
332,30,29415,86
332,31,10134,1
332,32,19464,13622
332,33,12383,2413
332,34,28033,8
332,35,32871,141
332,36,14684,9539
332,37,6881,3
332,38,33680,16499
332,39,21040,11594
332,40,2063,9
332,41,4078,1
332,42,6493,30
332,43,15358,3517
332,44,1998,1
332,45,33897,20
332,46,27163,9
332,47,2401,4
332,48,11174,2795
332,49,4871,8
332,50,19864,11993
332,51,37620,290
332,52,22594,1
332,53,9134,1
332,54,34384,1
332,55,12235,14536
332,56,10577,2343
332,57,21161,8
332,58,10460,9391
332,59,23481,120
332,60,20614,8219
332,61,38854,4
332,62,7624,8377
332,63,27387,1
332,64,57,2
332,65,8973,4
332,66,15874,12872
332,67,2373,1
332,68,16939,3
332,69,29661,14
332,70,24749,5
332,71,38310,2
332,72,7527,1
332,73,38820,16
332,74,17749,1
332,75,20122,4273
332,76,17795,2047
332,77,3066,2
332,78,34942,1
332,79,34860,4249
332,80,28102,65
332,81,6619,7612
332,82,36821,892
332,83,27398,3
332,84,25955,5
332,85,18175,2158
332,86,16328,2
332,87,13207,12403
332,88,22692,1
332,89,5336,1
332,90,14897,7481
332,91,14559,464
332,92,39458,79
332,93,23784,1
332,94,17773,3058
332,95,1242,80
332,96,34736,1
332,97,10300,37
332,98,3147,5
332,99,21318,455
333,0,16386,4334
333,1,11503,408
333,2,27585,1
333,3,23138,26
333,4,10315,4243
333,5,22941,1
333,6,12443,906
333,7,28328,68
333,8,13983,258
333,9,13544,4543
333,10,16494,1
333,11,9602,98
333,12,7849,2
333,13,15712,2
333,14,28734,23
333,15,30139,2
333,16,17870,1
333,17,21765,1
333,18,991,1
333,19,20082,1
333,20,3718,2
333,21,14359,5304
333,22,13663,1
333,23,36733,1
333,24,17234,3
333,25,22282,792
333,26,19666,1
333,27,16745,3
333,28,22361,1
333,29,3734,1
333,30,2874,1
333,31,27744,1
333,32,16227,131
333,33,28650,12
333,34,27795,1
333,35,17316,416
333,36,19249,1
333,37,2048,39
333,38,17465,15
333,39,21239,1
333,40,34166,2
333,41,28364,1
333,42,15415,1718
333,43,34013,11
333,44,15926,4135
333,45,30798,1
333,46,19309,1
333,47,32953,1
333,48,17210,2062
333,49,16519,4572
333,50,31645,119
333,51,32724,1
333,52,7853,650
333,53,33544,2
333,54,29714,53
333,55,39613,64
333,56,10327,2813
333,57,36005,70
333,58,3821,1972
333,59,12618,5
333,60,11827,2039
333,61,14217,2149
333,62,16653,2
333,63,14460,30
333,64,30894,1
333,65,803,2
333,66,10330,4024
333,67,15169,4656
333,68,32447,24
333,69,15422,49
333,70,2223,2
333,71,7954,4632
333,72,35037,2
333,73,4975,5
333,74,545,1
333,75,25277,272
333,76,22690,1
333,77,36135,11
333,78,1456,1
333,79,29437,2
333,80,18170,2
333,81,18408,462
333,82,39946,1
333,83,10437,3
333,84,22535,4
333,85,35093,1222
333,86,28918,3
333,87,37660,57
333,88,34901,1
333,89,39906,7
333,90,32291,4
333,91,20705,94
333,92,18165,4681
333,93,27242,712
333,94,32910,1517
333,95,39344,1
333,96,29880,353
333,97,19679,1
333,98,3978,1
333,99,9245,1365
338,0,19994,6
338,1,29760,1
338,2,17448,5734
338,3,11410,3
338,4,39979,16
338,5,4371,1671
338,6,38678,6
338,7,28143,6
338,8,38705,1
338,9,10558,3
338,10,36126,1
338,11,18995,1
338,12,15359,29
338,13,27629,6402
338,14,16620,5540
338,15,14977,106
338,16,24409,14
338,17,18935,4
338,18,8976,1514
338,19,5627,987
338,20,5092,5
338,21,1253,9
338,22,7169,7
338,23,19479,10
338,24,33148,37
338,25,35489,1
338,26,18757,49
338,27,4828,2
338,28,6180,1584
338,29,32317,2
338,30,3752,2
338,31,1850,1
338,32,18584,3
338,33,11932,0
338,34,24105,1
338,35,1156,3
338,36,34111,19
338,37,17537,30
338,38,245,7
338,39,4107,19
338,40,35580,852
338,41,9970,65
338,42,15307,1
338,43,30296,21
338,44,13348,10
338,45,32264,2
338,46,894,39
338,47,23813,6369
338,48,12234,2
338,49,22614,4
338,50,19289,1
338,51,39352,5
338,52,21173,8
338,53,3892,5
338,54,14364,3
338,55,20221,4603
338,56,25523,21
338,57,30183,1
338,58,24229,5503
338,59,320,1
338,60,4103,4
338,61,7022,1279
338,62,27818,10
338,63,11684,2
338,64,27773,2
338,65,10283,2
338,66,22179,9
338,67,33090,1
338,68,38879,36
338,69,9261,1
338,70,9476,7
338,71,6977,51
338,72,11264,6
338,73,21590,8
338,74,2920,6
338,75,29262,2
338,76,38261,3
338,77,36526,6
338,78,39625,35
338,79,19192,1
338,80,17123,1
338,81,34819,279
338,82,33772,1
338,83,12587,1774
338,84,37748,23
338,85,27130,8
338,86,24026,6086
338,87,35975,714
338,88,27108,10
338,89,37303,59
338,90,31176,2
338,91,4765,9
338,92,12855,1
338,93,32612,5
338,94,36376,3
338,95,14662,42
338,96,2317,1
338,97,8930,2
338,98,3512,51
338,99,9183,1507
336,0,35245,1
336,1,34336,1
336,2,5085,1
336,3,2789,1381
336,4,1457,1
336,5,32073,32
336,6,22211,4324
336,7,18186,4486
336,8,37577,16
336,9,28344,144
336,10,30758,3
336,11,30586,4386
336,12,33750,5842
336,13,5278,1
336,14,5553,12
336,15,3405,79
336,16,15425,28
336,17,18412,2794
336,18,31686,2
336,19,11716,1
336,20,17557,1
336,21,28494,147
336,22,16742,1
336,23,17432,1
336,24,29192,4665
336,25,30535,4
336,26,18698,0
336,27,2075,232
336,28,15319,19
336,29,30826,289
336,30,30670,1
336,31,37069,1
336,32,8463,1
336,33,37170,31
336,34,23629,1797
336,35,13694,1
336,36,3239,65
336,37,4223,1758
336,38,4168,1
336,39,4506,170
336,40,16138,1
336,41,18541,1
336,42,29503,2
336,43,27606,2740
336,44,1204,3287
336,45,29715,1
336,46,25186,5
336,47,8566,5217
336,48,17010,1
336,49,5909,1
336,50,2849,5
336,51,25912,38
336,52,31691,3
336,53,16359,1
336,54,8672,1
336,55,31328,1
336,56,25021,5063
336,57,23518,1
336,58,10950,10
336,59,18593,4189
336,60,30176,1141
336,61,37748,26
336,62,2229,1687
336,63,25829,25
336,64,5800,1808
336,65,37592,1
336,66,11092,1
336,67,18682,1
336,68,33542,1
336,69,28080,1
336,70,8071,1
336,71,29913,1
336,72,26285,1
336,73,30252,1
336,74,8512,1
336,75,35923,2
336,76,8050,2
336,77,22664,0
336,78,9007,1051
336,79,11994,5955
336,80,33612,912
336,81,14750,1
336,82,3669,1
336,83,18665,1
336,84,30907,227
336,85,20965,1
336,86,9206,18
336,87,4881,1
336,88,15174,3468
336,89,26442,3
336,90,25965,1
336,91,17057,1
336,92,6620,4740
336,93,3177,471
336,94,30297,41
336,95,10866,0
336,96,32604,1800
336,97,27688,143
336,98,8821,1933
336,99,17740,1
337,0,2871,2309
337,1,12976,29
337,2,15255,7
337,3,16655,1
337,4,25844,16
337,5,9572,5
337,6,32154,3882
337,7,15031,4
337,8,18836,5
337,9,37238,2
337,10,26249,1
337,11,29,1
337,12,26594,3509
337,13,12278,1
337,14,20020,1
337,15,39443,8
337,16,30933,1
337,17,18150,1
337,18,3042,1
337,19,36585,1
337,20,3790,1
337,21,3938,1
337,22,21529,1
337,23,14584,4600
337,24,7214,65
337,25,26234,10
337,26,20492,1
337,27,699,748
337,28,21713,1
337,29,28256,2
337,30,4130,1
337,31,14679,1
337,32,1578,1
337,33,13437,80
337,34,27039,1
337,35,1787,1
337,36,7803,9
337,37,39390,1
337,38,27953,3680
337,39,4706,9
337,40,4594,1
337,41,6475,1530
337,42,38425,1
337,43,6261,2901
337,44,11483,1
337,45,26616,2854
337,46,17332,1
337,47,2766,1
337,48,23046,5
337,49,21205,1723
337,50,10981,660
337,51,17368,4105
337,52,16950,1
337,53,4416,2
337,54,4001,1
337,55,15058,1
337,56,21123,1
337,57,2010,1
337,58,4311,1
337,59,7730,1
337,60,21389,4427
337,61,13111,1
337,62,7610,40
337,63,9254,1816
337,64,36637,1
337,65,33071,1
337,66,5548,1
337,67,27829,2280
337,68,9049,3
337,69,13841,1
337,70,25545,12
337,71,3204,1
337,72,13796,253
337,73,36408,1
337,74,31308,1
337,75,37429,1
337,76,12944,1
337,77,12085,1
337,78,15522,1
337,79,10218,146
337,80,23681,1
337,81,26539,1
337,82,10441,2
337,83,1704,85
337,84,23839,1
337,85,34234,45
337,86,21797,3729
337,87,29334,139
337,88,31031,1844
337,89,24659,1
337,90,3359,1
337,91,23204,2109
337,92,25327,1
337,93,10283,1
337,94,5434,3
337,95,5320,1
337,96,27748,1
337,97,37067,1
337,98,9652,3128
337,99,5667,74
334,0,33509,3
334,1,28288,127
334,2,26129,5
334,3,21541,2
334,4,24450,1
334,5,21387,4
334,6,18966,1
334,7,5089,1197
334,8,33851,1
334,9,26864,21
334,10,26372,47
334,11,32215,999
334,12,32966,6
334,13,27415,715
334,14,25334,1
334,15,5673,257
334,16,11346,47
334,17,22551,27
334,18,6925,869
334,19,29123,1
334,20,5020,3
334,21,15323,38
334,22,39303,1
334,23,1628,43
334,24,3168,200
334,25,31538,7
334,26,17930,0
334,27,20875,7
334,28,10477,111
334,29,7794,3
334,30,38849,11
334,31,14915,12
334,32,29585,22
334,33,27146,5
334,34,24861,14
334,35,20333,1
334,36,5556,2581
334,37,20195,1
334,38,29757,93
334,39,20640,206
334,40,25153,2
334,41,31859,3
334,42,32296,13
334,43,21696,1
334,44,17791,1
334,45,94,7
334,46,2871,2571
334,47,14000,1
334,48,6398,12
334,49,17928,3
334,50,39952,6
334,51,14709,20
334,52,12076,6
334,53,33019,1285
334,54,77,71
334,55,1128,10
334,56,14727,4
334,57,24178,1
334,58,27386,399
334,59,5207,0
334,60,34541,19
334,61,8128,1
334,62,33213,1156
334,63,16890,2
334,64,22031,17
334,65,21664,1
334,66,26961,21
334,67,16781,1
334,68,22276,5
334,69,10842,281
334,70,26155,2
334,71,15375,40
334,72,32505,10
334,73,30158,109
334,74,8509,981
334,75,13461,8
334,76,8007,3
334,77,16928,1
334,78,25560,15
334,79,2059,1
334,80,11613,47
334,81,23040,5
334,82,26924,5
334,83,21320,18
334,84,32796,22
334,85,27988,90
334,86,31147,21
334,87,4301,28
334,88,30978,1373
334,89,16197,5
334,90,16460,5
334,91,2267,1
334,92,5693,1989
334,93,13219,2
334,94,27500,28
334,95,8686,3024
334,96,4449,1
334,97,31542,5
334,98,37838,1
334,99,9113,1362
335,0,1135,7
335,1,6928,4
335,2,39947,3
335,3,35406,13
335,4,5189,1
335,5,35239,13
335,6,32557,1
335,7,38286,16
335,8,15111,122
335,9,35757,57
335,10,21863,3
335,11,38011,12
335,12,25809,8
335,13,38064,1
335,14,39801,3
335,15,1711,10
335,16,26854,2
335,17,22289,2
335,18,18280,1
335,19,13992,3
335,20,31252,25
335,21,27119,7098
335,22,4090,1
335,23,38780,1
335,24,21190,33
335,25,27236,1
335,26,19725,214
335,27,19498,49
335,28,13222,50
335,29,5225,7
335,30,12308,4
335,31,32525,7164
335,32,26349,7198
335,33,39765,47
335,34,24623,82
335,35,4778,1
335,36,10120,5
335,37,15362,7646
335,38,13542,6613
335,39,20840,4
335,40,13608,74
335,41,19792,120
335,42,1219,1
335,43,36703,15
335,44,31719,3620
335,45,36995,30
335,46,35017,3
335,47,8200,5
335,48,8786,7311
335,49,33224,3
335,50,11732,7040
335,51,6165,3
335,52,37335,74
335,53,21077,1
335,54,35406,70
335,55,28506,3012
335,56,14476,1
335,57,2670,13
335,58,17099,20
335,59,34344,1
335,60,25753,7833
335,61,23491,8
335,62,38594,4
335,63,3963,7441
335,64,9220,4
335,65,17142,6896
335,66,21417,4
335,67,29577,3
335,68,37783,36
335,69,251,1
335,70,3628,2
335,71,25018,1
335,72,20016,10
335,73,36313,1
335,74,34953,616
335,75,14967,7599
335,76,12901,1
335,77,9997,4
335,78,28427,42
335,79,36636,5
335,80,1681,28
335,81,34829,2
335,82,30048,5
335,83,4359,390
335,84,29376,24
335,85,1258,7
335,86,3737,1
335,87,28754,1
335,88,6835,14
335,89,10766,7757
335,90,37503,9
335,91,8413,53
335,92,20752,4714
335,93,20325,6551
335,94,2636,2
335,95,6788,53
335,96,39593,3
335,97,921,5
335,98,38669,4
335,99,37040,23
342,0,10496,63
342,1,35264,5
342,2,29074,1
342,3,30521,6
342,4,6583,20
342,5,23423,5
342,6,2097,73
342,7,8228,12
342,8,36448,4
342,9,6131,22
342,10,25389,1
342,11,5825,4
342,12,15790,0
342,13,19279,11
342,14,34487,2
342,15,31833,2
342,16,6442,18
342,17,17888,18
342,18,14397,1
342,19,17806,10
342,20,26375,3788
342,21,15734,31
342,22,22667,1
342,23,11736,21
342,24,25235,3
342,25,25581,475
342,26,18639,11
342,27,39322,2
342,28,24458,5
342,29,29335,4
342,30,21237,2
342,31,32288,6
342,32,38341,37
342,33,26055,2
342,34,26801,104
342,35,26232,48
342,36,12368,3
342,37,30909,41
342,38,11739,14
342,39,4906,4
342,40,36697,11
342,41,30761,6
342,42,7347,7
342,43,24916,17
342,44,25411,40
342,45,23518,30
342,46,13126,4
342,47,33319,52
342,48,25434,9
342,49,32852,6
342,50,22762,6
342,51,8824,3
342,52,2209,19
342,53,32473,2
342,54,2979,2
342,55,38788,2
342,56,20872,14
342,57,16854,2
342,58,37672,12
342,59,33219,5
342,60,12602,3
342,61,28474,12
342,62,16639,2
342,63,36327,7
342,64,27474,25
342,65,24901,45
342,66,5,8
342,67,625,11
342,68,24557,3168
342,69,3251,58
342,70,6666,705
342,71,16496,47
342,72,1306,19
342,73,2563,22
342,74,14105,153
342,75,2584,18
342,76,17838,9
342,77,5154,1
342,78,18389,14
342,79,4795,11
342,80,10101,67
342,81,38329,2
342,82,13566,1
342,83,24742,3943
342,84,20419,2
342,85,11152,24
342,86,34387,3750
342,87,13787,5
342,88,3240,6
342,89,19229,2
342,90,24402,62
342,91,25702,7
342,92,4033,2
342,93,13741,2
342,94,20571,5
342,95,3422,45
342,96,22891,6
342,97,6446,28
342,98,14130,8
342,99,29946,2705
339,0,27620,5
339,1,12048,3958
339,2,31266,1
339,3,25276,1
339,4,20718,5
339,5,18222,38
339,6,8621,4400
339,7,24989,180
339,8,16317,58
339,9,19451,1
339,10,35266,2
339,11,24790,106
339,12,4555,179
339,13,34630,2
339,14,31087,1
339,15,11015,3963
339,16,39917,1523
339,17,18673,1
339,18,20331,2
339,19,26848,9
339,20,31324,1
339,21,16697,2
339,22,11956,39
339,23,20279,1
339,24,11170,80
339,25,34836,1
339,26,16903,0
339,27,3452,3693
339,28,12574,1
339,29,29747,1
339,30,17211,2764
339,31,19460,1
339,32,11699,0
339,33,24551,24
339,34,23867,1
339,35,29249,57
339,36,38675,1
339,37,12704,1
339,38,24030,31
339,39,4307,21
339,40,27683,1
339,41,34256,1
339,42,20581,2064
339,43,8951,1
339,44,27276,1
339,45,32813,16
339,46,33040,20
339,47,18013,3306
339,48,14622,4046
339,49,34262,1
339,50,31069,1
339,51,30808,37
339,52,6432,4
339,53,31949,63
339,54,9694,17
339,55,3951,58
339,56,25272,1
339,57,5027,1
339,58,17590,3125
339,59,29456,31
339,60,35315,5
339,61,22385,2387
339,62,33200,1
339,63,38756,1653
339,64,18610,3290
339,65,5762,81
339,66,16635,4082
339,67,5886,1
339,68,14386,1906
339,69,38670,4
339,70,30598,2
339,71,20269,1
339,72,38774,68
339,73,27745,8
339,74,25716,1
339,75,30768,2
339,76,3155,1
339,77,29595,47
339,78,6140,62
339,79,17417,1
339,80,7192,206
339,81,6608,4209
339,82,36896,7
339,83,35626,171
339,84,34328,2
339,85,4047,3761
339,86,36616,406
339,87,20428,15
339,88,2965,616
339,89,31872,2
339,90,8571,1
339,91,10911,3
339,92,31562,1
339,93,39719,143
339,94,11513,18
339,95,12764,9
339,96,37461,61
339,97,18309,1
339,98,4343,22
339,99,33462,2
340,0,25747,65
340,1,39840,5
340,2,16711,21
340,3,18253,1
340,4,11709,288
340,5,14774,1093
340,6,25631,10922
340,7,38271,391
340,8,35320,9156
340,9,23917,56
340,10,16372,15210
340,11,17416,2
340,12,37829,9
340,13,36928,9884
340,14,23420,405
340,15,20261,72
340,16,33810,24
340,17,21013,1
340,18,37107,64
340,19,27544,11135
340,20,38841,15
340,21,2974,297
340,22,32240,10313
340,23,9688,264
340,24,17631,3866
340,25,16978,198
340,26,18580,3
340,27,217,3
340,28,33597,10
340,29,27844,6
340,30,8155,2307
340,31,27507,9361
340,32,28219,2974
340,33,11293,5
340,34,29972,9550
340,35,38769,1
340,36,21496,7
340,37,17594,211
340,38,15661,14
340,39,8953,1943
340,40,13607,182
340,41,39332,100
340,42,21544,5
340,43,22227,10621
340,44,13267,1
340,45,17320,6
340,46,37418,1
340,47,18071,1
340,48,30210,10364
340,49,19795,180
340,50,6322,2
340,51,31736,10545
340,52,12728,3
340,53,4940,2557
340,54,33639,8946
340,55,9895,44
340,56,16723,12
340,57,10190,135
340,58,20745,92
340,59,11493,68
340,60,38675,5
340,61,19200,3
340,62,31050,2
340,63,6824,25
340,64,5500,4
340,65,12210,1281
340,66,28918,10094
340,67,26217,1489
340,68,19220,10970
340,69,22070,4
340,70,5261,859
340,71,39432,1
340,72,19976,2
340,73,11225,6
340,74,19697,45
340,75,9245,63
340,76,27627,9602
340,77,31293,9464
340,78,31418,3415
340,79,37596,2
340,80,26590,9995
340,81,21908,1
340,82,27111,6603
340,83,30820,11700
340,84,9930,444
340,85,1339,5
340,86,23216,9906
340,87,22692,139
340,88,34954,14701
340,89,8368,2179
340,90,19191,395
340,91,37994,4
340,92,1446,5
340,93,24306,10357
340,94,10844,277
340,95,35978,9355
340,96,9530,403
340,97,25204,10818
340,98,19439,2
340,99,2151,69
341,0,33373,2
341,1,18480,348
341,2,30530,1112
341,3,35766,23
341,4,36096,2
341,5,28625,2
341,6,35574,45
341,7,31468,11
341,8,16580,2
341,9,32810,4
341,10,15512,1
341,11,23212,78
341,12,30673,3
341,13,7576,2
341,14,37887,3637
341,15,12651,72
341,16,9319,2009
341,17,20751,1
341,18,8463,2
341,19,8765,19
341,20,25074,75
341,21,14771,2
341,22,37027,20
341,23,6840,1
341,24,35653,4503
341,25,16325,971
341,26,20374,2
341,27,38840,51
341,28,39990,7
341,29,25274,19
341,30,21614,15
341,31,5117,877
341,32,21335,2
341,33,23912,10
341,34,33382,5
341,35,26862,1
341,36,26060,5
341,37,9113,3854
341,38,39447,27
341,39,9152,234
341,40,2062,1755
341,41,23618,20
341,42,30466,1
341,43,37234,1
341,44,23547,1
341,45,14222,699
341,46,29564,1
341,47,12272,66
341,48,32599,0
341,49,31443,1
341,50,14454,18
341,51,23191,19
341,52,37987,16
341,53,32998,4
341,54,32616,5
341,55,37272,3664
341,56,12824,18
341,57,28682,75
341,58,14106,3585
341,59,630,11
341,60,29888,128
341,61,38211,6
341,62,79,2563
341,63,33897,2835
341,64,36338,3
341,65,4041,8
341,66,23374,5
341,67,39013,5
341,68,34728,1658
341,69,11480,16
341,70,22734,2
341,71,9076,7
341,72,7486,2272
341,73,13732,14
341,74,2493,3923
341,75,14400,1
341,76,28873,5
341,77,20714,103
341,78,34285,51
341,79,35821,8
341,80,16658,74
341,81,30050,1
341,82,30236,163
341,83,13859,3
341,84,6510,2898
341,85,18256,35
341,86,35806,9
341,87,7145,123
341,88,7163,1
341,89,2938,1924
341,90,36585,2
341,91,4140,2
341,92,20153,15
341,93,27764,0
341,94,25981,6
341,95,34080,5
341,96,4674,6
341,97,34583,4
341,98,20270,3
341,99,30078,4
343,0,18122,8330
343,1,17552,11686
343,2,2893,156
343,3,4387,9959
343,4,30970,1
343,5,37274,8
343,6,12040,5
343,7,1425,4
343,8,17708,93
343,9,15024,9
343,10,20880,4
343,11,11621,3
343,12,8633,2
343,13,29927,2
343,14,8953,4085
343,15,27871,7
343,16,21950,12164
343,17,17626,4
343,18,25752,9504
343,19,2675,9
343,20,12608,6
343,21,27530,10316
343,22,27454,56
343,23,8888,25
343,24,3257,10
343,25,21280,60
343,26,20433,3
343,27,37945,13738
343,28,30851,5
343,29,26765,10050
343,30,34696,13
343,31,9898,15
343,32,31456,11
343,33,38674,1
343,34,30210,67
343,35,14325,1
343,36,16932,1
343,37,22428,4
343,38,31876,8
343,39,8753,8504
343,40,25152,13372
343,41,15047,1
343,42,12622,1
343,43,3572,12758
343,44,39339,13459
343,45,20419,12
343,46,5272,16
343,47,27519,10186
343,48,27822,5
343,49,4500,102
343,50,34542,3297
343,51,280,2
343,52,27469,1
343,53,16883,1
343,54,38309,8
343,55,26165,7
343,56,16973,12887
343,57,35346,2
343,58,27385,394
343,59,22356,9188
343,60,7463,1
343,61,3837,4
343,62,25669,14
343,63,23399,7
343,64,14663,7
343,65,16732,12507
343,66,34461,2
343,67,13421,3
343,68,3713,13
343,69,32661,9
343,70,24139,8703
343,71,26140,1
343,72,28817,2
343,73,5070,2
343,74,36901,23
343,75,7738,12209
343,76,22733,6683
343,77,38224,16
343,78,24903,63
343,79,3020,7
343,80,169,12090
343,81,10119,32
343,82,20339,9911
343,83,7781,11026
343,84,16998,27
343,85,28069,12
343,86,6977,4129
343,87,38239,6
343,88,19097,5
343,89,13799,3
343,90,1796,9392
343,91,31848,3
343,92,22740,12976
343,93,17200,2
343,94,35707,14
343,95,1524,8997
343,96,14387,6
343,97,15825,2
343,98,14961,11930
343,99,17872,8
344,0,16250,8
344,1,1696,4031
344,2,28338,9
344,3,37364,3665
344,4,21962,2
344,5,33826,3
344,6,25403,8
344,7,18355,138
344,8,36711,9685
344,9,23138,4
344,10,5635,1
344,11,599,5
344,12,1908,1304
344,13,32225,45
344,14,4935,3395
344,15,37117,5229
344,16,15844,721
344,17,19966,28
344,18,2529,4833
344,19,3371,3113
344,20,23772,471
344,21,13807,67
344,22,7738,3451
344,23,38297,10633
344,24,9719,98
344,25,7070,1165
344,26,18462,10515
344,27,34710,9598
344,28,11875,47
344,29,21214,7
344,30,25640,57
344,31,17945,6
344,32,4328,4148
344,33,25416,8
344,34,36316,3476
344,35,23845,11096
344,36,3401,14
344,37,27318,4757
344,38,23507,327
344,39,9751,3311
344,40,11075,2
344,41,20123,8
344,42,13585,4565
344,43,13199,3
344,44,25330,10464
344,45,8574,1
344,46,9650,3
344,47,31225,65
344,48,39763,11722
344,49,30033,1
344,50,6147,3785
344,51,1207,6
344,52,33764,11254
344,53,33522,45
344,54,22254,5
344,55,32109,10348
344,56,8424,2
344,57,509,31
344,58,34189,3
344,59,8040,1
344,60,7174,3502
344,61,4299,1306
344,62,19871,10399
344,63,31467,9980
344,64,5201,3
344,65,23180,46
344,66,6744,4597
344,67,37400,6
344,68,4899,1345
344,69,16061,78
344,70,2450,9
344,71,5304,57
344,72,10018,3
344,73,28549,10612
344,74,34530,11160
344,75,26215,193
344,76,3556,3028
344,77,39922,336
344,78,10181,18
344,79,23199,307
344,80,23215,45
344,81,25419,10190
344,82,6906,1219
344,83,2975,3244
344,84,32601,13
344,85,25361,8
344,86,33577,3394
344,87,503,4679
344,88,11086,14
344,89,26647,10948
344,90,12416,2
344,91,22579,2
344,92,36272,5593
344,93,5435,0
344,94,31391,666
344,95,24738,14
344,96,26457,9
344,97,22720,48
344,98,30057,10284
344,99,26562,82
345,0,23875,1
345,1,23984,7
345,2,2156,2
345,3,11230,2158
345,4,2701,4
345,5,7677,2
345,6,38993,7
345,7,11552,14
345,8,17971,1
345,9,32031,3
345,10,1126,12
345,11,6394,1
345,12,31103,0
345,13,2873,49
345,14,19401,24
345,15,29507,1
345,16,31352,3
345,17,19704,8
345,18,13884,28
345,19,24592,5
345,20,10005,1974
345,21,29251,2
345,22,12525,162
345,23,39097,2
345,24,27740,3
345,25,2769,23
345,26,20256,1
345,27,33334,34
345,28,14620,2
345,29,22292,2
345,30,39099,8
345,31,35554,575
345,32,1091,3
345,33,38035,61
345,34,39726,8
345,35,11938,3
345,36,7965,2
345,37,22485,2
345,38,7293,1
345,39,9951,3
345,40,3178,16
345,41,4409,2110
345,42,18859,2
345,43,31854,21
345,44,35610,49
345,45,5475,2
345,46,1796,24
345,47,21777,3
345,48,2151,9
345,49,1681,5
345,50,17928,11
345,51,32663,30
345,52,19023,7
345,53,17931,1
345,54,17583,5
345,55,15838,31
345,56,8173,1272
345,57,15353,3
345,58,27549,39
345,59,37177,96
345,60,2035,11
345,61,19662,13
345,62,28900,9
345,63,18540,1
345,64,36038,1
345,65,18658,41
345,66,1200,182
345,67,6548,11
345,68,20406,12
345,69,5470,2
345,70,19923,6
345,71,14948,1
345,72,37529,36
345,73,34705,6
345,74,17326,5
345,75,27722,1
345,76,8451,5
345,77,29343,6
345,78,16696,27
345,79,21424,2
345,80,9635,2199
345,81,37208,10
345,82,13678,1
345,83,26014,1
345,84,29181,2
345,85,2279,1
345,86,6167,50
345,87,24956,1
345,88,26943,26
345,89,21217,1
345,90,29811,3
345,91,25077,2
345,92,11331,6
345,93,8893,1
345,94,6528,23
345,95,22840,1
345,96,21600,1
345,97,32099,4
345,98,30888,1
345,99,10840,192
346,0,998,2
346,1,768,171
346,2,4348,6278
346,3,9632,17
346,4,16836,1
346,5,2476,9
346,6,5517,4990
346,7,28313,10217
346,8,37839,1
346,9,1704,9830
346,10,11003,2
346,11,29007,72
346,12,19868,3
346,13,14576,11411
346,14,12353,1
346,15,8689,79
346,16,24827,1
346,17,20489,62
346,18,19818,0
346,19,33634,40
346,20,11306,1
346,21,30215,1
346,22,1813,12
346,23,3993,90
346,24,13675,28
346,25,12024,4
346,26,18521,11621
346,27,37464,3
346,28,2736,11758
346,29,26353,5427
346,30,35073,2
346,31,22726,5857
346,32,18098,131
346,33,178,6
346,34,33144,123
346,35,11307,4
346,36,34272,2
346,37,4280,169
346,38,19584,1
346,39,9352,5276
346,40,34165,5
346,41,11552,5710
346,42,35740,35
346,43,15889,5
346,44,37474,1
346,45,14771,12122
346,46,21710,6019
346,47,6472,2
346,48,34987,12
346,49,3090,17
346,50,26235,3
346,51,14647,7
346,52,23246,1
346,53,17407,0
346,54,27946,6252
346,55,21002,0
346,56,12573,12618
346,57,7173,12409
346,58,7467,5
346,59,29766,597
346,60,24749,6
346,61,13574,6167
346,62,5460,0
346,63,20970,83
346,64,27175,4808
346,65,39519,862
346,66,17831,1
346,67,11809,1
346,68,10235,3
346,69,37241,1
346,70,3855,1
346,71,22368,6
346,72,34997,1
346,73,19887,5
346,74,25289,6209
346,75,19554,11398
346,76,33768,4
346,77,13783,5684
346,78,800,4
346,79,30398,4
346,80,6726,5351
346,81,1839,1
346,82,37008,2
346,83,36897,7
346,84,3090,157
346,85,35174,6
346,86,8396,11413
346,87,31598,21
346,88,23020,0
346,89,37508,3
346,90,13980,6683
346,91,10287,245
346,92,38859,1
346,93,34870,14
346,94,1118,10543
346,95,32182,2
346,96,39818,10
346,97,3962,10849
346,98,24748,4504
346,99,14356,3298
350,0,31501,11931
350,1,6272,4
350,2,15975,8
350,3,28744,259
350,4,27088,9317
350,5,21529,39
350,6,8936,4
350,7,8398,7
350,8,35582,4
350,9,925,4
350,10,36618,6
350,11,12190,10
350,12,23947,8
350,13,9874,10617
350,14,33868,4824
350,15,25545,6
350,16,6860,2
350,17,19442,8679
350,18,25239,116
350,19,9461,1
350,20,32590,11459
350,21,1048,0
350,22,17311,9077
350,23,36249,6
350,24,5762,0
350,25,38468,8
350,26,18402,1
350,27,31957,2556
350,28,21014,2
350,29,19723,10981
350,30,12558,41
350,31,13164,1
350,32,34206,6
350,33,14302,9140
350,34,39488,10
350,35,36383,12348
350,36,12529,11770
350,37,14004,31
350,38,31078,10953
350,39,10151,1
350,40,31633,55
350,41,32343,2
350,42,27781,5213
350,43,10510,9316
350,44,9538,3
350,45,2376,52
350,46,33942,3
350,47,15978,41
350,48,4539,46
350,49,16976,4
350,50,29708,11997
350,51,24119,658
350,52,4282,6
350,53,5989,6
350,54,12913,8167
350,55,39568,27
350,56,4274,1
350,57,33845,15
350,58,20910,6746
350,59,26314,69
350,60,33248,3
350,61,35025,2
350,62,34281,8860
350,63,1965,3
350,64,23228,17
350,65,10489,5689
350,66,35657,20
350,67,19344,476
350,68,39562,22
350,69,31232,6
350,70,1045,11
350,71,28240,151
350,72,25039,16
350,73,37212,6
350,74,122,22
350,75,32876,3739
350,76,13345,3
350,77,22412,2
350,78,23211,9
350,79,16000,18
350,80,39704,16
350,81,5350,18
350,82,16803,4
350,83,9052,456
350,84,25761,7
350,85,15548,10
350,86,18758,1
350,87,9409,14
350,88,39152,25
350,89,15786,1
350,90,7205,74
350,91,31223,51
350,92,30037,2
350,93,12351,11
350,94,21664,11480
350,95,17294,8596
350,96,16744,44
350,97,1478,6
350,98,35366,11620
350,99,38767,229
348,0,6752,5523
348,1,7200,10
348,2,39964,88
348,3,16475,5
348,4,32214,2437
348,5,12879,60
348,6,28822,2701
348,7,38440,32
348,8,34454,2
348,9,18711,4291
348,10,31249,2225
348,11,27429,3150
348,12,5986,6702
348,13,27522,23
348,14,22801,32
348,15,10325,5855
348,16,37877,1
348,17,18919,5851
348,18,7950,7594
348,19,15551,2
348,20,5056,1
348,21,28288,3
348,22,23236,13
348,23,30554,49
348,24,38158,1457
348,25,33513,4
348,26,18343,6527
348,27,32852,475
348,28,30152,22
348,29,18232,9
348,30,3124,10
348,31,8383,1
348,32,24085,144
348,33,39539,1731
348,34,2659,0
348,35,8920,5372
348,36,21657,6
348,37,690,1
348,38,35001,2137
348,39,10550,8196
348,40,12191,94
348,41,914,27
348,42,1978,2073
348,43,7820,40
348,44,33745,2166
348,45,36179,164
348,46,21883,60
348,47,731,46
348,48,9316,2
348,49,271,0
348,50,9620,15
348,51,7031,4
348,52,14801,15
348,53,18456,56
348,54,7220,17
348,55,10675,17
348,56,125,28
348,57,27180,14
348,58,3984,735
348,59,4587,7299
348,60,19322,4675
348,61,25751,3
348,62,8692,48
348,63,16111,6092
348,64,4902,18
348,65,37798,307
348,66,24570,3
348,67,4935,1869
348,68,30577,8
348,69,10051,2
348,70,39639,18
348,71,11176,43
348,72,61,0
348,73,5874,11
348,74,5714,35
348,75,39537,6
348,76,23134,4
348,77,8551,7647
348,78,32593,1
348,79,12450,41
348,80,16192,11
348,81,28929,102
348,82,30348,23
348,83,15130,6137
348,84,15272,3
348,85,9383,6004
348,86,7586,43
348,87,18314,2
348,88,30867,8
348,89,8574,3
348,90,5642,2
348,91,3516,50
348,92,27450,2681
348,93,22916,7192
348,94,11938,5845
348,95,13498,266
348,96,3383,1655
348,97,20236,67
348,98,675,1
348,99,10972,57
347,0,8624,416
347,1,23056,4779
347,2,14519,3944
347,3,23498,87
347,4,37575,717
347,5,16327,5962
347,6,15460,1183
347,7,21510,1
347,8,15451,1
347,9,10597,199
347,10,6495,964
347,11,34803,119
347,12,9064,7
347,13,25225,1
347,14,26820,48
347,15,1079,2
347,16,335,6
347,17,20227,5
347,18,31173,1
347,19,18503,2
347,20,37539,9
347,21,2011,2314
347,22,2952,5
347,23,1145,47
347,24,31697,5
347,25,7723,140
347,26,20315,20
347,27,36087,107
347,28,5481,1
347,29,23783,3
347,30,12181,91
347,31,335,56
347,32,11213,40
347,33,12797,4
347,34,36554,510
347,35,39400,1805
347,36,38837,101
347,37,35799,324
347,38,3370,997
347,39,9552,550
347,40,22620,1
347,41,35838,2337
347,42,4662,4867
347,43,34544,127
347,44,11402,12
347,45,11672,4700
347,46,17504,1
347,47,37025,1279
347,48,37375,170
347,49,18386,5
347,50,38015,2121
347,51,9751,16
347,52,8505,4438
347,53,5464,2211
347,54,23276,3880
347,55,4731,40
347,56,8674,4951
347,57,22017,22
347,58,828,1876
347,59,18903,8
347,60,15962,11
347,61,28937,11
347,62,14490,4691
347,63,4395,5
347,64,14364,6524
347,65,31350,5
347,66,12287,5537
347,67,24604,2
347,68,29391,131
347,69,26651,1
347,70,21329,2
347,71,32012,46
347,72,22507,3
347,73,22394,14
347,74,8085,37
347,75,21061,7062
347,76,38662,1981
347,77,6852,3
347,78,7315,650
347,79,28622,3
347,80,33147,3
347,81,13629,186
347,82,133,1
347,83,19936,2
347,84,39669,1055
347,85,8443,14
347,86,20987,7
347,87,16050,3
347,88,38877,28
347,89,32077,447
347,90,35022,1
347,91,16433,123
347,92,17566,9
347,93,38329,43
347,94,16254,4870
347,95,26636,165
347,96,34961,144
347,97,13341,4667
347,98,25579,12
347,99,38635,2553
351,0,39126,1
351,1,28560,1
351,2,29794,1
351,3,2609,1
351,4,7827,1
351,5,35380,1
351,6,18879,1
351,7,1595,3
351,8,16842,712
351,9,9818,1
351,10,35757,1
351,11,21633,1
351,12,13143,1
351,13,20522,1
351,14,8335,1
351,15,17935,1
351,16,22369,1
351,17,19181,1
351,18,36595,191
351,19,34330,1
351,20,18823,1
351,21,16492,1
351,22,18450,1
351,23,33401,62
351,24,20136,1
351,25,37814,1
351,26,20197,1
351,27,34228,1
351,28,23759,1
351,29,20801,1
351,30,26017,68
351,31,30773,1
351,32,30970,1
351,33,26920,1
351,34,2897,1
351,35,24476,1
351,36,17093,2
351,37,5523,64
351,38,11215,1
351,39,10350,1
351,40,20088,19
351,41,16629,1
351,42,36703,1
351,43,29165,1
351,44,23466,1
351,45,39278,1
351,46,26088,1
351,47,6530,1
351,48,6927,1
351,49,28624,3251
351,50,37840,1
351,51,15575,1
351,52,29541,1
351,53,34046,2764
351,54,11891,35
351,55,26945,1
351,56,4024,1
351,57,8688,1
351,58,10623,1
351,59,15451,1
351,60,28109,1
351,61,10388,1
351,62,3311,1
351,63,29038,1
351,64,14065,8196
351,65,2319,1
351,66,30113,1
351,67,32140,1
351,68,15070,1
351,69,20641,1
351,70,18518,1
351,71,37884,1
351,72,12550,1
351,73,3367,1
351,74,22918,1
351,75,38031,1
351,76,18239,1
351,77,15481,1
351,78,26078,1
351,79,14225,1
351,80,26124,1
351,81,17139,1
351,82,23575,1
351,83,32091,1
351,84,22340,1
351,85,32466,1
351,86,34996,1
351,87,33862,3214
351,88,15010,1
351,89,10356,1
351,90,24600,1
351,91,37370,1
351,92,8744,1
351,93,19457,1
351,94,36801,1
351,95,15396,18
351,96,11888,1
351,97,10857,1
351,98,36197,1
351,99,23045,3669
349,0,14377,5063
349,1,29488,5508
349,2,13783,5022
349,3,30341,41
349,4,12953,4056
349,5,26730,0
349,6,38765,1
349,7,31637,5186
349,8,15714,5673
349,9,27604,4707
349,10,26741,2
349,11,33225,5279
349,12,35182,5
349,13,34523,9
349,14,37268,13
349,15,6363,2
349,16,13385,4386
349,17,22305,505
349,18,19305,2
349,19,420,7
349,20,31288,186
349,21,84,1
349,22,28023,5297
349,23,27706,17
349,24,16180,4910
349,25,29212,2932
349,26,20138,184
349,27,31475,8
349,28,32898,28
349,29,19310,234
349,30,16584,4962
349,31,25992,4336
349,32,20848,4
349,33,12158,29
349,34,6069,3
349,35,37013,4
349,36,26222,4843
349,37,32209,4929
349,38,18786,3768
349,39,14397,5400
349,40,646,2
349,41,25200,4954
349,42,10900,4
349,43,22827,4461
349,44,7673,2
349,45,33080,198
349,46,14029,101
349,47,31283,592
349,48,11704,26
349,49,11919,4
349,50,21401,4323
349,51,38486,60
349,52,60,1
349,53,6513,8
349,54,2550,7
349,55,38052,4
349,56,39874,1
349,57,5672,1
349,58,37344,1
349,59,30076,1
349,60,10534,1
349,61,1114,1
349,62,17721,1
349,63,39535,1
349,64,32091,1
349,65,29628,1
349,66,19026,1
349,67,17731,1
349,68,6085,1
349,69,39461,1
349,70,17113,1
349,71,20820,1
349,72,27571,1
349,73,12029,1
349,74,28511,1
349,75,4692,1
349,76,28028,1
349,77,1620,1
349,78,35459,1
349,79,7026,1
349,80,2613,1
349,81,719,1
349,82,33472,1
349,83,38169,1
349,84,11852,1
349,85,22653,1
349,86,20177,1
349,87,2767,0
349,88,3076,1
349,89,3143,1
349,90,23037,1
349,91,9662,1
349,92,6157,0
349,93,30022,1
349,94,27074,1
349,95,7952,1
349,96,38527,1
349,97,29615,1
349,98,1506,1
349,99,35251,1
352,0,1272,1
352,1,16735,1
352,2,35546,1
352,3,21180,1
352,4,33543,1
352,5,28001,1
352,6,15950,1
352,7,11907,1
352,8,32383,1
352,9,26163,1
352,10,32723,1
352,11,7014,0
352,12,31750,1
352,13,17903,1
352,14,27248,1
352,15,34733,1
352,16,28881,1
352,17,27736,1
352,18,16742,1
352,19,30702,1
352,20,14846,1
352,21,24023,1
352,22,6366,1
352,23,37216,1
352,24,28705,1
352,25,2449,1
352,26,20929,1
352,27,1533,1
352,28,23708,1
352,29,27745,1
352,30,33191,1
352,31,38675,1
352,32,34600,1
352,33,2999,0
352,34,16103,1
352,35,38248,1
352,36,29616,1
352,37,26444,1
352,38,3853,1
352,39,32328,1
352,40,33052,1
352,41,28033,1
352,42,3049,1
352,43,21165,1
352,44,22315,1
352,45,22867,1
352,46,4676,1
352,47,9929,1
352,48,26233,1
352,49,19709,1
352,50,33582,1
352,51,37682,1
352,52,11424,1
352,53,24747,1
352,54,6515,1
352,55,36010,1
352,56,12731,0
352,57,38166,1
352,58,30380,1
352,59,38922,1
352,60,30406,1
352,61,37056,1
352,62,35377,1
352,63,26955,1
352,64,34913,1
352,65,34766,1
352,66,21356,199
352,67,7345,1
352,68,25331,1
352,69,39613,1
352,70,7048,1
352,71,27669,1
352,72,5035,1
352,73,9090,1
352,74,969,1
352,75,14029,1
352,76,32034,1
352,77,6211,1
352,78,19702,1
352,79,2874,1
352,80,36637,1
352,81,27819,1
352,82,23089,1
352,83,8173,1
352,84,15662,0
352,85,10990,0
352,86,39079,1
352,87,25910,1
352,88,30649,1
352,89,24025,1
352,90,17378,1
352,91,6539,1
352,92,6292,1
352,93,2132,1
352,94,507,1
352,95,21394,1
352,96,3016,1
352,97,37880,1
352,98,16237,1
352,99,19723,1
353,0,8897,157
353,1,35375,9
353,2,9365,7
353,3,35046,4
353,4,17930,1
353,5,1852,883
353,6,25893,4
353,7,8752,10
353,8,13643,4
353,9,35056,3794
353,10,28215,4496
353,11,12810,204
353,12,20946,1
353,13,28551,8
353,14,1715,456
353,15,27123,3
353,16,741,37
353,17,27475,3486
353,18,28097,24
353,19,15571,25
353,20,1079,6
353,21,39468,30
353,22,11152,6
353,23,34368,64
353,24,6727,5
353,25,38148,34
353,26,19076,29
353,27,157,6
353,28,26454,3736
353,29,28824,62
353,30,6650,652
353,31,16285,32
353,32,31363,8
353,33,15618,143
353,34,15864,4
353,35,26341,0
353,36,34180,196
353,37,17963,2
353,38,27638,5468
353,39,32528,2
353,40,21507,7
353,41,12319,2
353,42,11971,2
353,43,36172,7
353,44,36243,6
353,45,19769,4
353,46,36822,17
353,47,4129,664
353,48,28621,4294
353,49,35005,42
353,50,5362,5
353,51,29138,2
353,52,36683,131
353,53,9156,7
353,54,1844,1124
353,55,19740,2
353,56,12480,14
353,57,16658,8
353,58,23740,5
353,59,28059,3420
353,60,21619,423
353,61,12419,70
353,62,758,3
353,63,10380,11
353,64,25750,9
353,65,26596,4
353,66,15812,430
353,67,20141,11
353,68,4487,105
353,69,29023,62
353,70,28170,7
353,71,961,2
353,72,32546,7
353,73,15246,25
353,74,23765,2
353,75,19183,109
353,76,36928,2
353,77,39280,101
353,78,26216,3718
353,79,1098,180
353,80,26705,1
353,81,35961,3
353,82,29861,4657
353,83,31212,177
353,84,12242,11
353,85,27907,1
353,86,11669,25
353,87,10363,10
353,88,6506,18
353,89,18595,55
353,90,34772,19
353,91,12685,2
353,92,24999,10
353,93,9238,5
353,94,15644,48
353,95,15848,6
353,96,38160,1
353,97,7259,155
353,98,17068,2
353,99,4002,3
354,0,26020,8
354,1,12159,6120
354,2,11557,5756
354,3,33449,4
354,4,28417,18
354,5,36651,1
354,6,36064,7
354,7,21865,5
354,8,33511,4125
354,9,8377,6055
354,10,38092,80
354,11,35423,22
354,12,9711,168
354,13,254,8
354,14,38315,3775
354,15,6305,24
354,16,37864,3
354,17,24612,11
354,18,34031,2
354,19,24612,49
354,20,2381,5
354,21,431,8
354,22,441,0
354,23,39263,1
354,24,32662,3
354,25,7403,4
354,26,20988,7
354,27,639,1
354,28,14570,4840
354,29,29236,6
354,30,2624,1
354,31,3456,1
354,32,4721,5391
354,33,14113,18
354,34,12931,20
354,35,25711,34
354,36,20488,14
354,37,39758,3389
354,38,39930,3945
354,39,31929,4441
354,40,16142,74
354,41,15813,564
354,42,28853,5
354,43,23854,2
354,44,38107,35
354,45,29065,8
354,46,20384,6476
354,47,25176,9
354,48,21457,8
354,49,36414,58
354,50,13669,25
354,51,14770,5212
354,52,906,48
354,53,8632,4
354,54,12207,1
354,55,24903,33
354,56,16880,4
354,57,4830,3
354,58,3658,3
354,59,24297,88
354,60,4332,5105
354,61,2683,71
354,62,20966,4953
354,63,12810,455
354,64,16887,15
354,65,7457,3
354,66,32443,1
354,67,25402,30
354,68,34316,427
354,69,24442,32
354,70,8454,3
354,71,4733,5920
354,72,30014,6
354,73,428,1
354,74,31729,1
354,75,7368,5498
354,76,22245,2
354,77,23720,7
354,78,10320,10
354,79,10072,1
354,80,20148,1
354,81,4240,3
354,82,13191,4814
354,83,2095,6292
354,84,26150,16
354,85,20802,1
354,86,13898,1
354,87,17005,21
354,88,2583,25
354,89,34886,3
354,90,18941,1
354,91,34247,0
354,92,8879,3
354,93,35216,1
354,94,10234,27
354,95,25190,5
354,96,12729,216
354,97,19122,13
354,98,10928,5391
354,99,7518,24
356,0,31774,4
356,1,22239,1858
356,2,10821,2
356,3,292,1
356,4,3795,3
356,5,7054,128
356,6,19369,8
356,7,31992,3
356,8,33774,7
356,9,25384,1
356,10,18337,13
356,11,33845,958
356,12,32181,2
356,13,13200,8
356,14,5115,1
356,15,11589,20
356,16,7266,16
356,17,26690,4
356,18,22163,20
356,19,6529,15
356,20,36130,30
356,21,38504,25
356,22,21864,1
356,23,29472,5
356,24,17145,1
356,25,28892,9
356,26,20811,2034
356,27,36027,2
356,28,1986,8
356,29,24763,32
356,30,7027,41
356,31,29113,181
356,32,14356,29
356,33,13474,3
356,34,22446,185
356,35,23324,21
356,36,7873,3
356,37,36168,3
356,38,11698,2
356,39,33126,12
356,40,30520,160
356,41,8824,4
356,42,35090,17
356,43,12137,1
356,44,34378,2
356,45,10473,7
356,46,16908,1
356,47,23082,10
356,48,35785,2
356,49,29947,29
356,50,37055,17
356,51,7153,5
356,52,32461,5
356,53,9680,14
356,54,31481,3
356,55,14576,27
356,56,4432,48
356,57,28485,9
356,58,175,2
356,59,35470,18
356,60,38905,3
356,61,18508,4
356,62,24198,1522
356,63,7950,3
356,64,34614,6
356,65,5736,13
356,66,39182,2
356,67,18529,4
356,68,14658,1
356,69,33603,3
356,70,4238,41
356,71,37188,2
356,72,35078,15
356,73,30063,3
356,74,12154,13
356,75,30999,41
356,76,11612,28
356,77,14839,86
356,78,2113,1
356,79,32124,2
356,80,29614,59
356,81,31330,37
356,82,6531,1
356,83,20328,5
356,84,38333,13
356,85,35012,79
356,86,9440,12
356,87,3721,8
356,88,10430,1
356,89,2304,4
356,90,10603,3
356,91,27476,15
356,92,1118,3
356,93,23261,1
356,94,24702,2
356,95,6506,3
356,96,19942,6
356,97,35396,13
356,98,26855,3
356,99,4134,1
357,0,39399,14
357,1,879,236
357,2,24639,1
357,3,14158,1
357,4,24534,83
357,5,20905,1
357,6,29312,1
357,7,25189,3
357,8,11386,1
357,9,34277,1
357,10,13829,1
357,11,39640,1
357,12,25025,1
357,13,23849,1
357,14,23230,1
357,15,3979,1
357,16,22774,1
357,17,26428,1
357,18,33518,1
357,19,31398,1
357,20,22363,1
357,21,10300,1
357,22,26650,1
357,23,26625,1
357,24,35167,1
357,25,28239,1
357,26,18958,1
357,27,34650,7
357,28,4732,17
357,29,25842,1
357,30,20486,150
357,31,6723,2
357,32,7471,1
357,33,29741,1
357,34,22208,1
357,35,11417,1
357,36,12437,1
357,37,31335,1
357,38,35484,1
357,39,33326,1
357,40,22623,1
357,41,33109,10
357,42,364,1
357,43,30792,1
357,44,8306,1
357,45,11022,22
357,46,9054,0
357,47,13635,1
357,48,38174,2742
357,49,5243,1
357,50,8835,1
357,51,38609,1
357,52,17720,1
357,53,37738,3300
357,54,30459,1
357,55,1954,349
357,56,4181,451
357,57,3329,1
357,58,33535,1381
357,59,24606,1
357,60,30118,1
357,61,33871,1
357,62,29579,1
357,63,35023,1
357,64,25451,1
357,65,37566,699
357,66,33638,1
357,67,31324,1
357,68,30165,1
357,69,23013,1
357,70,25359,1
357,71,6832,1
357,72,22589,1
357,73,32570,5
357,74,34950,1
357,75,32506,1
357,76,16506,1
357,77,7909,2
357,78,4980,1
357,79,26701,1
357,80,19682,1
357,81,3119,1
357,82,13303,1
357,83,3367,18
357,84,34913,2
357,85,11929,1
357,86,25678,1
357,87,28174,1
357,88,22639,1
357,89,36873,4
357,90,27998,8
357,91,33622,1
357,92,19825,1
357,93,30367,1
357,94,39839,1
357,95,4608,1
357,96,15086,1
357,97,4775,12
357,98,27686,1
357,99,28413,64
358,0,16523,1
358,1,17663,1
358,2,23184,1
358,3,8912,1
358,4,38669,1
358,5,15704,1
358,6,39484,1
358,7,1949,1
358,8,31254,1
358,9,7597,365
358,10,23706,1
358,11,18605,1
358,12,13790,1
358,13,35552,1
358,14,16182,1
358,15,23161,1
358,16,16249,1
358,17,27213,1
358,18,39452,726
358,19,36792,2260
358,20,27312,1
358,21,11264,1
358,22,15939,1
358,23,31520,1
358,24,24749,70
358,25,37494,1
358,26,20870,1
358,27,38780,1
358,28,32847,1
358,29,26254,1
358,30,20109,1
358,31,33894,1
358,32,24478,1
358,33,28237,1
358,34,19274,0
358,35,10786,1
358,36,38744,1
358,37,13130,1
358,38,7775,1
358,39,32727,1
358,40,13610,1
358,41,36604,121
358,42,17245,1
358,43,14827,1
358,44,10170,1
358,45,16670,1
358,46,32616,1
358,47,38329,1
358,48,31009,1
358,49,6652,1
358,50,17142,1
358,51,20594,1
358,52,21942,1
358,53,37214,1
358,54,822,1
358,55,3469,1
358,56,8582,460
358,57,35150,1
358,58,17101,1
358,59,17196,1
358,60,12831,1
358,61,27782,1
358,62,9787,1
358,63,37453,2
358,64,12939,1
358,65,18427,1
358,66,10269,1
358,67,32937,1
358,68,19995,1
358,69,18432,36
358,70,5643,2158
358,71,10605,2868
358,72,20057,1
358,73,17753,1
358,74,6561,16
358,75,20690,1
358,76,1823,1
358,77,32349,1
358,78,29083,1
358,79,35675,313
358,80,13125,1
358,81,7750,1
358,82,36634,1
358,83,14250,1
358,84,8821,2356
358,85,4825,2197
358,86,24259,1
358,87,34816,1
358,88,22363,7
358,89,13164,1
358,90,12167,1
358,91,15184,1
358,92,3705,1
358,93,12697,1
358,94,34429,3
358,95,13950,1
358,96,29655,1
358,97,16638,1
358,98,21546,1
358,99,31929,1
355,0,33646,1
355,1,34447,1
355,2,25376,1
355,3,7315,1
355,4,12804,1
355,5,10502,1
355,6,6007,1
355,7,18710,1
355,8,14771,1
355,9,17270,1
355,10,37231,1
355,11,1219,1
355,12,38907,1
355,13,10902,1
355,14,12782,1
355,15,38695,1
355,16,13372,1
355,17,24350,1
355,18,5386,1
355,19,5833,1
355,20,28614,1
355,21,12227,1
355,22,5227,1
355,23,64,1
355,24,10683,1
355,25,6750,1
355,26,19135,1
355,27,39262,1
355,28,20963,1
355,29,30315,1
355,30,16083,1
355,31,21066,1
355,32,1484,1
355,33,26732,1
355,34,12693,1
355,35,13803,1
355,36,25052,1
355,37,34925,1
355,38,20067,1
355,39,32128,1
355,40,4597,1
355,41,99,1
355,42,34127,1
355,43,2509,1
355,44,8387,1
355,45,25966,1
355,46,12530,1
355,47,19376,1
355,48,23845,1
355,49,8062,1
355,50,21801,1
355,51,6226,1
355,52,26165,1
355,53,36689,1
355,54,7537,1
355,55,8633,1
355,56,16630,1
355,57,23322,1
355,58,37019,1
355,59,9785,1
355,60,35545,1
355,61,18046,1
355,62,26347,1
355,63,39882,1
355,64,4076,1
355,65,39287,1
355,66,26899,1
355,67,38197,1
355,68,9824,1
355,69,13851,1
355,70,29575,1
355,71,18025,1
355,72,17525,1
355,73,6583,1
355,74,18173,1
355,75,12522,1
355,76,27140,1
355,77,13141,1
355,78,13187,1
355,79,8297,1
355,80,10216,1
355,81,16029,1
355,82,19964,1
355,83,25134,1
355,84,22730,1
355,85,37720,1
355,86,26488,1
355,87,1458,1
355,88,18440,1
355,89,29455,1
355,90,39983,1
355,91,393,1
355,92,27586,1
355,93,38674,1
355,94,25370,1
355,95,23292,1
355,96,7872,1
355,97,28501,1
355,98,11759,1
355,99,31797,1
359,0,24148,1
359,1,39951,1
359,2,37002,1302
359,3,26426,1
359,4,19408,3
359,5,29555,15
359,6,9427,12
359,7,35146,110
359,8,12514,1
359,9,16491,58
359,10,22846,3447
359,11,28049,1
359,12,2985,1
359,13,6200,3
359,14,30648,1
359,15,15551,2
359,16,31758,1557
359,17,26951,1
359,18,10808,2
359,19,21661,2189
359,20,9897,1
359,21,26708,1
359,22,20725,1
359,23,28672,1
359,24,2771,1
359,25,33193,1592
359,26,19017,18
359,27,37404,1541
359,28,35593,1385
359,29,27333,1
359,30,33568,1132
359,31,11504,1
359,32,21241,1339
359,33,855,14
359,34,19036,11
359,35,38879,81
359,36,3309,1
359,37,4649,5
359,38,31561,1
359,39,32927,2
359,40,2065,1
359,41,20890,51
359,42,26168,1
359,43,33482,2
359,44,20450,4004
359,45,13572,1
359,46,24762,1
359,47,28882,14
359,48,33397,1029
359,49,18300,1
359,50,25274,2900
359,51,15698,1
359,52,7201,24
359,53,25271,1
359,54,36152,329
359,55,30847,1
359,56,8331,1
359,57,9993,1
359,58,10462,26
359,59,6333,1
359,60,7692,2
359,61,3145,16
359,62,15168,1
359,63,24526,1
359,64,3777,8
359,65,13905,3
359,66,4725,0
359,67,5733,0
359,68,35502,301
359,69,7842,1
359,70,26764,1
359,71,23897,59
359,72,7567,1
359,73,23908,1
359,74,29357,5
359,75,25845,1
359,76,6717,1
359,77,21770,1
359,78,35598,1009
359,79,33900,108
359,80,3194,19
359,81,19540,1
359,82,39758,15
359,83,37289,32
359,84,1753,1
359,85,18094,17
359,86,36850,1
359,87,19269,40
359,88,34573,485
359,89,7734,0
359,90,29561,2
359,91,21330,1
359,92,22412,798
359,93,19803,1
359,94,9565,1
359,95,12052,71
359,96,24799,62
359,97,26017,63
359,98,22377,1
359,99,16207,4
360,0,22276,10
360,1,27743,1
360,2,22447,693
360,3,19403,11
360,4,14048,5
360,5,26107,1
360,6,22789,1
360,7,12076,1
360,8,31517,94
360,9,20957,4
360,10,3952,127
360,11,17027,346
360,12,36260,90
360,13,8498,2
360,14,26629,2
360,15,24796,1
360,16,29299,1
360,17,25643,93
360,18,27584,8
360,19,22357,1
360,20,21061,19
360,21,12985,2970
360,22,1010,1996
360,23,18081,1
360,24,9232,1
360,25,18984,1
360,26,20693,39
360,27,34168,499
360,28,16616,87
360,29,21781,1
360,30,24512,156
360,31,19551,1
360,32,34113,163
360,33,27597,1
360,34,28789,1
360,35,12047,1
360,36,26130,8
360,37,9540,28
360,38,23192,1
360,39,37573,175
360,40,31636,1
360,41,29615,1
360,42,23483,5
360,43,3110,1
360,44,6441,1
360,45,1726,1
360,46,29140,2
360,47,32588,1
360,48,8986,3501
360,49,3833,2483
360,50,528,11
360,51,12977,3461
360,52,13497,1
360,53,38262,1
360,54,20096,41
360,55,36790,5
360,56,39781,2
360,57,15156,3475
360,58,13618,366
360,59,32017,1
360,60,11052,1
360,61,39960,1
360,62,13019,151
360,63,32594,1
360,64,34315,157
360,65,20353,1
360,66,17008,4
360,67,26064,1
360,68,336,1
360,69,31242,1
360,70,1427,72
360,71,3060,13
360,72,28768,1
360,73,7387,3383
360,74,23338,1
360,75,4321,1
360,76,31189,1
360,77,23468,26
360,78,20876,355
360,79,17727,1
360,80,26239,111
360,81,34840,1
360,82,26325,6
360,83,32483,76
360,84,21004,7
360,85,15386,3701
360,86,23449,79
360,87,21532,1
360,88,26562,1049
360,89,24230,1
360,90,181,4
360,91,12061,1
360,92,32296,1
360,93,4390,2942
360,94,5249,3
360,95,35266,33
360,96,36869,1
360,97,32911,1
360,98,37473,59
360,99,24897,198
365,0,20404,22
365,1,11887,1
365,2,7892,1
365,3,12380,1
365,4,5039,12
365,5,19010,2
365,6,36151,9
365,7,25358,1
365,8,10520,2
365,9,25423,2
365,10,28706,37
365,11,9653,1
365,12,29534,8
365,13,10795,18
365,14,18963,2
365,15,34042,3401
365,16,26841,4246
365,17,27982,1
365,18,4361,8
365,19,19405,1
365,20,28578,18
365,21,39262,4
365,22,21294,4494
365,23,7490,1
365,24,15694,108
365,25,1126,411
365,26,22369,1
365,27,27285,6026
365,28,1287,47
365,29,16229,1
365,30,15456,227
365,31,27598,9
365,32,6985,1
365,33,14339,7
365,34,34895,1
365,35,21568,1
365,36,8950,2
365,37,14431,56
365,38,14823,2
365,39,38571,3
365,40,17559,9
365,41,34691,168
365,42,24446,7199
365,43,16385,3
365,44,32432,7490
365,45,29881,6369
365,46,33518,7339
365,47,36294,1748
365,48,20927,658
365,49,25719,3
365,50,12133,7810
365,51,13904,248
365,52,19792,2
365,53,11253,8
365,54,393,2
365,55,2734,1019
365,56,31232,430
365,57,20320,12
365,58,16774,1
365,59,14053,1
365,60,10764,18
365,61,422,10
365,62,10869,4
365,63,662,2
365,64,21205,42
365,65,23154,15
365,66,29290,4
365,67,10043,5
365,68,1522,998
365,69,14642,22
365,70,16090,4381
365,71,18576,1
365,72,6322,6
365,73,30867,4817
365,74,20967,1
365,75,22798,3
365,76,12013,20
365,77,25166,1
365,78,6154,34
365,79,37906,7374
365,80,5637,1
365,81,10140,289
365,82,16540,9
365,83,27677,3865
365,84,254,2
365,85,16325,1792
365,86,10049,10
365,87,23796,5
365,88,18551,1
365,89,37078,73
365,90,10801,1
365,91,39144,1
365,92,5829,1
365,93,28977,6
365,94,932,1445
365,95,18480,3475
365,96,8939,1
365,97,39806,1
365,98,8922,1800
365,99,33586,74
361,0,29901,1
361,1,6383,1
361,2,36266,1
361,3,33269,1
361,4,34787,1
361,5,39958,1
361,6,32732,1
361,7,5274,1
361,8,12777,1
361,9,29850,1
361,10,3092,1
361,11,22823,1
361,12,25455,1
361,13,15498,1
361,14,1096,1
361,15,20834,1
361,16,4807,1
361,17,29029,1
361,18,38939,1
361,19,3578,1
361,20,7294,1
361,21,24781,1
361,22,2148,1
361,23,18881,1
361,24,27254,1
361,25,14682,1
361,26,18839,1
361,27,32792,164
361,28,23009,1
361,29,22859,1
361,30,37971,1
361,31,37160,1
361,32,27228,1
361,33,216,340
361,34,28551,1
361,35,36492,1
361,36,30694,1
361,37,1059,1
361,38,6977,1
361,39,37773,1
361,40,20091,1
361,41,13900,1
361,42,32405,1
361,43,21765,1
361,44,20369,1
361,45,38628,1
361,46,21286,1
361,47,23140,1
361,48,11374,1
361,49,15481,1
361,50,8660,1
361,51,4433,1
361,52,38756,1
361,53,26320,1
361,54,15426,1
361,55,20520,1
361,56,35883,1
361,57,33648,1
361,58,6978,1
361,59,21154,1
361,60,2265,1
361,61,18971,1
361,62,22048,1
361,63,19666,1
361,64,21504,1
361,65,12184,1
361,66,11464,1
361,67,38860,1
361,68,15844,1
361,69,17003,1
361,70,18901,1
361,71,12704,1
361,72,16279,1
361,73,9895,1
361,74,9783,1
361,75,9476,1
361,76,36083,1
361,77,16538,1
361,78,27391,1
361,79,12303,1
361,80,12660,1
361,81,6630,1
361,82,33098,1
361,83,15522,1
361,84,17583,1
361,85,32303,1
361,86,36040,1
361,87,5985,1
361,88,2419,1
361,89,18800,1
361,90,21224,1
361,91,14559,1
361,92,11003,1
361,93,7848,1
361,94,20386,1
361,95,33368,1
361,96,32012,1
361,97,2290,1
361,98,38304,1
361,99,12823,1
362,0,7025,1
362,1,23167,1
362,2,34810,1
362,3,28023,1
362,4,8922,1
362,5,34756,1
362,6,39255,1
362,7,22034,1
362,8,32646,1
362,9,3170,1
362,10,12969,1
362,11,5436,1
362,12,14220,1
362,13,30849,1
362,14,37696,1
362,15,36369,1
362,16,38283,1
362,17,26166,1
362,18,4874,1
362,19,12619,1
362,20,8596,1
362,21,25745,1
362,22,31437,1
362,23,23777,1
362,24,13188,1
362,25,23938,1
362,26,20752,1
362,27,33274,1
362,28,11125,1
362,29,23272,1
362,30,37594,1
362,31,24332,1
362,32,4235,1
362,33,2360,1
362,34,25618,1
362,35,35862,1
362,36,17001,1
362,37,22854,0
362,38,19269,1
362,39,37174,1
362,40,11078,1
362,41,17395,1
362,42,9286,1
362,43,9447,1
362,44,22234,1
362,45,7924,1
362,46,1200,1
362,47,7835,1
362,48,562,1
362,49,16890,1
362,50,16967,1
362,51,30065,1
362,52,2979,1
362,53,25795,1
362,54,25789,1
362,55,25683,1
362,56,3931,1
362,57,21821,1
362,58,26896,1
362,59,13743,1
362,60,24979,1
362,61,9234,1
362,62,38608,1
362,63,22096,1
362,64,12640,1
362,65,33044,1
362,66,28095,1
362,67,4120,1
362,68,5673,1
362,69,12423,1
362,70,2833,1
362,71,20124,1
362,72,10099,1
362,73,38725,1
362,74,17746,1
362,75,37660,1
362,76,21400,1
362,77,978,1
362,78,11495,1
362,79,24926,1
362,80,6103,1
362,81,11261,1
362,82,16428,1
362,83,26405,1
362,84,31492,1
362,85,25199,1
362,86,38269,1
362,87,12627,1
362,88,38496,1
362,89,31443,1
362,90,5392,1
362,91,39768,1
362,92,34883,1
362,93,33826,1
362,94,14975,1
362,95,2710,1
362,96,10230,1
362,97,14153,1
362,98,32164,1
362,99,12691,1
364,0,12778,0
364,1,29599,1
364,2,34074,2930
364,3,34866,1
364,4,20652,149
364,5,5159,1
364,6,26209,1
364,7,32161,1
364,8,32908,1
364,9,16530,9600
364,10,33214,2
364,11,209,3
364,12,338,1
364,13,3795,30
364,14,4496,235
364,15,1652,1
364,16,11332,1
364,17,28244,26
364,18,33005,1
364,19,34536,39
364,20,2345,233
364,21,23818,1
364,22,16508,10772
364,23,10338,13
364,24,37672,1
364,25,5427,1
364,26,20575,0
364,27,28662,1
364,28,34894,1
364,29,18799,0
364,30,1997,1
364,31,9989,1
364,32,13870,8085
364,33,1720,682
364,34,35133,1
364,35,37123,1
364,36,4386,1
364,37,22912,7690
364,38,34686,1
364,39,38371,1
364,40,29104,17
364,41,10406,1
364,42,15524,10990
364,43,37730,1
364,44,18505,7881
364,45,29332,1
364,46,1372,1
364,47,2093,1
364,48,18539,1
364,49,14071,3
364,50,4001,1
364,51,22448,1
364,52,34533,1
364,53,26844,1
364,54,5063,1
364,55,15357,1
364,56,31482,1
364,57,1828,1
364,58,23413,1
364,59,24916,7388
364,60,19551,1
364,61,25060,1
364,62,1840,1
364,63,17237,1
364,64,34015,1
364,65,31323,1
364,66,34834,512
364,67,37247,341
364,68,26015,1
364,69,25232,1
364,70,38617,4
364,71,8932,138
364,72,18811,1
364,73,24712,7212
364,74,38171,255
364,75,17643,1
364,76,7118,7952
364,77,32097,1
364,78,3287,1
364,79,3329,1
364,80,19217,3
364,81,38350,1
364,82,9767,1
364,83,4638,1
364,84,3675,1
364,85,39408,1
364,86,37459,20
364,87,39344,1
364,88,6342,44
364,89,2509,3
364,90,33407,1
364,91,32998,1
364,92,27122,1
364,93,21871,36
364,94,25796,1
364,95,24026,1
364,96,13795,1
364,97,30427,1406
364,98,8091,1
364,99,9307,8935
366,0,37527,1
366,1,28671,1
366,2,10084,3
366,3,7135,2
366,4,15526,3
366,5,13809,51
366,6,2675,319
366,7,2119,141
366,8,30389,2
366,9,38743,1
366,10,38583,1
366,11,28618,9961
366,12,18299,6715
366,13,26146,22
366,14,15563,19
366,15,13224,328
366,16,20316,7260
366,17,28767,3
366,18,10295,11
366,19,28447,28
366,20,33527,11
366,21,36577,197
366,22,6935,22
366,23,16033,1
366,24,1628,183
366,25,10381,1
366,26,20634,63
366,27,31415,1701
366,28,25755,1
366,29,20290,8704
366,30,11430,7441
366,31,14770,16
366,32,23991,1932
366,33,16483,10076
366,34,31961,1
366,35,24585,1406
366,36,35258,1
366,37,36226,586
366,38,27115,1
366,39,37972,3
366,40,8546,13
366,41,38186,5
366,42,1327,122
366,43,420,1
366,44,34297,3
366,45,35529,60
366,46,13432,8198
366,47,17341,7
366,48,13762,1
366,49,27128,3
366,50,20440,1
366,51,39537,24
366,52,24015,343
366,53,10729,20
366,54,10756,16
366,55,4250,2
366,56,35632,1611
366,57,8492,21
366,58,339,1
366,59,10291,7684
366,60,33478,1
366,61,34334,30
366,62,27429,1794
366,63,3091,1
366,64,12341,3
366,65,4014,8919
366,66,5921,70
366,67,11656,9237
366,68,31351,30
366,69,6413,7460
366,70,22,6
366,71,25996,1479
366,72,3790,1
366,73,16050,8789
366,74,32579,429
366,75,10982,1
366,76,978,2
366,77,9607,7212
366,78,30258,67
366,79,10528,111
366,80,2728,1
366,81,18419,1
366,82,39870,1
366,83,38560,25
366,84,10515,1
366,85,9221,65
366,86,8630,8223
366,87,30438,1
366,88,18276,7750
366,89,13369,4
366,90,38618,1
366,91,20705,7060
366,92,29709,1
366,93,14955,93
366,94,35522,2
366,95,27822,816
366,96,27156,22
366,97,11669,13
366,98,2782,1
366,99,37102,1
363,0,14650,1
363,1,5455,1
363,2,8629,1
363,3,1889,1
363,4,29661,53
363,5,8607,1
363,6,12846,1
363,7,15231,18
363,8,13905,1
363,9,12064,1
363,10,8460,1
363,11,11231,1
363,12,7064,1
363,13,1497,1
363,14,12163,1
363,15,32407,1
363,16,13791,1
363,17,25904,10
363,18,16229,1
363,19,37488,1
363,20,34828,1
363,21,37541,19
363,22,36223,1
363,23,20929,88
363,24,31210,1
363,25,19637,1
363,26,18898,1
363,27,35545,1
363,28,13871,1
363,29,24351,1
363,30,11053,1
363,31,1942,1
363,32,37350,1
363,33,14978,1
363,34,25380,66
363,35,23954,1
363,36,21565,9
363,37,18021,1
363,38,39407,1
363,39,37373,1
363,40,39533,1
363,41,1681,1
363,42,18209,1
363,43,28102,1
363,44,32513,1
363,45,4825,86
363,46,36994,1
363,47,38387,1
363,48,2950,1
363,49,28538,1
363,50,28748,1
363,51,21521,3
363,52,28238,1
363,53,10205,1
363,54,21119,2408
363,55,9413,1
363,56,32,1
363,57,313,1
363,58,20257,1
363,59,2880,1
363,60,16191,1
363,61,24597,41
363,62,7637,4
363,63,5521,1
363,64,3477,1
363,65,24875,1
363,66,22551,1
363,67,16916,3077
363,68,21181,1
363,69,1832,1
363,70,20306,134
363,71,29768,1
363,72,37610,1
363,73,1232,11
363,74,542,1
363,75,39167,1
363,76,26295,1
363,77,30399,1
363,78,14361,2
363,79,19502,1
363,80,36171,1
363,81,23050,1
363,82,23201,1
363,83,9444,1
363,84,24424,1
363,85,2116,1
363,86,10859,1
363,87,37080,0
363,88,14353,2643
363,89,26013,1
363,90,22787,1
363,91,5915,1
363,92,13590,1
363,93,37284,0
363,94,30112,1
363,95,37164,1
363,96,1725,1
363,97,23532,1
363,98,32995,1
363,99,618,1
367,0,5153,269
367,1,10959,53
367,2,23903,1
367,3,21000,7233
367,4,39913,0
367,5,31308,500
367,6,16266,8057
367,7,35316,4
367,8,11649,11
367,9,7636,5
367,10,34075,1
367,11,34414,2
367,12,7495,23
367,13,33147,815
367,14,30029,14759
367,15,9262,8
367,16,35824,10971
367,17,28505,9543
367,18,21650,15164
367,19,13316,342
367,20,16112,328
367,21,12022,28
367,22,11721,78
367,23,13186,2
367,24,19650,9238
367,25,9728,63
367,26,18780,7493
367,27,30039,6588
367,28,32148,542
367,29,17720,4
367,30,28537,8293
367,31,32379,2
367,32,17107,799
367,33,29102,254
367,34,31723,70
367,35,9030,15
367,36,39822,1
367,37,27745,4971
367,38,10900,3
367,39,38172,2134
367,40,37001,12451
367,41,22472,15186
367,42,6601,13
367,43,19075,15901
367,44,4577,743
367,45,32430,7436
367,46,5578,1278
367,47,7893,6
367,48,16150,7
367,49,2424,144
367,50,32221,10143
367,51,30992,1036
367,52,9274,1
367,53,38786,584
367,54,9734,19
367,55,31627,8077
367,56,31733,35
367,57,26984,14911
367,58,33700,23
367,59,35780,5673
367,60,28338,13502
367,61,9697,21
367,62,36458,215
367,63,30164,6231
367,64,3178,669
367,65,39493,7
367,66,377,192
367,67,24451,12783
367,68,10507,122
367,69,35823,1936
367,70,17495,15674
367,71,35640,14568
367,72,31300,79
367,73,18557,2
367,74,15375,2191
367,75,16137,4
367,76,2224,321
367,77,2676,47
367,78,36773,937
367,79,5105,12
367,80,29148,7557
367,81,26561,14331
367,82,2995,31
367,83,21599,2
367,84,7095,2
367,85,22490,8423
367,86,21220,14486
367,87,14891,1
367,88,30485,2
367,89,7939,1
367,90,16012,368
367,91,26851,13589
367,92,8416,25
367,93,18413,9748
367,94,10659,10
367,95,25924,55
367,96,18651,6747
367,97,21048,15056
367,98,3613,98
367,99,25029,12923
368,0,39263,27
368,1,34719,5745
368,2,25392,12
368,3,28383,193
368,4,36181,4
368,5,28142,8531
368,6,5920,16
368,7,15216,4
368,8,34114,8102
368,9,223,157
368,10,6617,25
368,11,30637,2
368,12,19084,2
368,13,361,2
368,14,35782,4
368,15,10957,16
368,16,24395,95
368,17,24628,127
368,18,35056,6655
368,19,11040,1
368,20,2417,119
368,21,13396,10
368,22,24374,4
368,23,28189,77
368,24,27651,6
368,25,13027,2
368,26,21401,7
368,27,12615,1
368,28,34245,7110
368,29,3321,291
368,30,3252,16
368,31,572,3
368,32,39221,17
368,33,26507,6
368,34,30729,3306
368,35,17946,7
368,36,32941,168
368,37,20253,16
368,38,5174,1
368,39,21838,38
368,40,39531,6827
368,41,24869,2
368,42,38534,6989
368,43,9978,1
368,44,14062,3
368,45,25150,510
368,46,39395,1
368,47,11906,8
368,48,24375,16
368,49,15109,2
368,50,23338,92
368,51,7092,1
368,52,3631,14
368,53,34068,6671
368,54,19351,109
368,55,34450,7405
368,56,2279,1
368,57,7833,1
368,58,23903,3
368,59,20029,6
368,60,29113,7460
368,61,23954,470
368,62,36445,7198
368,63,12031,1
368,64,39758,1
368,65,19943,77
368,66,30052,7235
368,67,13556,14
368,68,2617,211
368,69,23651,2
368,70,21939,130
368,71,4182,3
368,72,37569,3
368,73,16144,1
368,74,28934,7200
368,75,33444,6047
368,76,37373,2
368,77,11695,113
368,78,17353,2
368,79,20463,6
368,80,24727,380
368,81,10129,107
368,82,16615,1
368,83,39553,4
368,84,8626,1
368,85,2197,3
368,86,30337,7184
368,87,31018,2
368,88,38824,34
368,89,23615,1
368,90,8123,30
368,91,35496,7184
368,92,34284,7503
368,93,4912,7
368,94,38320,1
368,95,30002,1
368,96,11663,6
368,97,7816,5
368,98,13765,2
368,99,5729,750
370,0,24012,1
370,1,33791,2
370,2,37755,1
370,3,37004,15
370,4,31055,97
370,5,440,13
370,6,22386,22
370,7,25173,21
370,8,35242,1
370,9,22437,1
370,10,11986,17
370,11,15398,1
370,12,37044,1556
370,13,22713,1
370,14,6849,4
370,15,22529,10069
370,16,33379,96
370,17,25152,1203
370,18,12346,11951
370,19,4950,1
370,20,29951,9379
370,21,26156,10128
370,22,14801,1
370,23,33885,2
370,24,35256,1
370,25,17981,63
370,26,17812,1
370,27,15369,2
370,28,25106,9484
370,29,4812,461
370,30,16334,9853
370,31,5353,49
370,32,9342,83
370,33,1269,278
370,34,27557,456
370,35,5408,1
370,36,23813,2
370,37,33567,1
370,38,37603,17
370,39,21439,42
370,40,22621,1
370,41,12650,1
370,42,24337,10160
370,43,12668,2
370,44,29854,89
370,45,31347,12613
370,46,11455,1
370,47,27154,9212
370,48,19598,1
370,49,31814,1
370,50,3425,1
370,51,24180,9
370,52,33112,14
370,53,21601,1
370,54,25044,9587
370,55,23343,10354
370,56,6428,96
370,57,14497,6
370,58,37182,1
370,59,1755,8
370,60,3040,582
370,61,29580,10362
370,62,22034,1
370,63,1533,7
370,64,18083,7688
370,65,36282,328
370,66,4787,73
370,67,27964,2
370,68,7954,254
370,69,4832,294
370,70,23344,7762
370,71,21246,35
370,72,22548,6846
370,73,7482,5
370,74,23342,9707
370,75,26783,2
370,76,27584,447
370,77,25557,10385
370,78,4323,471
370,79,27662,8037
370,80,4590,20
370,81,26550,2
370,82,6718,43
370,83,33475,2047
370,84,15467,478
370,85,8362,13
370,86,1509,293
370,87,22112,12132
370,88,10758,1487
370,89,34475,992
370,90,9686,12
370,91,23204,5
370,92,36871,1070
370,93,34348,13
370,94,8046,2
370,95,37446,8867
370,96,25024,20
370,97,29058,9846
370,98,8456,18
370,99,33524,1
373,0,37390,1599
373,1,22511,2213
373,2,10838,7975
373,3,21361,11
373,4,27172,53
373,5,24694,931
373,6,19282,7887
373,7,28498,6
373,8,13117,8042
373,9,8338,7875
373,10,27723,21
373,11,19615,2
373,12,12358,48
373,13,2659,187
373,14,28115,2326
373,15,20203,9
373,16,18289,6302
373,17,23319,7155
373,18,11833,351
373,19,11736,11
373,20,9933,8443
373,21,39673,8
373,22,4658,21
373,23,17598,10
373,24,37761,44
373,25,35169,1
373,26,19430,2
373,27,9380,233
373,28,15269,27
373,29,37770,101
373,30,34196,2
373,31,4971,28
373,32,12092,8435
373,33,13248,21
373,34,482,10
373,35,31115,25
373,36,19410,3
373,37,25144,1
373,38,36805,41
373,39,26484,8197
373,40,29103,8204
373,41,29946,33
373,42,35849,6
373,43,19606,39
373,44,53,9
373,45,13305,6220
373,46,3773,880
373,47,11964,36
373,48,36315,65
373,49,643,43
373,50,34943,51
373,51,8019,159
373,52,9926,7613
373,53,10707,8271
373,54,3296,4854
373,55,393,4
373,56,33729,3
373,57,12996,8
373,58,27059,3
373,59,2065,18
373,60,32473,2
373,61,20768,1
373,62,34295,165
373,63,20099,23
373,64,26648,18
373,65,26391,1
373,66,2334,4
373,67,33887,4
373,68,3804,1
373,69,7051,581
373,70,36601,2
373,71,19698,8219
373,72,18770,3
373,73,39624,4
373,74,26563,194
373,75,11921,7695
373,76,21844,4
373,77,13393,1
373,78,2631,2
373,79,4290,6891
373,80,4125,8772
373,81,25429,1
373,82,3182,794
373,83,34747,4
373,84,24229,9
373,85,39489,34
373,86,13289,8691
373,87,33282,17
373,88,30814,206
373,89,111,1
373,90,18743,24
373,91,22579,31
373,92,4169,884
373,93,29500,47
373,94,34003,23
373,95,13216,7
373,96,23733,133
373,97,14711,8
373,98,25214,2
373,99,14418,14
371,0,31637,2
371,1,12431,3
371,2,11574,1
371,3,14518,1
371,4,15442,6202
371,5,14291,21
371,6,32329,246
371,7,18371,21
371,8,12854,702
371,9,31330,2
371,10,7478,1
371,11,24841,6360
371,12,29888,33
371,13,33361,4160
371,14,21315,1
371,15,18567,2
371,16,8887,2
371,17,24890,1
371,18,23701,243
371,19,26171,3
371,20,16184,28
371,21,1600,72
371,22,19588,309
371,23,31037,5231
371,24,9630,3
371,25,13680,206
371,26,19607,47
371,27,13992,15
371,28,31500,1
371,29,2243,5
371,30,29793,3498
371,31,22962,2
371,32,6105,4
371,33,13888,39
371,34,30967,3641
371,35,29853,3765
371,36,28377,3324
371,37,25086,1
371,38,21388,4042
371,39,21638,70
371,40,11076,2
371,41,583,2
371,42,29612,5309
371,43,31323,93
371,44,3782,9
371,45,28249,4250
371,46,7249,4
371,47,17706,13
371,48,21986,3497
371,49,3462,3
371,50,11557,4
371,51,15636,158
371,52,18371,3356
371,53,9659,140
371,54,24021,117
371,55,7072,20
371,56,6177,9
371,57,29341,107
371,58,30542,152
371,59,30892,7
371,60,37900,1
371,61,8591,0
371,62,31063,4
371,63,24958,3873
371,64,8921,123
371,65,28112,2
371,66,39243,93
371,67,760,28
371,68,27110,8
371,69,34242,22
371,70,817,2
371,71,30890,1
371,72,10059,9
371,73,13637,3
371,74,6138,485
371,75,31938,68
371,76,32478,1
371,77,18626,229
371,78,10838,152
371,79,22238,6296
371,80,34659,9
371,81,38340,222
371,82,13491,53
371,83,16514,4
371,84,12047,1354
371,85,25280,32
371,86,14099,24
371,87,6565,1
371,88,26615,4402
371,89,29045,3252
371,90,27080,6
371,91,29350,3361
371,92,15578,61
371,93,37806,732
371,94,23183,2645
371,95,31900,9
371,96,16519,1
371,97,38437,6687
371,98,9287,72
371,99,21450,5367
372,0,29765,0
372,1,223,29
372,2,37019,1331
372,3,7495,4
372,4,6433,7
372,5,7195,22
372,6,9339,14
372,7,35301,26
372,8,35505,5
372,9,39444,5
372,10,32232,1956
372,11,13819,1
372,12,23162,1
372,13,35659,32
372,14,13649,93
372,15,27813,1860
372,16,2781,3
372,17,23581,0
372,18,478,16
372,19,26868,1
372,20,23700,1
372,21,27877,1
372,22,39872,25
372,23,20446,5
372,24,19739,8
372,25,39470,24
372,26,21283,13
372,27,10757,2
372,28,12523,6
372,29,339,2
372,30,20737,5
372,31,27362,0
372,32,18977,1
372,33,630,21
372,34,37072,2
372,35,3022,5
372,36,11198,7
372,37,29977,12
372,38,13019,9
372,39,26285,22
372,40,648,24
372,41,5660,1
372,42,30575,1
372,43,951,3
372,44,26125,1
372,45,12755,1
372,46,11627,5
372,47,21412,1
372,48,33927,2
372,49,28995,8
372,50,26811,5
372,51,12915,92
372,52,24667,30
372,53,22650,3
372,54,7966,9
372,55,13016,14
372,56,37628,97
372,57,34504,1
372,58,33698,4
372,59,12928,19
372,60,37612,1874
372,61,5405,10
372,62,25266,40
372,63,36674,22
372,64,39459,15
372,65,34560,0
372,66,7878,1
372,67,21091,33
372,68,28296,8
372,69,17642,16
372,70,19128,7
372,71,10054,9
372,72,31260,1
372,73,37117,2
372,74,119,1
372,75,10414,5
372,76,16950,6
372,77,20324,1
372,78,36116,4
372,79,6066,4
372,80,17705,3
372,81,13640,7
372,82,58,1
372,83,11708,1
372,84,31297,26
372,85,22571,0
372,86,699,16
372,87,8829,5
372,88,18604,1
372,89,5541,1
372,90,37701,21
372,91,20081,3
372,92,25462,1
372,93,22393,0
372,94,18867,1
372,95,18762,6
372,96,28589,11
372,97,5332,1
372,98,24383,1
372,99,30140,1
369,0,6888,850
369,1,17007,120
369,2,39211,19
369,3,2249,3
369,4,20568,0
369,5,1994,10
369,6,15863,1
369,7,8413,1
369,8,15374,20
369,9,9117,4003
369,10,2109,12
369,11,36432,31
369,12,8279,476
369,13,11010,110
369,14,10249,633
369,15,3347,2803
369,16,39904,1
369,17,24366,1
369,18,6412,1
369,19,35909,446
369,20,28650,72
369,21,25192,1
369,22,29161,1
369,23,28989,1
369,24,5673,214
369,25,8726,3859
369,26,19548,1
369,27,14887,39
369,28,639,43
369,29,752,3854
369,30,20359,1
369,31,18181,1
369,32,35984,373
369,33,39125,633
369,34,34139,25
369,35,2391,24
369,36,37505,1586
369,37,11772,4
369,38,25311,2
369,39,22038,2
369,40,31634,48
369,41,9155,3556
369,42,7456,60
369,43,28634,825
369,44,27990,16
369,45,22051,3086
369,46,31541,2
369,47,2459,1
369,48,26763,1
369,49,30405,6
369,50,35118,1222
369,51,38548,157
369,52,28890,1008
369,53,22125,1
369,54,18329,3
369,55,18179,2
369,56,2028,1
369,57,22677,2
369,58,17264,269
369,59,9165,3640
369,60,20326,1
369,61,39317,506
369,62,5474,2
369,63,39103,2
369,64,30595,91
369,65,15421,2
369,66,24508,39
369,67,22704,2
369,68,18125,1
369,69,13061,19
369,70,39412,12
369,71,13826,37
369,72,25080,3
369,73,22300,425
369,74,11730,9
369,75,38599,3
369,76,2267,89
369,77,4764,3584
369,78,20220,2
369,79,18688,252
369,80,11147,3828
369,81,21919,2
369,82,23388,1
369,83,22592,16
369,84,1558,5651
369,85,15467,428
369,86,2928,3862
369,87,15471,141
369,88,14681,31
369,89,18184,6
369,90,25517,271
369,91,1642,6
369,92,12991,24
369,93,8371,4414
369,94,13457,722
369,95,28104,481
369,96,6806,8
369,97,17195,67
369,98,14596,161
369,99,30008,59
374,0,14514,96
374,1,35647,8
374,2,13030,3
374,3,16115,2896
374,4,1307,33
374,5,19493,361
374,6,25806,292
374,7,5258,2
374,8,32986,21
374,9,18010,13
374,10,37600,4
374,11,2228,0
374,12,1123,72
374,13,18010,2589
374,14,24715,820
374,15,39385,35
374,16,11764,4
374,17,24105,48
374,18,17767,1
374,19,17130,3800
374,20,11234,3
374,21,637,1
374,22,30299,22
374,23,26141,172
374,24,23695,1139
374,25,4424,8
374,26,21342,2
374,27,13510,227
374,28,3384,10
374,29,1830,3
374,30,33818,0
374,31,32143,1
374,32,29099,8
374,33,15392,12
374,34,33900,11
374,35,30484,1
374,36,2070,2
374,37,3291,1
374,38,9096,3
374,39,25885,1
374,40,20089,5182
374,41,33440,4
374,42,12730,62
374,43,7289,36
374,44,1917,452
374,45,18953,4
374,46,23687,1785
374,47,36659,1
374,48,29151,100
374,49,2052,32
374,50,3250,68
374,51,30004,9
374,52,14149,20
374,53,10183,8
374,54,13658,2
374,55,1909,14
374,56,38129,48
374,57,1168,1
374,58,10625,1
374,59,38302,15
374,60,15187,3
374,61,14680,30
374,62,10855,3
374,63,22528,155
374,64,17784,172
374,65,7252,92
374,66,18965,16
374,67,35500,3
374,68,33633,9
374,69,38822,25
374,70,20533,273
374,71,27118,3846
374,72,12591,1
374,73,24807,61
374,74,34526,2307
374,75,3753,3
374,76,7161,6
374,77,37833,1
374,78,26734,2583
374,79,13264,17
374,80,1216,1
374,81,30061,2
374,82,30161,1
374,83,5630,54
374,84,38138,12
374,85,32384,1
374,86,15518,1680
374,87,39923,1
374,88,26890,3
374,89,16402,51
374,90,2912,2
374,91,7788,301
374,92,31697,1
374,93,15477,4
374,94,28593,3
374,95,22558,1
374,96,1950,29
374,97,26574,60
374,98,19074,11
374,99,17934,10
375,0,22139,1
375,1,17935,1
375,2,26848,1
375,3,29981,0
375,4,25694,1
375,5,33344,1
375,6,35748,1
375,7,38455,1
375,8,14245,1
375,9,26903,1
375,10,36740,1
375,11,8024,1
375,12,30319,1
375,13,25010,1
375,14,39182,0
375,15,31775,1
375,16,27272,1
375,17,23843,1
375,18,29122,1
375,19,1999,1
375,20,37467,1
375,21,12433,1
375,22,35085,1
375,23,23294,1
375,24,1717,1
375,25,3771,1
375,26,19489,1
375,27,12133,1
375,28,6130,1
375,29,39261,1
375,30,7277,1
375,31,9752,1
375,32,22214,1
375,33,28011,1
375,34,37310,1
375,35,18577,1
375,36,6634,1
375,37,38458,1
375,38,32882,1
375,39,26085,1
375,40,8544,1
375,41,21374,1
375,42,21652,1
375,43,22296,1
375,44,15845,1
375,45,15854,1
375,46,15833,1
375,47,27212,1
375,48,31539,1
375,49,13700,1
375,50,15030,1
375,51,21460,1
375,52,39408,1
375,53,34592,0
375,54,8988,1
375,55,29286,1
375,56,37878,1
375,57,19660,1
375,58,337,1
375,59,27439,1
375,60,6400,1
375,61,30042,1
375,62,19884,1
375,63,9601,1
375,64,8621,1
375,65,2730,1
375,66,13421,1
375,67,8296,1
375,68,12788,1
375,69,28232,1
375,70,38007,0
375,71,36762,1
375,72,3749,1
375,73,30962,1
375,74,17323,1
375,75,5260,1
375,76,12056,1
375,77,27255,1
375,78,33249,1
375,79,11489,1
375,80,27636,1
375,81,1850,1
375,82,33285,1
375,83,28669,1
375,84,34718,1
375,85,9302,1
375,86,28108,1
375,87,24376,1
375,88,2747,1
375,89,10972,1
375,90,20306,1
375,91,13935,1
375,92,10404,1
375,93,18935,1
375,94,3730,1
375,95,20660,1
375,96,37094,1
375,97,35953,1
375,98,19905,1
375,99,2213,1
377,0,27893,27
377,1,28015,25
377,2,26112,1
377,3,472,2734
377,4,37425,1691
377,5,3747,3
377,6,22702,67
377,7,8583,8
377,8,14508,0
377,9,3910,46
377,10,16986,1
377,11,6445,299
377,12,16437,1
377,13,37956,0
377,14,5982,1
377,15,37059,932
377,16,322,5
377,17,25921,15
377,18,17254,2
377,19,23916,2
377,20,34864,86
377,21,14154,0
377,22,20156,1
377,23,9855,3217
377,24,26200,7
377,25,25261,2
377,26,19312,1
377,27,7522,21
377,28,33546,2
377,29,34788,14
377,30,11680,72
377,31,35409,12
377,32,31849,44
377,33,27372,3
377,34,6825,28
377,35,16190,645
377,36,37667,930
377,37,34868,1554
377,38,4650,2782
377,39,27283,588
377,40,26571,7
377,41,10737,1
377,42,27890,5
377,43,14227,727
377,44,12116,1
377,45,910,31
377,46,16006,4712
377,47,25118,101
377,48,5868,2847
377,49,10881,8
377,50,38416,6
377,51,13843,42
377,52,30962,6
377,53,35641,1948
377,54,28262,55
377,55,18959,4
377,56,25430,2
377,57,39667,1257
377,58,502,2673
377,59,38612,56
377,60,972,17
377,61,5868,2445
377,62,23116,55
377,63,4742,1
377,64,26349,1
377,65,1009,6
377,66,20160,6
377,67,1422,3
377,68,29482,5
377,69,1042,2871
377,70,33791,4
377,71,29217,10
377,72,8813,155
377,73,16949,1
377,74,37748,1
377,75,28891,100
377,76,37774,1
377,77,22022,1615
377,78,21394,13
377,79,29893,2833
377,80,37102,46
377,81,28940,0
377,82,26625,10
377,83,6902,243
377,84,6900,15
377,85,23511,18
377,86,27298,5
377,87,11093,4
377,88,10594,7
377,89,18389,428
377,90,8321,6
377,91,7164,3
377,92,38995,1
377,93,6981,1
377,94,14550,4
377,95,1976,6
377,96,659,2476
377,97,12227,3
377,98,35832,93
377,99,38829,1634
376,0,20267,2
376,1,5727,173
376,2,12293,2
376,3,22958,0
376,4,16686,12
376,5,26248,4575
376,6,9111,33
376,7,11737,4783
376,8,33248,8
376,9,35017,3557
376,10,17846,2
376,11,37002,19
376,12,23593,33
376,13,30956,3
376,14,31515,1
376,15,1021,39
376,16,24814,5124
376,17,26182,7
376,18,5899,15
376,19,2695,5
376,20,8632,72
376,21,38710,2
376,22,15370,5001
376,23,12702,2
376,24,8178,1
376,25,25914,4
376,26,21165,8
376,27,5250,2
376,28,30801,4095
376,29,37357,1
376,30,38221,4
376,31,17800,4
376,32,38734,41
376,33,14753,2
376,34,3416,28
376,35,28097,4359
376,36,33103,128
376,37,3349,5331
376,38,24513,6
376,39,27083,4890
376,40,38116,17
376,41,26451,3213
376,42,18967,4
376,43,35571,1611
376,44,38188,1753
376,45,4009,46
376,46,20212,5
376,47,30918,6
376,48,3480,2
376,49,39233,8
376,50,30284,1
376,51,22387,3
376,52,5703,3
376,53,11231,1
376,54,32933,20
376,55,35230,4436
376,56,29329,16
376,57,24823,3524
376,58,7141,272
376,59,9475,2
376,60,9760,5231
376,61,30505,13
376,62,14087,4
376,63,17669,4
376,64,35511,35
376,65,5530,179
376,66,25704,390
376,67,28627,5364
376,68,13974,3785
376,69,11632,37
376,70,16318,166
376,71,15925,5225
376,72,21302,1
376,73,14441,20
376,74,14951,5211
376,75,23737,11
376,76,36527,33
376,77,28953,1
376,78,18527,5028
376,79,31668,4066
376,80,10682,6
376,81,17150,5044
376,82,19852,1
376,83,23863,1
376,84,10320,154
376,85,6593,3078
376,86,14708,35
376,87,26640,3912
376,88,34737,53
376,89,23820,4740
376,90,30926,16
376,91,1018,26
376,92,20288,40
376,93,3522,10
376,94,39414,158
376,95,3874,3
376,96,9163,4981
376,97,2848,16
376,98,35001,5244
376,99,10902,11
379,0,12642,487
379,1,23439,189
379,2,38475,174
379,3,9092,6456
379,4,32299,4
379,5,12397,2
379,6,39168,6
379,7,18540,19
379,8,11989,412
379,9,26124,7
379,10,22355,1
379,11,31206,2
379,12,34397,1
379,13,20308,661
379,14,17049,4
379,15,8631,14
379,16,9306,4679
379,17,26444,4
379,18,34544,100
379,19,17826,1171
379,20,22399,2
379,21,26914,43
379,22,10583,7
379,23,15550,9
379,24,30156,13
379,25,30215,3
379,26,19371,7
379,27,6627,9
379,28,24407,1108
379,29,36279,4
379,30,24762,2
379,31,190,105
379,32,1971,18
379,33,2134,6880
379,34,3654,166
379,35,3652,1
379,36,28538,10
379,37,8182,19
379,38,728,5926
379,39,26883,562
379,40,9661,7567
379,41,2165,4
379,42,13693,6411
379,43,16916,8
379,44,24260,385
379,45,7107,3326
379,46,28066,119
379,47,365,35
379,48,1092,6839
379,49,23938,6
379,50,18503,6385
379,51,30931,140
379,52,20444,39
379,53,23174,1
379,54,37603,0
379,55,7852,130
379,56,29579,0
379,57,6331,638
379,58,13781,4
379,59,20339,2
379,60,14899,3231
379,61,11494,6758
379,62,8705,4890
379,63,34244,5
379,64,8322,2
379,65,13700,6115
379,66,31247,11
379,67,19479,365
379,68,38467,1
379,69,22222,227
379,70,35196,15
379,71,6281,5
379,72,33792,1
379,73,8286,6352
379,74,32155,1
379,75,22230,179
379,76,31633,3
379,77,35884,82
379,78,12012,97
379,79,37092,605
379,80,20614,492
379,81,5361,771
379,82,16727,6
379,83,824,1
379,84,17388,435
379,85,29676,188
379,86,2118,6735
379,87,2187,75
379,88,22528,18
379,89,29250,153
379,90,13532,4
379,91,34871,143
379,92,1582,44
379,93,64,33
379,94,24277,2
379,95,9420,29
379,96,14020,1
379,97,33469,4
379,98,30523,17
379,99,26624,3
380,0,10769,2
380,1,11231,14
380,2,23920,6
380,3,2069,2561
380,4,23290,42
380,5,5300,2897
380,6,12530,15
380,7,31822,10
380,8,34640,5904
380,9,30590,1710
380,10,7109,1991
380,11,23832,6618
380,12,27672,2
380,13,26253,6401
380,14,9382,6
380,15,17877,38
380,16,6847,2599
380,17,25135,7
380,18,11320,4370
380,19,14875,14
380,20,29915,1
380,21,13191,230
380,22,30868,5910
380,23,4959,17
380,24,266,1055
380,25,16005,5
380,26,21047,146
380,27,3392,1
380,28,5431,5629
380,29,30727,3
380,30,15706,39
380,31,8237,4
380,32,14843,16
380,33,28876,1
380,34,9759,23
380,35,13173,78
380,36,11359,2
380,37,13073,338
380,38,32359,286
380,39,31530,5
380,40,35584,1811
380,41,7242,65
380,42,11008,4
380,43,26544,2
380,44,10251,2
380,45,31614,6027
380,46,32444,6261
380,47,423,1649
380,48,16680,26
380,49,9471,3481
380,50,30109,2
380,51,31858,5745
380,52,30388,1740
380,53,36165,2
380,54,17900,23
380,55,13796,80
380,56,21030,6178
380,57,11495,4015
380,58,16936,6
380,59,6023,4
380,60,18259,4
380,61,11957,3878
380,62,6556,32
380,63,2312,6
380,64,35212,6508
380,65,20148,3
380,66,3530,6
380,67,39810,5337
380,68,39653,5349
380,69,5623,3
380,70,9859,80
380,71,21797,51
380,72,11345,3973
380,73,31766,1646
380,74,26136,0
380,75,707,21
380,76,12457,4
380,77,37582,1526
380,78,37290,6
380,79,17271,3
380,80,3659,987
380,81,20661,3
380,82,3294,4583
380,83,36018,5076
380,84,32991,1522
380,85,30615,6106
380,86,25069,1
380,87,8099,2977
380,88,14517,1
380,89,2098,3088
380,90,24152,9
380,91,21954,2
380,92,15114,32
380,93,24651,5467
380,94,19960,23
380,95,32634,5625
380,96,26090,1
380,97,364,92
380,98,5619,4437
380,99,35313,58
381,0,18395,1
381,1,33519,1
381,2,37738,1
381,3,15935,1
381,4,7677,1
381,5,22800,1
381,6,22473,1
381,7,28667,1
381,8,12251,1
381,9,39483,1
381,10,2600,1
381,11,29628,0
381,12,16867,607
381,13,33254,1
381,14,23848,1
381,15,13915,1
381,16,22356,1
381,17,24874,1
381,18,22676,1
381,19,39743,1
381,20,16148,1
381,21,24987,1
381,22,35654,1
381,23,2111,1
381,24,14640,1
381,25,11704,1
381,26,19194,1
381,27,2015,1
381,28,11824,1
381,29,31806,1
381,30,29165,0
381,31,25847,1
381,32,11606,1
381,33,1495,1
381,34,13169,1
381,35,1266,1
381,36,15924,1
381,37,8240,1
381,38,16144,1
381,39,31729,1
381,40,24039,1
381,41,31528,1
381,42,19930,1
381,43,5199,1
381,44,24179,1
381,45,32163,1
381,46,28238,1
381,47,34624,1
381,48,19068,1
381,49,21119,1
381,50,1889,1
381,51,23314,1
381,52,15647,1
381,53,24222,1
381,54,16877,1
381,55,1174,1
381,56,20779,1
381,57,29986,1
381,58,10297,1
381,59,35160,1
381,60,13119,1
381,61,27320,1
381,62,11937,1
381,63,29385,0
381,64,26049,1
381,65,11978,1
381,66,37986,1
381,67,12606,1
381,68,18808,1
381,69,35032,1
381,70,30980,0
381,71,35089,1
381,72,2503,1
381,73,37921,1
381,74,8932,1
381,75,2213,1
381,76,17351,1
381,77,30651,1
381,78,3805,1
381,79,15496,1
381,80,33728,1
381,81,32450,1
381,82,10067,1
381,83,19057,1
381,84,29571,1
381,85,3885,1
381,86,37660,1
381,87,32552,1
381,88,26726,1
381,89,316,1
381,90,1546,1
381,91,28101,1
381,92,30173,1
381,93,28110,1
381,94,35097,1
381,95,30736,1
381,96,17585,1
381,97,9743,1
381,98,6450,1
381,99,23239,4945
383,0,3144,1
383,1,28943,2
383,2,10101,1
383,3,28203,3
383,4,2551,1
383,5,31449,4621
383,6,2588,1264
383,7,38625,4062
383,8,13380,4
383,9,21697,1
383,10,7969,3
383,11,18036,0
383,12,38476,1
383,13,15605,1
383,14,34915,1
383,15,25487,1
383,16,31339,1
383,17,25397,1395
383,18,39965,18
383,19,33654,1
383,20,3682,1
383,21,37746,1
383,22,26081,1
383,23,7807,1176
383,24,22244,329
383,25,16658,1
383,26,19253,92
383,27,4769,1
383,28,2685,1
383,29,33297,1
383,30,2247,1
383,31,30628,4262
383,32,21728,2
383,33,16257,1
383,34,9997,1
383,35,28728,1
383,36,6795,1281
383,37,21554,1
383,38,12221,1
383,39,27682,1
383,40,7129,1
383,41,22956,1
383,42,2086,9
383,43,7889,1
383,44,36324,0
383,45,34713,1
383,46,298,1
383,47,9871,1
383,48,14292,1
383,49,37824,3
383,50,21976,1
383,51,36755,1
383,52,5129,1
383,53,8108,1
383,54,22570,1
383,55,30067,1
383,56,21281,1
383,57,33003,3239
383,58,27224,4074
383,59,16886,16
383,60,27046,3659
383,61,36594,1
383,62,37526,1
383,63,15239,1
383,64,8023,1
383,65,28318,1
383,66,9073,1
383,67,27014,1
383,68,24145,239
383,69,16213,49
383,70,32386,1
383,71,12153,48
383,72,23834,4190
383,73,29259,59
383,74,3340,1
383,75,35552,1
383,76,7562,17
383,77,4512,1
383,78,34424,1
383,79,22694,1
383,80,17239,1
383,81,12519,1
383,82,36522,1
383,83,12979,46
383,84,59,1
383,85,13698,1
383,86,12479,2
383,87,23646,1
383,88,38660,1
383,89,7529,1
383,90,6758,1
383,91,19456,26
383,92,36408,3142
383,93,17545,1
383,94,4824,1
383,95,34532,1
383,96,30946,1
383,97,30985,2266
383,98,1141,1
383,99,11034,0
378,0,5016,80
378,1,1151,12
378,2,24656,3
378,3,35226,3082
378,4,11560,6
378,5,38545,8132
378,6,29225,3714
378,7,21695,9397
378,8,34377,7757
378,9,17231,157
378,10,26863,3
378,11,25410,3914
378,12,1554,54
378,13,13307,8746
378,14,2582,646
378,15,16241,1
378,16,33797,8906
378,17,23058,1
378,18,23188,8748
378,19,32957,8460
378,20,36166,8266
378,21,11469,4
378,22,9445,1
378,23,18398,5
378,24,12135,4861
378,25,34516,5
378,26,21224,862
378,27,8004,58
378,28,21662,16
378,29,38848,16
378,30,11303,35
378,31,22581,7890
378,32,8856,1
378,33,25867,4
378,34,244,100
378,35,15559,8213
378,36,23974,7861
378,37,16663,1
378,38,20590,9219
378,39,26684,4
378,40,17558,8882
378,41,14231,10
378,42,4771,58
378,43,38261,21
378,44,13981,1
378,45,10206,84
378,46,35919,14
378,47,6165,17
378,48,38703,1
378,49,12290,1
378,50,6723,21
378,51,39475,2
378,52,35185,8073
378,53,35117,1
378,54,38625,3565
378,55,24123,4620
378,56,33478,2
378,57,27840,2
378,58,20420,2
378,59,31202,3029
378,60,23686,70
378,61,36131,1
378,62,39676,9
378,63,7171,10
378,64,17485,49
378,65,21869,13
378,66,36791,3302
378,67,6683,1
378,68,22959,75
378,69,32813,3609
378,70,17723,8698
378,71,32990,8740
378,72,6281,1
378,73,5779,1
378,74,9359,2
378,75,17075,1
378,76,26739,8863
378,77,6462,4
378,78,9146,1
378,79,38867,4
378,80,34193,8876
378,81,37219,3613
378,82,9955,32
378,83,17785,8634
378,84,20809,111
378,85,16406,140
378,86,25879,4
378,87,17735,4156
378,88,6671,1
378,89,34681,3
378,90,36137,20
378,91,28725,7474
378,92,22875,2
378,93,32958,9265
378,94,9140,13
378,95,11318,34
378,96,18876,0
378,97,24090,9037
378,98,29692,2
378,99,2345,86
384,0,13148,10273
384,1,3108,1
384,2,38800,1
384,3,34726,1
384,4,37771,1
384,5,19163,1
384,6,9992,1
384,7,39992,56
384,8,12972,10557
384,9,19361,1
384,10,16298,4911
384,11,28545,1
384,12,25361,1
384,13,1377,1
384,14,30240,1
384,15,29166,1
384,16,9737,1
384,17,31516,1
384,18,29502,1
384,19,35436,1
384,20,37183,1
384,21,17002,1
384,22,32945,1
384,23,23674,1
384,24,32191,1
384,25,12302,10253
384,26,12948,1
384,27,36809,1
384,28,18521,1
384,29,20276,1
384,30,17825,4
384,31,32396,1
384,32,15646,1
384,33,1289,1
384,34,6404,51
384,35,15778,1
384,36,21703,1
384,37,5175,1
384,38,11403,1
384,39,27358,1
384,40,18358,1
384,41,31036,1
384,42,23482,1
384,43,31855,1
384,44,34068,1
384,45,11174,1
384,46,32508,1
384,47,1137,1
384,48,32921,0
384,49,38957,28
384,50,2867,1
384,51,38479,1
384,52,36905,1
384,53,24429,1
384,54,816,6277
384,55,14162,10874
384,56,33692,1
384,57,31614,1
384,58,16062,3
384,59,25227,1
384,60,26902,1
384,61,17265,1
384,62,28569,1
384,63,32601,1
384,64,8149,10337
384,65,31018,1
384,66,37692,1
384,67,6872,1
384,68,1802,1
384,69,26965,1
384,70,33624,25
384,71,26022,1
384,72,2398,1277
384,73,31494,1
384,74,10720,1
384,75,20435,1
384,76,23125,1
384,77,35697,1
384,78,12225,1
384,79,30884,1
384,80,37072,1
384,81,34754,1
384,82,8816,2
384,83,36548,1
384,84,7980,1
384,85,22363,1
384,86,22107,1
384,87,35656,1
384,88,25096,1
384,89,7464,10929
384,90,36865,1
384,91,26525,1
384,92,27237,1
384,93,4575,1
384,94,20701,1
384,95,145,1
384,96,25958,1
384,97,27929,1
384,98,17981,1
384,99,34746,1
385,0,20774,1
385,1,25396,1
385,2,12619,1
385,3,8592,1
385,4,18510,1
385,5,36662,1
385,6,23583,1
385,7,36838,1
385,8,34232,1
385,9,28255,1
385,10,11789,1
385,11,34341,1
385,12,18205,1
385,13,8377,1
385,14,4707,1
385,15,21556,1
385,16,25245,1
385,17,34903,1
385,18,857,1
385,19,16657,1
385,20,23415,0
385,21,28798,1
385,22,37731,1
385,23,20826,1
385,24,10213,5
385,25,8001,4
385,26,14742,1
385,27,35432,2
385,28,21266,14
385,29,17706,4410
385,30,31284,0
385,31,10006,206
385,32,8761,65
385,33,17556,3537
385,34,6166,1611
385,35,223,895
385,36,26267,2
385,37,342,183
385,38,35189,56
385,39,27557,10
385,40,6813,1429
385,41,18970,110
385,42,32404,39
385,43,10510,4003
385,44,7995,576
385,45,8075,17
385,46,24654,5
385,47,35337,2
385,48,35309,1
385,49,14252,1
385,50,14648,5
385,51,33583,44
385,52,22165,5
385,53,12486,8
385,54,39794,191
385,55,37892,8
385,56,29793,52
385,57,10106,4058
385,58,9423,1
385,59,14364,3741
385,60,18115,67
385,61,36276,3
385,62,37598,233
385,63,16026,12
385,64,38986,2
385,65,26496,2
385,66,32149,5
385,67,19668,15
385,68,17309,4420
385,69,16374,2
385,70,14745,3632
385,71,39314,2
385,72,29908,2
385,73,37649,1
385,74,33517,6
385,75,21941,4277
385,76,28019,3
385,77,28766,5
385,78,18740,1
385,79,25461,11
385,80,27140,3
385,81,2896,100
385,82,11940,2
385,83,19587,7
385,84,4560,58
385,85,39280,15
385,86,34697,0
385,87,20109,67
385,88,953,13
385,89,2033,1164
385,90,14259,9
385,91,32672,0
385,92,5943,471
385,93,8034,1089
385,94,35838,1
385,95,34599,22
385,96,17453,15
385,97,37308,2
385,98,18812,31
385,99,19025,8
387,0,5523,9619
387,1,20820,3
387,2,28630,1634
387,3,17212,12
387,4,13384,4
387,5,5311,8102
387,6,49,3
387,7,6795,9
387,8,31712,39
387,9,6820,45
387,10,17158,6
387,11,22750,99
387,12,36166,1
387,13,30729,1
387,14,15774,3
387,15,33128,2
387,16,34228,1523
387,17,31778,3
387,18,18147,3
387,19,10567,51
387,20,10950,2
387,21,5206,44
387,22,31806,4
387,23,26522,7
387,24,14169,6
387,25,12955,2
387,26,14801,3
387,27,38185,12
387,28,12127,8236
387,29,22845,1
387,30,4366,8418
387,31,14787,1
387,32,18883,9049
387,33,28670,29
387,34,6642,1
387,35,27685,6
387,36,17139,9507
387,37,13656,2
387,38,31266,4
387,39,27158,49
387,40,29902,6
387,41,6750,211
387,42,14560,4
387,43,13200,3
387,44,20140,38
387,45,14273,2
387,46,362,36
387,47,6936,9030
387,48,26884,5
387,49,27309,10667
387,50,31087,11
387,51,7023,9
387,52,11646,2
387,53,36371,4
387,54,5486,16
387,55,26785,25
387,56,33942,1
387,57,13122,9446
387,58,22702,8082
387,59,36090,25
387,60,35689,13
387,61,1903,1
387,62,23188,31
387,63,5528,9629
387,64,20960,20
387,65,39187,2
387,66,3236,1
387,67,34076,24
387,68,22646,1
387,69,37555,164
387,70,16151,12
387,71,16378,1
387,72,14887,1
387,73,25339,1
387,74,24276,1
387,75,15280,8267
387,76,18231,1
387,77,2628,1
387,78,9358,1
387,79,32660,1
387,80,10652,1
387,81,22965,1
387,82,2043,1
387,83,13509,1
387,84,15049,1
387,85,5445,1
387,86,9517,8835
387,87,11204,1
387,88,12887,1
387,89,9246,1
387,90,19470,1
387,91,24027,1
387,92,8530,8469
387,93,37469,1
387,94,1916,1
387,95,2043,1
387,96,30814,1286
387,97,18550,1
387,98,13503,7775
387,99,6820,1
382,0,35518,45
382,1,6655,14
382,2,36283,18
382,3,14338,10
382,4,21812,3
382,5,17598,15
382,6,32645,2568
382,7,1780,0
382,8,32120,11
382,9,12804,29
382,10,12477,48
382,11,12241,3
382,12,5632,1
382,13,8605,10
382,14,20448,1
382,15,29449,1
382,16,15831,3
382,17,25659,5
382,18,28610,2319
382,19,8785,2
382,20,21097,1
382,21,25950,5397
382,22,24943,5767
382,23,7007,2
382,24,4222,5
382,25,20959,1
382,26,21106,2
382,27,6145,4
382,28,36292,217
382,29,32218,3861
382,30,25140,5591
382,31,13019,7
382,32,28612,3963
382,33,39990,0
382,34,6587,1
382,35,635,22
382,36,2231,57
382,37,30035,2855
382,38,28436,3294
382,39,27482,8
382,40,15026,6
382,41,35022,3462
382,42,36812,5
382,43,29234,3069
382,44,26044,3966
382,45,37811,42
382,46,8152,2
382,47,15670,29
382,48,11904,2
382,49,22528,212
382,50,10196,15
382,51,5299,3
382,52,19870,10
382,53,23698,2
382,54,27240,2
382,55,2689,207
382,56,25179,5434
382,57,18159,5508
382,58,33863,56
382,59,27749,5175
382,60,35833,349
382,61,21231,10
382,62,32145,138
382,63,31815,3131
382,64,17186,5442
382,65,32839,2853
382,66,14617,5
382,67,14218,3
382,68,8638,13
382,69,30451,2
382,70,11264,22
382,71,38861,3597
382,72,36324,27
382,73,23104,40
382,74,20544,5289
382,75,30398,1
382,76,2668,1
382,77,15091,2
382,78,27909,1
382,79,24470,32
382,80,27171,1
382,81,729,1
382,82,33397,1
382,83,29940,1
382,84,3480,1
382,85,36780,1
382,86,39889,1
382,87,39194,1
382,88,26451,1
382,89,12959,1
382,90,29363,1
382,91,13310,1
382,92,17701,1
382,93,14087,1
382,94,29687,1
382,95,78,1
382,96,35803,1
382,97,21606,1
382,98,310,1
382,99,23108,1
388,0,3651,1
388,1,8612,1
388,2,14075,1
388,3,10189,1
388,4,8023,1656
388,5,1863,1
388,6,13411,1
388,7,20077,1
388,8,14363,1
388,9,14934,1
388,10,1912,1
388,11,11728,1
388,12,29440,2
388,13,36674,1
388,14,8107,1
388,15,6022,1
388,16,28122,1
388,17,34117,1
388,18,34923,1
388,19,11264,1
388,20,22114,1
388,21,31483,1
388,22,8443,1
388,23,15931,1
388,24,20631,1
388,25,38745,1471
388,26,12829,1
388,27,31302,1
388,28,33151,1
388,29,17294,1
388,30,35310,1
388,31,22834,2
388,32,31755,1
388,33,15412,1
388,34,12747,1
388,35,854,1
388,36,39960,16
388,37,18547,1
388,38,22897,1
388,39,28156,1
388,40,15826,1
388,41,11827,2358
388,42,15523,1
388,43,26476,1
388,44,6131,1
388,45,2427,1475
388,46,4740,1
388,47,10642,1
388,48,2473,1
388,49,12843,1
388,50,6340,1
388,51,7950,1
388,52,17942,1
388,53,13010,1
388,54,29431,4707
388,55,32728,1
388,56,25393,1
388,57,18285,1
388,58,29505,1
388,59,21774,1
388,60,39049,1
388,61,2365,1
388,62,17390,1
388,63,13596,1
388,64,7850,1
388,65,5636,1
388,66,15518,1
388,67,14407,1
388,68,27480,11
388,69,20955,1
388,70,30813,1
388,71,35542,1
388,72,32440,1
388,73,8819,1
388,74,21905,1
388,75,33757,1
388,76,39054,209
388,77,4326,1
388,78,34636,4451
388,79,16487,1
388,80,33697,1
388,81,38265,1
388,82,28610,3536
388,83,8703,1
388,84,30651,1
388,85,6385,1
388,86,36116,1
388,87,13467,1
388,88,4877,1
388,89,25742,1
388,90,30091,1
388,91,11110,1
388,92,18415,1
388,93,22056,1
388,94,1248,1361
388,95,25257,1
388,96,2884,1
388,97,25445,1
388,98,28599,1
388,99,15509,1
389,0,11276,1
389,1,30900,1
389,2,27893,1
389,3,27703,1
389,4,28763,1
389,5,15715,1
389,6,23354,1
389,7,16922,1
389,8,31975,1
389,9,23827,1
389,10,37404,1
389,11,17523,1
389,12,18636,1
389,13,3675,1
389,14,22573,1
389,15,38411,1
389,16,3630,1
389,17,33856,1
389,18,6278,1
389,19,32485,1
389,20,8347,1
389,21,3279,1
389,22,13229,1
389,23,13083,1
389,24,38652,1
389,25,34444,1
389,26,14624,1
389,27,33574,1
389,28,39544,1
389,29,14724,1
389,30,8769,1
389,31,444,1
389,32,28518,1
389,33,28031,1
389,34,12509,1
389,35,28947,1
389,36,4524,1
389,37,10066,1
389,38,3034,1
389,39,32004,1
389,40,4281,1
389,41,39761,1
389,42,24445,1
389,43,5131,1
389,44,20059,1
389,45,39329,1
389,46,36886,1
389,47,4843,1
389,48,4861,1
389,49,24490,1
389,50,18121,1
389,51,39406,1
389,52,3201,1
389,53,37420,1
389,54,24761,1
389,55,20106,1
389,56,21494,1
389,57,36777,1
389,58,22866,1
389,59,10911,1
389,60,30262,1
389,61,17728,1
389,62,26419,1
389,63,669,1
389,64,38687,1
389,65,37466,1
389,66,9975,1
389,67,27203,1
389,68,2988,1
389,69,10365,1
389,70,11935,1
389,71,5186,1
389,72,19951,1
389,73,14974,1
389,74,4701,1
389,75,38912,1
389,76,3949,1
389,77,37395,1
389,78,37503,1
389,79,11064,1
389,80,20118,1
389,81,10054,1
389,82,35382,1
389,83,31742,1
389,84,27231,1
389,85,19654,1
389,86,8707,1
389,87,37920,1
389,88,17086,1
389,89,20312,1
389,90,7485,1
389,91,17256,1
389,92,37121,1
389,93,29163,1
389,94,16385,1
389,95,23359,1
389,96,34380,1
389,97,34824,1
389,98,29430,1
389,99,3436,1
386,0,37897,148
386,1,2180,86
386,2,14811,26
386,3,3346,6
386,4,32645,5973
386,5,31460,6074
386,6,30106,4
386,7,13598,4
386,8,14100,20
386,9,37927,19
386,10,21667,28
386,11,16954,6
386,12,3322,3
386,13,23728,1797
386,14,1307,66
386,15,738,2
386,16,18720,17
386,17,32040,5148
386,18,6791,7
386,19,25699,3
386,20,24717,1
386,21,29762,3771
386,22,27020,5569
386,23,29369,68
386,24,36147,6
386,25,17256,0
386,26,13007,9
386,27,39562,1
386,28,9382,4
386,29,21767,8
386,30,30907,32
386,31,37177,1
386,32,25768,7863
386,33,16052,4
386,34,3232,1
386,35,3241,2
386,36,12575,2
386,37,22137,10261
386,38,7480,6
386,39,26958,3189
386,40,37799,2
386,41,22464,8
386,42,9286,3
386,43,38193,2057
386,44,9860,1
386,45,17371,115
386,46,8216,5
386,47,16384,16
386,48,24496,16
386,49,15662,3
386,50,22955,7735
386,51,15567,105
386,52,26387,2383
386,53,11962,48
386,54,10157,10
386,55,3055,30
386,56,34193,648
386,57,38278,5524
386,58,29341,1
386,59,6953,41
386,60,829,1
386,61,26540,3379
386,62,14158,48
386,63,18456,7
386,64,30123,1
386,65,3709,1
386,66,8779,66
386,67,21280,11
386,68,7138,31
386,69,11794,1
386,70,35029,5686
386,71,3086,4
386,72,27376,6
386,73,22832,11
386,74,1480,65
386,75,10126,13
386,76,13336,3
386,77,9559,332
386,78,2844,2
386,79,38083,5503
386,80,20583,87
386,81,11175,201
386,82,35270,1
386,83,30471,5908
386,84,18469,1
386,85,32176,3
386,86,36926,6
386,87,26751,3404
386,88,37030,6375
386,89,14676,14
386,90,2076,1
386,91,17881,3
386,92,29824,6028
386,93,34011,5817
386,94,26780,10020
386,95,3941,1
386,96,35671,6144
386,97,9171,4
386,98,9024,1
386,99,22541,3
391,0,36025,1
391,1,26324,1
391,2,256,1
391,3,36324,1
391,4,23636,183
391,5,24364,1
391,6,3468,1
391,7,26880,1
391,8,33103,1
391,9,6041,6
391,10,6421,5349
391,11,5932,1
391,12,244,1
391,13,26026,2436
391,14,33640,1
391,15,9984,9170
391,16,16262,1
391,17,34379,1
391,18,23568,42
391,19,26395,1909
391,20,35881,1
391,21,16039,1
391,22,7304,6836
391,23,18778,3
391,24,6257,1
391,25,3046,1
391,26,14683,1
391,27,32679,1
391,28,30405,1
391,29,16215,5759
391,30,21850,1
391,31,5225,2253
391,32,38639,1
391,33,2794,2
391,34,9338,11
391,35,12761,8251
391,36,35396,1
391,37,27028,2870
391,38,39111,57
391,39,27956,1
391,40,27371,1
391,41,27541,1
391,42,6601,5165
391,43,7820,1997
391,44,32203,2868
391,45,1878,2
391,46,12594,7952
391,47,20090,87
391,48,85,2
391,49,37547,1
391,50,34560,1
391,51,16494,7618
391,52,32683,1
391,53,24953,1
391,54,30453,0
391,55,8999,2
391,56,25643,2714
391,57,3441,3
391,58,36145,97
391,59,32638,1
391,60,4189,4
391,61,27002,2109
391,62,12009,2358
391,63,30172,233
391,64,17013,1918
391,65,10157,8214
391,66,21062,1
391,67,5259,1
391,68,8324,8733
391,69,31546,66
391,70,13340,4830
391,71,22250,1
391,72,4930,9778
391,73,6312,8057
391,74,39109,1
391,75,28603,1694
391,76,34160,1
391,77,11257,1
391,78,28122,1
391,79,18262,1
391,80,3629,1
391,81,26475,1
391,82,25485,0
391,83,25664,1
391,84,37719,1
391,85,29467,1
391,86,23526,1
391,87,29015,5097
391,88,29020,4621
391,89,31173,1
391,90,12696,1
391,91,4964,8003
391,92,39708,2
391,93,18598,4600
391,94,26111,1
391,95,30803,5113
391,96,7740,1
391,97,16066,1
391,98,24121,1
391,99,31230,1
390,0,28399,1
390,1,4036,18
390,2,26438,6476
390,3,22458,6631
390,4,2897,2291
390,5,10513,57
390,6,33526,16
390,7,30035,6822
390,8,11844,35
390,9,37148,1
390,10,7281,2062
390,11,137,1
390,12,7401,2
390,13,19026,38
390,14,19174,1
390,15,17594,1
390,16,753,7
390,17,34641,1
390,18,12212,1
390,19,1526,1
390,20,9648,144
390,21,4242,2
390,22,2518,2293
390,23,17978,0
390,24,28235,6237
390,25,3700,2178
390,26,12888,1
390,27,34055,1
390,28,24012,7180
390,29,18785,1
390,30,4743,4
390,31,27615,6405
390,32,5524,37
390,33,30175,218
390,34,9576,1
390,35,28316,97
390,36,30832,5445
390,37,31861,5174
390,38,18974,1
390,39,27757,2
390,40,38916,2
390,41,3255,1
390,42,37679,32
390,43,29165,413
390,44,21923,5
390,45,4977,2
390,46,20448,5094
390,47,25889,5
390,48,37697,32
390,49,25900,6504
390,50,22780,1
390,51,25038,6108
390,52,7424,36
390,53,36895,83
390,54,35124,1
390,55,25269,5805
390,56,29542,123
390,57,24949,32
390,58,2784,3
390,59,3501,2708
390,60,12976,1
390,61,11639,8
390,62,2979,1
390,63,3099,7
390,64,29823,3
390,65,18327,5
390,66,26605,1
390,67,32463,2
390,68,32817,2
390,69,5784,1
390,70,32219,6304
390,71,8958,1
390,72,17419,1
390,73,156,3
390,74,16313,13
390,75,27096,3
390,76,29266,5810
390,77,18188,0
390,78,21607,1
390,79,23686,6205
390,80,13561,0
390,81,14686,1
390,82,18713,13
390,83,2626,2
390,84,1140,29
390,85,12550,1
390,86,10936,1
390,87,4562,3
390,88,13163,1
390,89,36603,1
390,90,35302,1
390,91,38818,7
390,92,24650,5936
390,93,15140,1
390,94,10975,1
390,95,32701,37
390,96,12597,1
390,97,6687,2528
390,98,23290,6706
390,99,6952,3
392,0,34153,57
392,1,14115,1
392,2,25701,26
392,3,29301,4
392,4,14628,3004
392,5,20916,1
392,6,16831,13
392,7,162,2268
392,8,12106,2
392,9,10507,46
392,10,27527,11
392,11,38558,58
392,12,33519,92
392,13,28324,7
392,14,29621,40
392,15,19229,1
392,16,10155,19
392,17,33070,14
392,18,344,13
392,19,23443,1
392,20,3397,2081
392,21,2316,6
392,22,27588,7
392,23,8187,2086
392,24,12718,7
392,25,25189,1
392,26,12711,1
392,27,29444,177
392,28,11428,2749
392,29,14312,1
392,30,12794,2128
392,31,13272,7
392,32,11511,3
392,33,29535,2
392,34,19091,0
392,35,25929,2
392,36,18217,19
392,37,28271,1531
392,38,30743,68
392,39,32603,31
392,40,13294,15
392,41,32618,28
392,42,7564,2258
392,43,17448,1
392,44,18194,1
392,45,30033,1
392,46,16972,1
392,47,20148,1
392,48,12026,112
392,49,23081,4
392,50,9813,2700
392,51,17422,1
392,52,38978,30
392,53,37944,3
392,54,14398,1
392,55,14943,1
392,56,17094,57
392,57,8604,3090
392,58,39300,1475
392,59,14674,17
392,60,7548,3
392,61,23817,82
392,62,9859,1
392,63,38240,156
392,64,7551,3
392,65,16605,43
392,66,33344,41
392,67,25590,1
392,68,13159,12
392,69,14946,1
392,70,28003,1
392,71,1414,3073
392,72,26131,14
392,73,29791,108
392,74,33090,137
392,75,7079,17
392,76,18632,32
392,77,12955,1
392,78,13400,60
392,79,2090,2
392,80,26675,147
392,81,1775,2081
392,82,12052,2820
392,83,20858,1
392,84,13322,1
392,85,26759,4
392,86,6478,3
392,87,31279,1
392,88,21009,1
392,89,4021,2900
392,90,23316,11
392,91,32047,16
392,92,13241,3121
392,93,3185,2151
392,94,21795,1
392,95,14017,2760
392,96,19810,1
392,97,22961,1
392,98,39217,228
392,99,39920,27
393,0,1778,1409
393,1,36403,1734
393,2,39520,1
393,3,3166,1911
393,4,39015,1715
393,5,34767,11
393,6,26774,11
393,7,37007,2
393,8,33366,1764
393,9,19400,1
393,10,26666,1
393,11,4354,1845
393,12,22714,2080
393,13,38972,2041
393,14,4088,1
393,15,15267,79
393,16,25664,1
393,17,32809,11
393,18,11700,10
393,19,8312,23
393,20,29630,35
393,21,17760,1
393,22,28727,1
393,23,5339,1
393,24,30740,5
393,25,24536,1
393,26,14506,1928
393,27,28067,1
393,28,14174,5
393,29,11742,3
393,30,26253,1
393,31,30881,1
393,32,8275,12
393,33,2154,1
393,34,18853,1
393,35,14022,467
393,36,22781,212
393,37,23438,6
393,38,14528,8
393,39,32802,4
393,40,5397,2
393,41,20551,62
393,42,12838,1
393,43,36103,14
393,44,32122,1
393,45,26934,43
393,46,9118,2
393,47,14348,1
393,48,14414,193
393,49,34728,100
393,50,17946,1
393,51,8878,0
393,52,24237,1
393,53,26001,3
393,54,13376,8
393,55,38672,2
393,56,16843,1
393,57,23448,1
393,58,32661,3
393,59,3811,1
393,60,38761,946
393,61,39180,1720
393,62,15240,1
393,63,25312,1
393,64,38388,216
393,65,12084,1
393,66,27801,2
393,67,38386,1
393,68,28666,1
393,69,4355,1851
393,70,5476,1
393,71,11058,1
393,72,13641,3
393,73,32298,1
393,74,19534,112
393,75,12234,1
393,76,23526,2
393,77,6024,1767
393,78,19915,2
393,79,36666,473
393,80,13095,246
393,81,13565,24
393,82,15177,32
393,83,3897,1
393,84,9902,2
393,85,3676,1
393,86,22716,32
393,87,15731,2
393,88,36866,1
393,89,38590,1
393,90,711,1
393,91,38193,312
393,92,31947,1655
393,93,10292,30
393,94,36932,3
393,95,12119,1
393,96,14954,1
393,97,32340,1913
393,98,48,1900
393,99,27846,1
395,0,26527,17
395,1,31828,6711
395,2,11883,3
395,3,15435,4
395,4,33889,3
395,5,3417,1
395,6,6888,1
395,7,6965,4
395,8,30847,7036
395,9,1614,59
395,10,32035,6818
395,11,32763,1663
395,12,675,25
395,13,21323,23
395,14,15155,37
395,15,26839,6921
395,16,34647,2
395,17,33332,3
395,18,28989,1587
395,19,2222,15
395,20,17165,26
395,21,30519,7158
395,22,22802,2
395,23,7387,39
395,24,34696,3
395,25,29490,7365
395,26,14565,23
395,27,30820,7516
395,28,8683,28
395,29,13233,27
395,30,35687,1
395,31,35662,32
395,32,18396,1
395,33,16917,120
395,34,15681,8
395,35,1485,1
395,36,13653,11
395,37,36752,1
395,38,10605,38
395,39,32403,7257
395,40,24839,6850
395,41,8332,11
395,42,38642,34
395,43,38793,7
395,44,4266,8
395,45,33131,1
395,46,24826,7326
395,47,29595,1180
395,48,9638,61
395,49,7785,267
395,50,38033,3
395,51,22318,8
395,52,13719,5
395,53,13534,42
395,54,19068,6971
395,55,27565,4
395,56,17345,9
395,57,30113,35
395,58,5940,2
395,59,29185,1911
395,60,16336,29
395,61,8454,1
395,62,830,65
395,63,11167,3
395,64,16713,73
395,65,24775,3
395,66,38888,4
395,67,12795,106
395,68,37651,52
395,69,29184,1
395,70,10529,80
395,71,28122,9
395,72,38620,37
395,73,23636,7234
395,74,10294,13
395,75,5573,193
395,76,13737,14
395,77,19886,295
395,78,10533,3
395,79,3865,6
395,80,36606,166
395,81,29986,1552
395,82,5280,2
395,83,37819,8
395,84,16742,37
395,85,13489,18
395,86,33887,14
395,87,6826,2
395,88,8800,189
395,89,9451,2
395,90,5922,19
395,91,25901,5962
395,92,34534,3
395,93,39727,13
395,94,6658,8
395,95,15915,57
395,96,24667,6568
395,97,13582,9
395,98,34739,54
395,99,15641,10
394,0,18902,9555
394,1,9540,9078
394,2,38064,2
394,3,1569,9119
394,4,9502,8201
394,5,29566,3
394,6,36945,166
394,7,10120,6
394,8,13235,2
394,9,32721,98
394,10,36543,35
394,11,23319,41
394,12,11479,9117
394,13,10675,133
394,14,688,2
394,15,30801,221
394,16,19139,8694
394,17,33594,76
394,18,17634,6
394,19,17354,167
394,20,30932,31
394,21,15075,99
394,22,18015,39
394,23,10235,3
394,24,16674,131
394,25,33791,2
394,26,12770,9414
394,27,32197,278
394,28,2289,12
394,29,15803,39
394,30,22228,3
394,31,18053,1
394,32,21633,4
394,33,4298,9182
394,34,15919,8554
394,35,13392,2
394,36,9088,8214
394,37,5233,121
394,38,26820,257
394,39,32203,363
394,40,36384,402
394,41,24046,2
394,42,29719,10
394,43,20138,2
394,44,33987,189
394,45,36230,900
394,46,29032,6
394,47,35395,780
394,48,7249,3
394,49,36138,1
394,50,26253,3
394,51,30862,7
394,52,28460,3
394,53,25477,3
394,54,20090,63
394,55,3835,828
394,56,21243,19
394,57,11621,13
394,58,12579,17
394,59,48,11
394,60,21475,1
394,61,33091,24
394,62,35448,85
394,63,27742,3
394,64,29524,5
394,65,32944,538
394,66,4431,1062
394,67,39999,362
394,68,18495,2
394,69,39775,164
394,70,29408,92
394,71,18478,17
394,72,11109,9318
394,73,17481,73
394,74,27497,3
394,75,418,820
394,76,8843,43
394,77,26816,209
394,78,4018,1221
394,79,9288,1
394,80,10186,89
394,81,18196,2
394,82,2155,8473
394,83,14781,30
394,84,23811,593
394,85,36572,877
394,86,21297,7
394,87,22373,1
394,88,32943,522
394,89,14882,7492
394,90,24879,1
394,91,23403,13
394,92,15828,4
394,93,32621,254
394,94,31521,16
394,95,21461,2
394,96,29523,3
394,97,4203,415
394,98,33908,22
394,99,27714,3
398,0,9404,1
398,1,15043,1
398,2,13339,1
398,3,20680,1
398,4,19754,1
398,5,8618,1
398,6,365,1
398,7,30204,42
398,8,10978,1
398,9,28294,1
398,10,22158,1
398,11,10149,1
398,12,11910,1
398,13,5972,107
398,14,18555,1
398,15,7657,30
398,16,1172,2
398,17,36195,1
398,18,23055,1
398,19,33181,1
398,20,15863,1
398,21,29556,105
398,22,33513,14
398,23,2492,3
398,24,8762,1
398,25,20235,1
398,26,12652,1
398,27,26690,1
398,28,20567,1
398,29,12821,0
398,30,39713,1
398,31,8491,1
398,32,1390,4
398,33,14773,1
398,34,22263,1
398,35,38467,2492
398,36,27345,1
398,37,14957,1
398,38,38314,1
398,39,33002,86
398,40,33852,2815
398,41,4837,3
398,42,21760,1
398,43,14758,1
398,44,6050,1
398,45,23835,1
398,46,1264,24
398,47,4901,2
398,48,16802,599
398,49,6376,1
398,50,29726,1
398,51,333,1
398,52,9496,2
398,53,14059,1
398,54,8705,1
398,55,26050,1
398,56,12944,1
398,57,1940,1
398,58,26022,1
398,59,32948,29
398,60,33622,2
398,61,18191,1
398,62,24269,14
398,63,8737,1
398,64,25577,1
398,65,3914,1
398,66,22257,1
398,67,11182,1
398,68,4174,1
398,69,33765,5
398,70,26598,1
398,71,24350,220
398,72,1152,2
398,73,38453,3060
398,74,2330,3
398,75,17388,1
398,76,28421,1
398,77,35445,2131
398,78,26429,1
398,79,34891,20
398,80,3163,71
398,81,25355,1
398,82,21949,4
398,83,26936,450
398,84,6481,2
398,85,16946,1
398,86,35306,3
398,87,184,1
398,88,9075,1315
398,89,33160,65
398,90,18105,1
398,91,4339,1
398,92,10654,1
398,93,13750,1
398,94,12068,39
398,95,6573,1
398,96,6449,1
398,97,1719,1
398,98,4526,1
398,99,12125,1
397,0,32280,1
397,1,38259,1
397,2,11146,1
397,3,22278,1
397,4,5620,1
397,5,13820,1
397,6,30193,1
397,7,13444,1
397,8,31109,1
397,9,14973,1
397,10,12281,1
397,11,27536,1
397,12,26793,1
397,13,34269,1
397,14,21955,1
397,15,28475,4008
397,16,7697,1
397,17,35410,1
397,18,17121,1
397,19,24140,1
397,20,14562,1
397,21,28593,1
397,22,4225,1
397,23,37596,1
397,24,19179,1
397,25,10979,1
397,26,14388,1
397,27,26209,1
397,28,32452,1
397,29,8760,1
397,30,3738,1
397,31,21319,1
397,32,24383,1
397,33,16277,1
397,34,25196,1
397,35,39098,1
397,36,1038,1
397,37,33161,1
397,38,26022,1
397,39,33601,1
397,40,2865,1
397,41,1342,1
397,42,4879,1
397,43,30724,1
397,44,4185,1
397,45,18187,1
397,46,21350,1
397,47,23854,1
397,48,23966,1
397,49,4966,1
397,50,21419,1
397,51,14701,1
397,52,5274,1
397,53,10935,1
397,54,38343,1
397,55,20886,1
397,56,8544,1
397,57,13767,1
397,58,6104,1
397,59,358,1
397,60,10908,1
397,61,24279,1
397,62,4061,1
397,63,6308,1
397,64,34441,1
397,65,23054,1
397,66,5627,1
397,67,5922,1
397,68,14345,1
397,69,38346,1
397,70,2666,1
397,71,16929,1
397,72,3684,1
397,73,9623,1
397,74,30719,1
397,75,25556,1
397,76,3104,1
397,77,14653,1
397,78,2326,1
397,79,22269,1
397,80,6072,1
397,81,17075,1
397,82,38619,1
397,83,16052,1
397,84,32573,1
397,85,24050,1
397,86,33077,1
397,87,33542,1
397,88,12998,1
397,89,20517,1
397,90,33936,1
397,91,22778,1
397,92,23125,1
397,93,27772,1
397,94,17478,1
397,95,37231,1
397,96,31880,1
397,97,29856,1
397,98,10666,1
397,99,8609,1
396,0,24655,1
396,1,19619,1
396,2,37328,1
396,3,8412,2094
396,4,24880,1
396,5,39969,1
396,6,20250,1
396,7,20247,1
396,8,13498,1
396,9,6080,1
396,10,13141,1
396,11,21741,1
396,12,33949,1
396,13,23621,1
396,14,7488,1
396,15,36085,0
396,16,32189,1
396,17,35672,0
396,18,5766,1
396,19,39271,0
396,20,28329,1
396,21,16796,1
396,22,3086,0
396,23,444,1
396,24,1158,1
396,25,15280,1
396,26,12593,1
396,27,27585,1
396,28,29706,1
396,29,11330,1
396,30,26631,1
396,31,3710,1
396,32,31268,1
396,33,3659,1
396,34,25434,1
396,35,11005,1
396,36,36473,1
396,37,1642,1
396,38,2236,2949
396,39,33401,1
396,40,10762,1
396,41,13409,2428
396,42,35957,1
396,43,12069,1
396,44,30257,1
396,45,21286,1
396,46,29204,1
396,47,33301,1
396,48,21578,1
396,49,33319,1
396,50,9638,1
396,51,23245,1
396,52,20015,1
396,53,26526,1
396,54,3013,1923
396,55,33509,1
396,56,8795,188
396,57,35276,1
396,58,12744,1
396,59,11221,2093
396,60,16048,1
396,61,8917,1
396,62,38680,0
396,63,22883,1
396,64,7251,1
396,65,31223,1
396,66,11170,1
396,67,33126,1
396,68,38837,1
396,69,12584,1
396,70,25192,1
396,71,7285,1
396,72,16173,1
396,73,7116,1
396,74,7923,618
396,75,24049,1
396,76,38209,249
396,77,21584,1
396,78,35811,1
396,79,27692,1
396,80,19652,1
396,81,5286,1
396,82,31846,1
396,83,33013,1
396,84,35993,1
396,85,10781,1
396,86,20487,1
396,87,9090,1
396,88,789,2728
396,89,25947,1
396,90,16542,0
396,91,16632,1
396,92,4419,2439
396,93,24314,1
396,94,2342,1
396,95,2777,1
396,96,36737,1
396,97,20477,1
396,98,9835,1
396,99,24330,1
399,0,17029,1
399,1,37331,1
399,2,23509,1
399,3,34546,1
399,4,4141,1
399,5,22470,1
399,6,10307,1
399,7,23402,1
399,8,32238,1
399,9,37187,1616
399,10,17650,1
399,11,15945,3517
399,12,4754,1874
399,13,16621,1
399,14,33021,1
399,15,3695,1
399,16,16680,650
399,17,35933,1
399,18,34410,24
399,19,14402,1
399,20,2096,1
399,21,1352,1
399,22,38300,1
399,23,39644,1
399,24,23136,0
399,25,15933,64
399,26,14447,1
399,27,25314,1
399,28,23313,1
399,29,10251,1
399,30,13172,1
399,31,26100,1
399,32,38153,1
399,33,31040,1
399,34,22025,1
399,35,26560,1
399,36,31909,1
399,37,10124,1
399,38,18451,1
399,39,33201,2061
399,40,22307,1
399,41,29123,1
399,42,30682,1
399,43,33414,1548
399,44,16330,1
399,45,24385,1
399,46,33410,1508
399,47,39101,1
399,48,19190,1
399,49,21671,1
399,50,1506,1
399,51,31789,3
399,52,34756,1
399,53,38468,1
399,54,4035,5
399,55,9779,3916
399,56,12694,3
399,57,16784,325
399,58,19383,158
399,59,22084,1
399,60,24835,8
399,61,33554,1
399,62,29651,1
399,63,35810,1538
399,64,16414,1
399,65,35745,2
399,66,16714,1
399,67,23978,0
399,68,23329,1
399,69,23175,1
399,70,4071,1
399,71,33993,1424
399,72,28663,1
399,73,961,1
399,74,25126,1
399,75,18895,201
399,76,33315,1
399,77,28515,1
399,78,29296,1
399,79,29468,1
399,80,29584,1
399,81,33496,1
399,82,28722,1
399,83,9975,5180
399,84,39413,1641
399,85,33863,19
399,86,7897,1
399,87,24637,1
399,88,24932,1
399,89,31378,40
399,90,35500,1
399,91,10486,1
399,92,29360,1
399,93,17208,1
399,94,27205,1
399,95,4675,1
399,96,1593,1
399,97,11098,102
399,98,5357,183
399,99,36404,1900
